22:12:26 | INFO: Data are loaded, start creating Blender stuff
22:12:26 | INFO: Blender create Mesh node Mesh1
22:12:26 | INFO: Blender create Mesh node Mesh2
22:12:26 | INFO: Blender create Mesh node Mesh3
22:12:26 | INFO: Blender create Mesh node Mesh4
22:12:26 | INFO: Blender create Mesh node Mesh5
22:12:26 | INFO: Blender create Mesh node Mesh6
22:12:26 | INFO: Blender create Mesh node Mesh7
22:12:26 | INFO: Blender create Mesh node Mesh8
22:12:26 | INFO: Blender create Mesh node Mesh9
22:12:26 | INFO: Blender create Mesh node Mesh10
22:12:26 | INFO: Blender create Mesh node Mesh11
22:12:26 | INFO: Blender create Mesh node Mesh12
22:12:26 | INFO: Blender create Mesh node Mesh13
22:12:26 | INFO: Blender create Mesh node Mesh14
22:12:26 | INFO: Blender create Mesh node Mesh15
22:12:26 | INFO: Blender create Mesh node Mesh16
22:12:26 | INFO: Blender create Mesh node Mesh17
22:12:26 | INFO: Blender create Mesh node Mesh18
22:12:26 | INFO: Blender create Mesh node Mesh19
22:12:26 | INFO: Blender create Mesh node Mesh20
22:12:26 | INFO: Blender create Mesh node Mesh21
22:12:26 | INFO: Blender create Mesh node Mesh22
22:12:26 | INFO: Blender create Mesh node Mesh23
22:12:26 | INFO: Blender create Mesh node Mesh24
22:12:26 | INFO: Blender create Mesh node Mesh25
22:12:26 | INFO: Blender create Mesh node Mesh26
22:12:26 | INFO: Blender create Mesh node Mesh27
22:12:26 | INFO: Blender create Mesh node Mesh28
22:12:26 | INFO: Blender create Mesh node Mesh29
22:12:26 | INFO: Blender create Mesh node Mesh30
22:12:26 | INFO: Blender create Mesh node Mesh31
22:12:26 | INFO: Blender create Mesh node Mesh32
22:12:26 | INFO: Blender create Mesh node Mesh33
22:12:26 | INFO: Blender create Mesh node Mesh34
22:12:26 | INFO: Blender create Mesh node Mesh35
22:12:26 | INFO: Blender create Mesh node Mesh36
22:12:26 | INFO: Blender create Mesh node Mesh37
22:12:26 | INFO: Blender create Mesh node Mesh38
22:12:26 | INFO: Blender create Mesh node Mesh39
22:12:26 | INFO: Blender create Mesh node Mesh40
22:12:26 | INFO: Blender create Mesh node Mesh41
22:12:26 | INFO: Blender create Mesh node Mesh42
22:12:26 | INFO: Blender create Mesh node Mesh43
22:12:26 | INFO: Blender create Mesh node Mesh44
22:12:26 | INFO: Blender create Mesh node Mesh45
22:12:26 | INFO: Blender create Mesh node Mesh46
22:12:26 | INFO: Blender create Mesh node Mesh47
22:12:26 | INFO: Blender create Mesh node Mesh48
22:12:26 | INFO: Blender create Mesh node Mesh49
22:12:26 | INFO: Blender create Mesh node Mesh50
22:12:26 | INFO: Blender create Mesh node Mesh51
22:12:26 | INFO: Blender create Mesh node Mesh52
22:12:26 | INFO: Blender create Mesh node Mesh53
22:12:26 | INFO: Blender create Mesh node Mesh54
22:12:26 | INFO: Blender create Mesh node Mesh55
22:12:26 | INFO: Blender create Mesh node Mesh56
22:12:26 | INFO: Blender create Mesh node Mesh57
22:12:26 | INFO: Blender create Mesh node Mesh58
22:12:26 | INFO: Blender create Mesh node Mesh59
22:12:26 | INFO: Blender create Mesh node Mesh60
22:12:26 | INFO: Blender create Mesh node Mesh61
22:12:26 | INFO: Blender create Mesh node Mesh62
22:12:26 | INFO: Blender create Mesh node Mesh63
22:12:26 | INFO: Blender create Mesh node Mesh64
22:12:26 | INFO: Blender create Mesh node Mesh65
22:12:26 | INFO: Blender create Mesh node Mesh66
22:12:26 | INFO: Blender create Mesh node Mesh67
22:12:26 | INFO: Blender create Mesh node Mesh68
22:12:26 | INFO: Blender create Mesh node Mesh69
22:12:26 | INFO: Blender create Mesh node Mesh70
22:12:26 | INFO: Blender create Mesh node Mesh71
22:12:26 | INFO: Blender create Mesh node Mesh72
22:12:26 | INFO: Blender create Mesh node Mesh73
22:12:26 | INFO: Blender create Mesh node Mesh74
22:12:26 | INFO: Blender create Mesh node Mesh75
22:12:26 | INFO: Blender create Mesh node Mesh76
22:12:26 | INFO: Blender create Mesh node Mesh77
22:12:26 | INFO: Blender create Mesh node Mesh78
22:12:26 | INFO: Blender create Mesh node Mesh79
22:12:26 | INFO: Blender create Mesh node Mesh80
22:12:26 | INFO: Blender create Mesh node Mesh81
22:12:26 | INFO: Blender create Mesh node Mesh82
22:12:26 | INFO: Blender create Mesh node Mesh83
22:12:26 | INFO: Blender create Mesh node Mesh84
22:12:26 | INFO: Blender create Mesh node Mesh85
22:12:26 | INFO: Blender create Mesh node Mesh86
22:12:26 | INFO: Blender create Mesh node Mesh87
22:12:26 | INFO: Blender create Mesh node Mesh88
22:12:26 | INFO: Blender create Mesh node Mesh89
22:12:26 | INFO: Blender create Mesh node Mesh90
22:12:26 | INFO: Blender create Mesh node Mesh91
22:12:26 | INFO: Blender create Mesh node Mesh92
22:12:26 | INFO: Blender create Mesh node Mesh93
22:12:26 | INFO: Blender create Mesh node Mesh94
22:12:26 | INFO: Blender create Mesh node Mesh95
22:12:26 | INFO: Blender create Mesh node Mesh96
22:12:26 | INFO: Blender create Mesh node Mesh97
22:12:26 | INFO: Blender create Mesh node Mesh98
22:12:26 | INFO: Blender create Mesh node Mesh99
22:12:26 | INFO: Blender create Mesh node Mesh100
22:12:26 | INFO: Blender create Mesh node Mesh101
22:12:26 | INFO: Blender create Mesh node Mesh102
22:12:26 | INFO: Blender create Mesh node Mesh103
22:12:26 | INFO: Blender create Mesh node Mesh104
22:12:26 | INFO: Blender create Mesh node Mesh105
22:12:26 | INFO: Blender create Mesh node Mesh106
22:12:26 | INFO: Blender create Mesh node Mesh107
22:12:26 | INFO: Blender create Mesh node Mesh108
22:12:26 | INFO: Blender create Mesh node Mesh109
22:12:26 | INFO: Blender create Mesh node Mesh110
22:12:26 | INFO: Blender create Mesh node Mesh111
22:12:26 | INFO: Blender create Mesh node Mesh112
22:12:26 | INFO: Blender create Mesh node Mesh113
22:12:26 | INFO: Blender create Mesh node Mesh114
22:12:26 | INFO: Blender create Mesh node Mesh115
22:12:26 | INFO: Blender create Mesh node Mesh116
22:12:26 | INFO: Blender create Mesh node Mesh117
22:12:26 | INFO: Blender create Mesh node Mesh118
22:12:26 | INFO: Blender create Mesh node Mesh119
22:12:26 | INFO: Blender create Mesh node Mesh120
22:12:26 | INFO: Blender create Mesh node Mesh121
22:12:26 | INFO: Blender create Mesh node Mesh122
22:12:26 | INFO: Blender create Mesh node Mesh123
22:12:26 | INFO: Blender create Mesh node Mesh124
22:12:26 | INFO: Blender create Mesh node Mesh125
22:12:26 | INFO: Blender create Mesh node Mesh126
22:12:26 | INFO: Blender create Mesh node Mesh127
22:12:26 | INFO: Blender create Mesh node Mesh128
22:12:26 | INFO: Blender create Mesh node Mesh129
22:12:26 | INFO: Blender create Mesh node Mesh130
22:12:26 | INFO: Blender create Mesh node Mesh131
22:12:26 | INFO: Blender create Mesh node Mesh132
22:12:26 | INFO: Blender create Mesh node Mesh133
22:12:26 | INFO: Blender create Mesh node Mesh134
22:12:26 | INFO: Blender create Mesh node Mesh135
22:12:26 | INFO: Blender create Mesh node Mesh136
22:12:26 | INFO: Blender create Mesh node Mesh137
22:12:26 | INFO: Blender create Mesh node Mesh138
22:12:26 | INFO: Blender create Mesh node Mesh139
22:12:26 | INFO: Blender create Mesh node Mesh140
22:12:26 | INFO: Blender create Mesh node Mesh141
22:12:26 | INFO: Blender create Mesh node Mesh142
22:12:26 | INFO: Blender create Mesh node Mesh143
22:12:26 | INFO: Blender create Mesh node Mesh144
22:12:26 | INFO: Blender create Mesh node Mesh145
22:12:26 | INFO: Blender create Mesh node Mesh146
22:12:26 | INFO: Blender create Mesh node Mesh147
22:12:26 | INFO: Blender create Mesh node Mesh148
22:12:26 | INFO: Blender create Mesh node Mesh149
22:12:26 | INFO: Blender create Mesh node Mesh150
22:12:26 | INFO: Blender create Mesh node Mesh151
22:12:26 | INFO: Blender create Mesh node Mesh152
22:12:26 | INFO: Blender create Mesh node Mesh153
22:12:26 | INFO: Blender create Mesh node Mesh154
22:12:26 | INFO: Blender create Mesh node Mesh155
22:12:26 | INFO: Blender create Mesh node Mesh156
22:12:26 | INFO: Blender create Mesh node Mesh157
22:12:26 | INFO: Blender create Mesh node Mesh158
22:12:26 | INFO: Blender create Mesh node Mesh159
22:12:26 | INFO: Blender create Mesh node Mesh160
22:12:26 | INFO: Blender create Mesh node Mesh161
22:12:26 | INFO: Blender create Mesh node Mesh162
22:12:26 | INFO: Blender create Mesh node Mesh163
22:12:26 | INFO: Blender create Mesh node Mesh164
22:12:26 | INFO: Blender create Mesh node Mesh165
22:12:26 | INFO: Blender create Mesh node Mesh166
22:12:26 | INFO: Blender create Mesh node Mesh167
22:12:26 | INFO: Blender create Mesh node Mesh168
22:12:26 | INFO: glTF import finished in 0.24s
22:13:01 | INFO: Starting glTF 2.0 export
22:13:01 | INFO: Extracting primitive: Mesh9
22:13:01 | INFO: Primitives created: 1
22:13:01 | INFO: Extracting primitive: Mesh10
22:13:01 | INFO: Primitives created: 1
22:13:01 | INFO: Extracting primitive: Mesh11
22:13:01 | INFO: Primitives created: 1
22:13:01 | INFO: Extracting primitive: Mesh12
22:13:01 | INFO: Primitives created: 1
22:13:01 | INFO: Extracting primitive: Mesh13
22:13:01 | INFO: Primitives created: 1
22:13:01 | INFO: Extracting primitive: Mesh14
22:13:01 | INFO: Primitives created: 1
22:13:01 | INFO: Extracting primitive: Mesh15
22:13:01 | INFO: Primitives created: 1
22:13:01 | INFO: Extracting primitive: Mesh16
22:13:01 | INFO: Primitives created: 1
22:13:01 | INFO: Extracting primitive: Mesh153
22:13:01 | INFO: Primitives created: 1
22:13:01 | INFO: Extracting primitive: Mesh154
22:13:01 | INFO: Primitives created: 1
22:13:01 | INFO: Extracting primitive: Mesh155
22:13:01 | INFO: Primitives created: 1
22:13:01 | INFO: Extracting primitive: Mesh156
22:13:01 | INFO: Primitives created: 1
22:13:01 | INFO: Extracting primitive: Mesh157
22:13:01 | INFO: Primitives created: 1
22:13:01 | INFO: Extracting primitive: Mesh158
22:13:01 | INFO: Primitives created: 1
22:13:01 | INFO: Extracting primitive: Mesh159
22:13:01 | INFO: Primitives created: 1
22:13:01 | INFO: Extracting primitive: Mesh160
22:13:01 | INFO: Primitives created: 1
22:13:01 | INFO: Extracting primitive: Mesh161
22:13:01 | INFO: Primitives created: 1
22:13:01 | INFO: Extracting primitive: Mesh162
22:13:01 | INFO: Primitives created: 1
22:13:01 | INFO: Extracting primitive: Mesh163
22:13:01 | INFO: Primitives created: 1
22:13:01 | INFO: Extracting primitive: Mesh164
22:13:01 | INFO: Primitives created: 1
22:13:01 | INFO: Extracting primitive: Mesh165
22:13:01 | INFO: Primitives created: 1
22:13:01 | INFO: Extracting primitive: Mesh166
22:13:01 | INFO: Primitives created: 1
22:13:01 | INFO: Extracting primitive: Mesh167
22:13:01 | INFO: Primitives created: 1
22:13:01 | INFO: Extracting primitive: Mesh168
22:13:01 | INFO: Primitives created: 1
22:13:01 | INFO: Extracting primitive: Mesh8
22:13:01 | INFO: Primitives created: 1
22:13:01 | INFO: Extracting primitive: Mesh1
22:13:01 | INFO: Primitives created: 1
22:13:01 | INFO: Extracting primitive: Mesh2
22:13:01 | INFO: Primitives created: 1
22:13:01 | INFO: Extracting primitive: Mesh3
22:13:01 | INFO: Primitives created: 1
22:13:01 | INFO: Extracting primitive: Mesh4
22:13:01 | INFO: Primitives created: 1
22:13:01 | INFO: Extracting primitive: Mesh5
22:13:01 | INFO: Primitives created: 1
22:13:01 | INFO: Extracting primitive: Mesh6
22:13:01 | INFO: Primitives created: 1
22:13:01 | INFO: Extracting primitive: Mesh7
22:13:01 | INFO: Primitives created: 1
22:13:01 | INFO: Extracting primitive: Mesh88
22:13:01 | INFO: Primitives created: 1
22:13:01 | INFO: Extracting primitive: Mesh89
22:13:01 | INFO: Primitives created: 1
22:13:01 | INFO: Extracting primitive: Mesh90
22:13:01 | INFO: Primitives created: 1
22:13:01 | INFO: Extracting primitive: Mesh91
22:13:01 | INFO: Primitives created: 1
22:13:01 | INFO: Extracting primitive: Mesh92
22:13:01 | INFO: Primitives created: 1
22:13:01 | INFO: Extracting primitive: Mesh93
22:13:01 | INFO: Primitives created: 1
22:13:01 | INFO: Extracting primitive: Mesh94
22:13:01 | INFO: Primitives created: 1
22:13:01 | INFO: Extracting primitive: Mesh95
22:13:01 | INFO: Primitives created: 1
22:13:01 | INFO: Extracting primitive: Mesh96
22:13:01 | INFO: Primitives created: 1
22:13:01 | INFO: Extracting primitive: Mesh97
22:13:01 | INFO: Primitives created: 1
22:13:01 | INFO: Extracting primitive: Mesh98
22:13:01 | INFO: Primitives created: 1
22:13:01 | INFO: Extracting primitive: Mesh99
22:13:01 | INFO: Primitives created: 1
22:13:01 | INFO: Extracting primitive: Mesh100
22:13:01 | INFO: Primitives created: 1
22:13:01 | INFO: Extracting primitive: Mesh101
22:13:01 | INFO: Primitives created: 1
22:13:01 | INFO: Extracting primitive: Mesh102
22:13:01 | INFO: Primitives created: 1
22:13:01 | INFO: Extracting primitive: Mesh103
22:13:01 | INFO: Primitives created: 1
22:13:01 | INFO: Extracting primitive: Mesh104
22:13:01 | INFO: Primitives created: 1
22:13:01 | INFO: Extracting primitive: Mesh105
22:13:01 | INFO: Primitives created: 1
22:13:01 | INFO: Extracting primitive: Mesh106
22:13:01 | INFO: Primitives created: 1
22:13:01 | INFO: Extracting primitive: Mesh107
22:13:01 | INFO: Primitives created: 1
22:13:01 | INFO: Extracting primitive: Mesh108
22:13:01 | INFO: Primitives created: 1
22:13:01 | INFO: Extracting primitive: Mesh109
22:13:01 | INFO: Primitives created: 1
22:13:01 | INFO: Extracting primitive: Mesh110
22:13:01 | INFO: Primitives created: 1
22:13:01 | INFO: Extracting primitive: Mesh111
22:13:01 | INFO: Primitives created: 1
22:13:01 | INFO: Extracting primitive: Mesh112
22:13:01 | INFO: Primitives created: 1
22:13:01 | INFO: Extracting primitive: Mesh113
22:13:01 | INFO: Primitives created: 1
22:13:01 | INFO: Extracting primitive: Mesh114
22:13:01 | INFO: Primitives created: 1
22:13:01 | INFO: Extracting primitive: Mesh115
22:13:01 | INFO: Primitives created: 1
22:13:01 | INFO: Extracting primitive: Mesh116
22:13:01 | INFO: Primitives created: 1
22:13:01 | INFO: Extracting primitive: Mesh117
22:13:01 | INFO: Primitives created: 1
22:13:01 | INFO: Extracting primitive: Mesh118
22:13:01 | INFO: Primitives created: 1
22:13:01 | INFO: Extracting primitive: Mesh119
22:13:01 | INFO: Primitives created: 1
22:13:01 | INFO: Extracting primitive: Mesh120
22:13:01 | INFO: Primitives created: 1
22:13:01 | INFO: Extracting primitive: Mesh121
22:13:01 | INFO: Primitives created: 1
22:13:01 | INFO: Extracting primitive: Mesh122
22:13:01 | INFO: Primitives created: 1
22:13:01 | INFO: Extracting primitive: Mesh123
22:13:01 | INFO: Primitives created: 1
22:13:01 | INFO: Extracting primitive: Mesh124
22:13:01 | INFO: Primitives created: 1
22:13:01 | INFO: Extracting primitive: Mesh125
22:13:01 | INFO: Primitives created: 1
22:13:01 | INFO: Extracting primitive: Mesh126
22:13:01 | INFO: Primitives created: 1
22:13:01 | INFO: Extracting primitive: Mesh127
22:13:01 | INFO: Primitives created: 1
22:13:01 | INFO: Extracting primitive: Mesh128
22:13:01 | INFO: Primitives created: 1
22:13:01 | INFO: Extracting primitive: Mesh129
22:13:01 | INFO: Primitives created: 1
22:13:01 | INFO: Extracting primitive: Mesh130
22:13:01 | INFO: Primitives created: 1
22:13:01 | INFO: Extracting primitive: Mesh131
22:13:01 | INFO: Primitives created: 1
22:13:01 | INFO: Extracting primitive: Mesh132
22:13:01 | INFO: Primitives created: 1
22:13:01 | INFO: Extracting primitive: Mesh133
22:13:01 | INFO: Primitives created: 1
22:13:01 | INFO: Extracting primitive: Mesh134
22:13:01 | INFO: Primitives created: 1
22:13:01 | INFO: Extracting primitive: Mesh135
22:13:01 | INFO: Primitives created: 1
22:13:01 | INFO: Extracting primitive: Mesh136
22:13:01 | INFO: Primitives created: 1
22:13:01 | INFO: Extracting primitive: Mesh137
22:13:01 | INFO: Primitives created: 1
22:13:01 | INFO: Extracting primitive: Mesh138
22:13:01 | INFO: Primitives created: 1
22:13:01 | INFO: Extracting primitive: Mesh139
22:13:01 | INFO: Primitives created: 1
22:13:01 | INFO: Extracting primitive: Mesh140
22:13:01 | INFO: Primitives created: 1
22:13:01 | INFO: Extracting primitive: Mesh141
22:13:01 | INFO: Primitives created: 1
22:13:01 | INFO: Extracting primitive: Mesh142
22:13:01 | INFO: Primitives created: 1
22:13:01 | INFO: Extracting primitive: Mesh143
22:13:01 | INFO: Primitives created: 1
22:13:01 | INFO: Extracting primitive: Mesh144
22:13:01 | INFO: Primitives created: 1
22:13:01 | INFO: Extracting primitive: Mesh145
22:13:01 | INFO: Primitives created: 1
22:13:01 | INFO: Extracting primitive: Mesh146
22:13:01 | INFO: Primitives created: 1
22:13:01 | INFO: Extracting primitive: Mesh147
22:13:01 | INFO: Primitives created: 1
22:13:01 | INFO: Extracting primitive: Mesh148
22:13:01 | INFO: Primitives created: 1
22:13:01 | INFO: Extracting primitive: Mesh149
22:13:01 | INFO: Primitives created: 1
22:13:01 | INFO: Extracting primitive: Mesh150
22:13:01 | INFO: Primitives created: 1
22:13:01 | INFO: Extracting primitive: Mesh151
22:13:01 | INFO: Primitives created: 1
22:13:01 | INFO: Extracting primitive: Mesh152
22:13:01 | INFO: Primitives created: 1
22:13:01 | INFO: Extracting primitive: Mesh17
22:13:01 | INFO: Primitives created: 1
22:13:01 | INFO: Extracting primitive: Mesh18
22:13:01 | INFO: Primitives created: 1
22:13:01 | INFO: Extracting primitive: Mesh19
22:13:01 | INFO: Primitives created: 1
22:13:01 | INFO: Extracting primitive: Mesh20
22:13:01 | INFO: Primitives created: 1
22:13:01 | INFO: Extracting primitive: Mesh21
22:13:01 | INFO: Primitives created: 1
22:13:01 | INFO: Extracting primitive: Mesh22
22:13:01 | INFO: Primitives created: 1
22:13:01 | INFO: Extracting primitive: Mesh23
22:13:01 | INFO: Primitives created: 1
22:13:01 | INFO: Extracting primitive: Mesh24
22:13:01 | INFO: Primitives created: 1
22:13:01 | INFO: Extracting primitive: Mesh25
22:13:01 | INFO: Primitives created: 1
22:13:01 | INFO: Extracting primitive: Mesh26
22:13:01 | INFO: Primitives created: 1
22:13:01 | INFO: Extracting primitive: Mesh27
22:13:01 | INFO: Primitives created: 1
22:13:01 | INFO: Extracting primitive: Mesh28
22:13:01 | INFO: Primitives created: 1
22:13:01 | INFO: Extracting primitive: Mesh29
22:13:01 | INFO: Primitives created: 1
22:13:01 | INFO: Extracting primitive: Mesh30
22:13:01 | INFO: Primitives created: 1
22:13:01 | INFO: Extracting primitive: Mesh31
22:13:01 | INFO: Primitives created: 1
22:13:01 | INFO: Extracting primitive: Mesh32
22:13:01 | INFO: Primitives created: 1
22:13:01 | INFO: Extracting primitive: Mesh33
22:13:01 | INFO: Primitives created: 1
22:13:01 | INFO: Extracting primitive: Mesh34
22:13:01 | INFO: Primitives created: 1
22:13:01 | INFO: Extracting primitive: Mesh35
22:13:01 | INFO: Primitives created: 1
22:13:01 | INFO: Extracting primitive: Mesh36
22:13:01 | INFO: Primitives created: 1
22:13:01 | INFO: Extracting primitive: Mesh37
22:13:01 | INFO: Primitives created: 1
22:13:01 | INFO: Extracting primitive: Mesh38
22:13:01 | INFO: Primitives created: 1
22:13:01 | INFO: Extracting primitive: Mesh39
22:13:01 | INFO: Primitives created: 1
22:13:01 | INFO: Extracting primitive: Mesh40
22:13:01 | INFO: Primitives created: 1
22:13:01 | INFO: Extracting primitive: Mesh41
22:13:01 | INFO: Primitives created: 1
22:13:01 | INFO: Extracting primitive: Mesh42
22:13:01 | INFO: Primitives created: 1
22:13:01 | INFO: Extracting primitive: Mesh43
22:13:01 | INFO: Primitives created: 1
22:13:01 | INFO: Extracting primitive: Mesh44
22:13:01 | INFO: Primitives created: 1
22:13:01 | INFO: Extracting primitive: Mesh45
22:13:01 | INFO: Primitives created: 1
22:13:01 | INFO: Extracting primitive: Mesh46
22:13:01 | INFO: Primitives created: 1
22:13:01 | INFO: Extracting primitive: Mesh47
22:13:01 | INFO: Primitives created: 1
22:13:01 | INFO: Extracting primitive: Mesh48
22:13:01 | INFO: Primitives created: 1
22:13:01 | INFO: Extracting primitive: Mesh49
22:13:01 | INFO: Primitives created: 1
22:13:01 | INFO: Extracting primitive: Mesh50
22:13:01 | INFO: Primitives created: 1
22:13:01 | INFO: Extracting primitive: Mesh51
22:13:01 | INFO: Primitives created: 1
22:13:01 | INFO: Extracting primitive: Mesh52
22:13:01 | INFO: Primitives created: 1
22:13:01 | INFO: Extracting primitive: Mesh53
22:13:01 | INFO: Primitives created: 1
22:13:01 | INFO: Extracting primitive: Mesh54
22:13:01 | INFO: Primitives created: 1
22:13:01 | INFO: Extracting primitive: Mesh55
22:13:01 | INFO: Primitives created: 1
22:13:01 | INFO: Extracting primitive: Mesh56
22:13:01 | INFO: Primitives created: 1
22:13:01 | INFO: Extracting primitive: Mesh57
22:13:01 | INFO: Primitives created: 1
22:13:01 | INFO: Extracting primitive: Mesh58
22:13:01 | INFO: Primitives created: 1
22:13:01 | INFO: Extracting primitive: Mesh59
22:13:01 | INFO: Primitives created: 1
22:13:01 | INFO: Extracting primitive: Mesh60
22:13:01 | INFO: Primitives created: 1
22:13:01 | INFO: Extracting primitive: Mesh61
22:13:01 | INFO: Primitives created: 1
22:13:01 | INFO: Extracting primitive: Mesh62
22:13:01 | INFO: Primitives created: 1
22:13:01 | INFO: Extracting primitive: Mesh63
22:13:01 | INFO: Primitives created: 1
22:13:01 | INFO: Extracting primitive: Mesh64
22:13:01 | INFO: Primitives created: 1
22:13:01 | INFO: Extracting primitive: Mesh65
22:13:01 | INFO: Primitives created: 1
22:13:01 | INFO: Extracting primitive: Mesh66
22:13:01 | INFO: Primitives created: 1
22:13:01 | INFO: Extracting primitive: Mesh67
22:13:01 | INFO: Primitives created: 1
22:13:01 | INFO: Extracting primitive: Mesh68
22:13:01 | INFO: Primitives created: 1
22:13:01 | INFO: Extracting primitive: Mesh69
22:13:01 | INFO: Primitives created: 1
22:13:01 | INFO: Extracting primitive: Mesh70
22:13:01 | INFO: Primitives created: 1
22:13:01 | INFO: Extracting primitive: Mesh71
22:13:01 | INFO: Primitives created: 1
22:13:01 | INFO: Extracting primitive: Mesh72
22:13:01 | INFO: Primitives created: 1
22:13:01 | INFO: Extracting primitive: Mesh73
22:13:01 | INFO: Primitives created: 1
22:13:01 | INFO: Extracting primitive: Mesh74
22:13:01 | INFO: Primitives created: 1
22:13:01 | INFO: Extracting primitive: Mesh75
22:13:01 | INFO: Primitives created: 1
22:13:01 | INFO: Extracting primitive: Mesh76
22:13:01 | INFO: Primitives created: 1
22:13:01 | INFO: Extracting primitive: Mesh77
22:13:01 | INFO: Primitives created: 1
22:13:01 | INFO: Extracting primitive: Mesh78
22:13:01 | INFO: Primitives created: 1
22:13:01 | INFO: Extracting primitive: Mesh79
22:13:01 | INFO: Primitives created: 1
22:13:01 | INFO: Extracting primitive: Mesh80
22:13:01 | INFO: Primitives created: 1
22:13:01 | INFO: Extracting primitive: Mesh81
22:13:01 | INFO: Primitives created: 1
22:13:01 | INFO: Extracting primitive: Mesh82
22:13:01 | INFO: Primitives created: 1
22:13:01 | INFO: Extracting primitive: Mesh83
22:13:01 | INFO: Primitives created: 1
22:13:01 | INFO: Extracting primitive: Mesh84
22:13:01 | INFO: Primitives created: 1
22:13:01 | INFO: Extracting primitive: Mesh85
22:13:01 | INFO: Primitives created: 1
22:13:01 | INFO: Extracting primitive: Mesh86
22:13:01 | INFO: Primitives created: 1
22:13:01 | INFO: Extracting primitive: Mesh87
22:13:01 | INFO: Primitives created: 1
22:13:01 | INFO: Finished glTF 2.0 export in 0.3238186836242676 s
Blender 4.2.0 (hash a51f293548ad built 2024-07-16 06:27:02)
Fra:1 Mem:53.25M (Peak 53.25M) | Time:00:00.01 | Mem:0.00M, Peak:0.00M | Scene, ViewLayer | Synchronizing object | Mesh168
Fra:1 Mem:53.25M (Peak 53.25M) | Time:00:00.01 | Mem:0.00M, Peak:0.00M | Scene, ViewLayer | Synchronizing object | Mesh1
Fra:1 Mem:55.37M (Peak 55.37M) | Time:00:00.01 | Mem:0.00M, Peak:0.00M | Scene, ViewLayer | Synchronizing object | Mesh167
Fra:1 Mem:55.35M (Peak 55.37M) | Time:00:00.01 | Mem:0.00M, Peak:0.00M | Scene, ViewLayer | Synchronizing object | Mesh2
Fra:1 Mem:56.19M (Peak 56.47M) | Time:00:00.01 | Mem:0.00M, Peak:0.00M | Scene, ViewLayer | Synchronizing object | Mesh166
Fra:1 Mem:56.18M (Peak 56.47M) | Time:00:00.01 | Mem:0.00M, Peak:0.00M | Scene, ViewLayer | Synchronizing object | Mesh165
Fra:1 Mem:56.16M (Peak 56.47M) | Time:00:00.01 | Mem:0.00M, Peak:0.00M | Scene, ViewLayer | Synchronizing object | Mesh3
Fra:1 Mem:56.25M (Peak 56.47M) | Time:00:00.01 | Mem:0.00M, Peak:0.00M | Scene, ViewLayer | Synchronizing object | Mesh164
Fra:1 Mem:56.31M (Peak 56.47M) | Time:00:00.01 | Mem:0.00M, Peak:0.00M | Scene, ViewLayer | Synchronizing object | Mesh163
Fra:1 Mem:56.35M (Peak 56.47M) | Time:00:00.01 | Mem:0.00M, Peak:0.00M | Scene, ViewLayer | Synchronizing object | Mesh4
Fra:1 Mem:56.37M (Peak 56.47M) | Time:00:00.01 | Mem:0.00M, Peak:0.00M | Scene, ViewLayer | Synchronizing object | Mesh162
Fra:1 Mem:56.39M (Peak 56.47M) | Time:00:00.01 | Mem:0.00M, Peak:0.00M | Scene, ViewLayer | Synchronizing object | Mesh5
Fra:1 Mem:56.45M (Peak 56.47M) | Time:00:00.01 | Mem:0.00M, Peak:0.00M | Scene, ViewLayer | Synchronizing object | Mesh6
Fra:1 Mem:56.60M (Peak 56.60M) | Time:00:00.01 | Mem:0.00M, Peak:0.00M | Scene, ViewLayer | Synchronizing object | Mesh161
Fra:1 Mem:56.73M (Peak 56.73M) | Time:00:00.01 | Mem:0.00M, Peak:0.00M | Scene, ViewLayer | Synchronizing object | Mesh160
Fra:1 Mem:56.69M (Peak 56.73M) | Time:00:00.02 | Mem:0.00M, Peak:0.00M | Scene, ViewLayer | Synchronizing object | Mesh7
Fra:1 Mem:56.66M (Peak 56.73M) | Time:00:00.02 | Mem:0.00M, Peak:0.00M | Scene, ViewLayer | Synchronizing object | Mesh159
Fra:1 Mem:58.55M (Peak 58.62M) | Time:00:00.02 | Mem:0.00M, Peak:0.00M | Scene, ViewLayer | Synchronizing object | Mesh158
Fra:1 Mem:59.21M (Peak 59.21M) | Time:00:00.02 | Mem:0.00M, Peak:0.00M | Scene, ViewLayer | Synchronizing object | Mesh157
Fra:1 Mem:59.24M (Peak 59.24M) | Time:00:00.02 | Mem:0.00M, Peak:0.00M | Scene, ViewLayer | Synchronizing object | Mesh156
Fra:1 Mem:59.25M (Peak 59.25M) | Time:00:00.02 | Mem:0.00M, Peak:0.00M | Scene, ViewLayer | Synchronizing object | Mesh155
Fra:1 Mem:59.33M (Peak 59.33M) | Time:00:00.02 | Mem:0.00M, Peak:0.00M | Scene, ViewLayer | Synchronizing object | Mesh154
Fra:1 Mem:59.39M (Peak 59.39M) | Time:00:00.02 | Mem:0.00M, Peak:0.00M | Scene, ViewLayer | Synchronizing object | Mesh153
Fra:1 Mem:59.43M (Peak 59.43M) | Time:00:00.02 | Mem:0.00M, Peak:0.00M | Scene, ViewLayer | Synchronizing object | Mesh152
Fra:1 Mem:59.44M (Peak 59.44M) | Time:00:00.02 | Mem:0.00M, Peak:0.00M | Scene, ViewLayer | Synchronizing object | Mesh151
Fra:1 Mem:59.45M (Peak 59.45M) | Time:00:00.02 | Mem:0.00M, Peak:0.00M | Scene, ViewLayer | Synchronizing object | Mesh150
Fra:1 Mem:59.46M (Peak 59.46M) | Time:00:00.02 | Mem:0.00M, Peak:0.00M | Scene, ViewLayer | Synchronizing object | Mesh149
Fra:1 Mem:59.46M (Peak 59.46M) | Time:00:00.02 | Mem:0.00M, Peak:0.00M | Scene, ViewLayer | Synchronizing object | Mesh148
Fra:1 Mem:59.51M (Peak 59.51M) | Time:00:00.02 | Mem:0.00M, Peak:0.00M | Scene, ViewLayer | Synchronizing object | Mesh147
Fra:1 Mem:59.52M (Peak 59.52M) | Time:00:00.02 | Mem:0.00M, Peak:0.00M | Scene, ViewLayer | Synchronizing object | Mesh146
Fra:1 Mem:59.53M (Peak 59.53M) | Time:00:00.02 | Mem:0.00M, Peak:0.00M | Scene, ViewLayer | Synchronizing object | Mesh145
Fra:1 Mem:59.53M (Peak 59.53M) | Time:00:00.02 | Mem:0.00M, Peak:0.00M | Scene, ViewLayer | Synchronizing object | Mesh144
Fra:1 Mem:59.54M (Peak 59.54M) | Time:00:00.02 | Mem:0.00M, Peak:0.00M | Scene, ViewLayer | Synchronizing object | Mesh143
Fra:1 Mem:59.54M (Peak 59.54M) | Time:00:00.02 | Mem:0.00M, Peak:0.00M | Scene, ViewLayer | Synchronizing object | Mesh142
Fra:1 Mem:59.61M (Peak 59.61M) | Time:00:00.02 | Mem:0.00M, Peak:0.00M | Scene, ViewLayer | Synchronizing object | Mesh141
Fra:1 Mem:59.64M (Peak 59.64M) | Time:00:00.02 | Mem:0.00M, Peak:0.00M | Scene, ViewLayer | Synchronizing object | Mesh140
Fra:1 Mem:59.70M (Peak 59.70M) | Time:00:00.02 | Mem:0.00M, Peak:0.00M | Scene, ViewLayer | Synchronizing object | Mesh139
Fra:1 Mem:59.71M (Peak 59.71M) | Time:00:00.02 | Mem:0.00M, Peak:0.00M | Scene, ViewLayer | Synchronizing object | Mesh138
Fra:1 Mem:59.76M (Peak 59.76M) | Time:00:00.02 | Mem:0.00M, Peak:0.00M | Scene, ViewLayer | Synchronizing object | Mesh137
Fra:1 Mem:59.58M (Peak 59.76M) | Time:00:00.02 | Mem:0.00M, Peak:0.00M | Scene, ViewLayer | Synchronizing object | Mesh136
Fra:1 Mem:59.76M (Peak 59.76M) | Time:00:00.02 | Mem:0.00M, Peak:0.00M | Scene, ViewLayer | Synchronizing object | Mesh135
Fra:1 Mem:59.01M (Peak 59.76M) | Time:00:00.02 | Mem:0.00M, Peak:0.00M | Scene, ViewLayer | Synchronizing object | Mesh134
Fra:1 Mem:59.02M (Peak 59.76M) | Time:00:00.02 | Mem:0.00M, Peak:0.00M | Scene, ViewLayer | Synchronizing object | Mesh133
Fra:1 Mem:58.84M (Peak 59.76M) | Time:00:00.02 | Mem:0.00M, Peak:0.00M | Scene, ViewLayer | Synchronizing object | Mesh132
Fra:1 Mem:58.91M (Peak 59.76M) | Time:00:00.02 | Mem:0.00M, Peak:0.00M | Scene, ViewLayer | Synchronizing object | Mesh8
Fra:1 Mem:58.94M (Peak 59.76M) | Time:00:00.02 | Mem:0.00M, Peak:0.00M | Scene, ViewLayer | Synchronizing object | Mesh131
Fra:1 Mem:58.99M (Peak 59.76M) | Time:00:00.02 | Mem:0.00M, Peak:0.00M | Scene, ViewLayer | Synchronizing object | Mesh130
Fra:1 Mem:58.94M (Peak 59.76M) | Time:00:00.02 | Mem:0.00M, Peak:0.00M | Scene, ViewLayer | Synchronizing object | Mesh129
Fra:1 Mem:58.93M (Peak 59.76M) | Time:00:00.02 | Mem:0.00M, Peak:0.00M | Scene, ViewLayer | Synchronizing object | Mesh9
Fra:1 Mem:58.96M (Peak 59.76M) | Time:00:00.02 | Mem:0.00M, Peak:0.00M | Scene, ViewLayer | Synchronizing object | Mesh128
Fra:1 Mem:58.98M (Peak 59.76M) | Time:00:00.02 | Mem:0.00M, Peak:0.00M | Scene, ViewLayer | Synchronizing object | Mesh127
Fra:1 Mem:59.02M (Peak 59.76M) | Time:00:00.02 | Mem:0.00M, Peak:0.00M | Scene, ViewLayer | Synchronizing object | Mesh126
Fra:1 Mem:58.98M (Peak 59.76M) | Time:00:00.02 | Mem:0.00M, Peak:0.00M | Scene, ViewLayer | Synchronizing object | Mesh10
Fra:1 Mem:58.99M (Peak 59.76M) | Time:00:00.02 | Mem:0.00M, Peak:0.00M | Scene, ViewLayer | Synchronizing object | Mesh125
Fra:1 Mem:59.07M (Peak 59.76M) | Time:00:00.02 | Mem:0.00M, Peak:0.00M | Scene, ViewLayer | Synchronizing object | Mesh124
Fra:1 Mem:59.08M (Peak 59.76M) | Time:00:00.02 | Mem:0.00M, Peak:0.00M | Scene, ViewLayer | Synchronizing object | Mesh123
Fra:1 Mem:59.08M (Peak 59.76M) | Time:00:00.02 | Mem:0.00M, Peak:0.00M | Scene, ViewLayer | Synchronizing object | Mesh122
Fra:1 Mem:59.10M (Peak 59.76M) | Time:00:00.02 | Mem:0.00M, Peak:0.00M | Scene, ViewLayer | Synchronizing object | Mesh121
Fra:1 Mem:59.10M (Peak 59.76M) | Time:00:00.02 | Mem:0.00M, Peak:0.00M | Scene, ViewLayer | Synchronizing object | Mesh120
Fra:1 Mem:59.11M (Peak 59.76M) | Time:00:00.02 | Mem:0.00M, Peak:0.00M | Scene, ViewLayer | Synchronizing object | Mesh119
Fra:1 Mem:59.20M (Peak 59.76M) | Time:00:00.03 | Mem:0.00M, Peak:0.00M | Scene, ViewLayer | Synchronizing object | Mesh118
Fra:1 Mem:59.20M (Peak 59.76M) | Time:00:00.03 | Mem:0.00M, Peak:0.00M | Scene, ViewLayer | Synchronizing object | Mesh117
Fra:1 Mem:59.21M (Peak 59.76M) | Time:00:00.03 | Mem:0.00M, Peak:0.00M | Scene, ViewLayer | Synchronizing object | Mesh116
Fra:1 Mem:59.22M (Peak 59.76M) | Time:00:00.03 | Mem:0.00M, Peak:0.00M | Scene, ViewLayer | Synchronizing object | Mesh115
Fra:1 Mem:59.57M (Peak 59.76M) | Time:00:00.03 | Mem:0.00M, Peak:0.00M | Scene, ViewLayer | Synchronizing object | Mesh114
Fra:1 Mem:59.61M (Peak 59.76M) | Time:00:00.03 | Mem:0.00M, Peak:0.00M | Scene, ViewLayer | Synchronizing object | Mesh113
Fra:1 Mem:59.62M (Peak 59.76M) | Time:00:00.03 | Mem:0.00M, Peak:0.00M | Scene, ViewLayer | Synchronizing object | Mesh112
Fra:1 Mem:59.63M (Peak 59.76M) | Time:00:00.03 | Mem:0.00M, Peak:0.00M | Scene, ViewLayer | Synchronizing object | Mesh111
Fra:1 Mem:59.78M (Peak 59.78M) | Time:00:00.03 | Mem:0.00M, Peak:0.00M | Scene, ViewLayer | Synchronizing object | Mesh110
Fra:1 Mem:59.70M (Peak 59.78M) | Time:00:00.03 | Mem:0.00M, Peak:0.00M | Scene, ViewLayer | Synchronizing object | Mesh11
Fra:1 Mem:59.83M (Peak 59.83M) | Time:00:00.03 | Mem:0.00M, Peak:0.00M | Scene, ViewLayer | Synchronizing object | Mesh12
Fra:1 Mem:59.88M (Peak 59.88M) | Time:00:00.03 | Mem:0.00M, Peak:0.00M | Scene, ViewLayer | Synchronizing object | Mesh13
Fra:1 Mem:59.85M (Peak 59.88M) | Time:00:00.03 | Mem:0.00M, Peak:0.00M | Scene, ViewLayer | Synchronizing object | Mesh109
Fra:1 Mem:59.85M (Peak 59.88M) | Time:00:00.03 | Mem:0.00M, Peak:0.00M | Scene, ViewLayer | Synchronizing object | Mesh14
Fra:1 Mem:59.92M (Peak 59.92M) | Time:00:00.03 | Mem:0.00M, Peak:0.00M | Scene, ViewLayer | Synchronizing object | Mesh108
Fra:1 Mem:59.96M (Peak 59.96M) | Time:00:00.03 | Mem:0.00M, Peak:0.00M | Scene, ViewLayer | Synchronizing object | Mesh15
Fra:1 Mem:59.98M (Peak 59.98M) | Time:00:00.03 | Mem:0.00M, Peak:0.00M | Scene, ViewLayer | Synchronizing object | Mesh107
Fra:1 Mem:60.12M (Peak 60.12M) | Time:00:00.03 | Mem:0.00M, Peak:0.00M | Scene, ViewLayer | Synchronizing object | Mesh106
Fra:1 Mem:62.00M (Peak 62.00M) | Time:00:00.03 | Mem:0.00M, Peak:0.00M | Scene, ViewLayer | Synchronizing object | Mesh105
Fra:1 Mem:61.31M (Peak 62.00M) | Time:00:00.03 | Mem:0.00M, Peak:0.00M | Scene, ViewLayer | Synchronizing object | Mesh16
Fra:1 Mem:61.18M (Peak 62.00M) | Time:00:00.03 | Mem:0.00M, Peak:0.00M | Scene, ViewLayer | Synchronizing object | Mesh104
Fra:1 Mem:61.15M (Peak 62.00M) | Time:00:00.03 | Mem:0.00M, Peak:0.00M | Scene, ViewLayer | Synchronizing object | Mesh17
Fra:1 Mem:61.18M (Peak 62.00M) | Time:00:00.03 | Mem:0.00M, Peak:0.00M | Scene, ViewLayer | Synchronizing object | Mesh18
Fra:1 Mem:61.20M (Peak 62.00M) | Time:00:00.03 | Mem:0.00M, Peak:0.00M | Scene, ViewLayer | Synchronizing object | Mesh103
Fra:1 Mem:61.24M (Peak 62.00M) | Time:00:00.03 | Mem:0.00M, Peak:0.00M | Scene, ViewLayer | Synchronizing object | Mesh19
Fra:1 Mem:61.27M (Peak 62.00M) | Time:00:00.03 | Mem:0.00M, Peak:0.00M | Scene, ViewLayer | Synchronizing object | Mesh20
Fra:1 Mem:61.34M (Peak 62.00M) | Time:00:00.03 | Mem:0.00M, Peak:0.00M | Scene, ViewLayer | Synchronizing object | Mesh102
Fra:1 Mem:61.37M (Peak 62.00M) | Time:00:00.03 | Mem:0.00M, Peak:0.00M | Scene, ViewLayer | Synchronizing object | Mesh101
Fra:1 Mem:61.42M (Peak 62.00M) | Time:00:00.03 | Mem:0.00M, Peak:0.00M | Scene, ViewLayer | Synchronizing object | Mesh21
Fra:1 Mem:61.37M (Peak 62.00M) | Time:00:00.03 | Mem:0.00M, Peak:0.00M | Scene, ViewLayer | Synchronizing object | Mesh100
Fra:1 Mem:61.38M (Peak 62.00M) | Time:00:00.03 | Mem:0.00M, Peak:0.00M | Scene, ViewLayer | Synchronizing object | Mesh22
Fra:1 Mem:61.44M (Peak 62.00M) | Time:00:00.03 | Mem:0.00M, Peak:0.00M | Scene, ViewLayer | Synchronizing object | Mesh23
Fra:1 Mem:61.47M (Peak 62.00M) | Time:00:00.03 | Mem:0.00M, Peak:0.00M | Scene, ViewLayer | Synchronizing object | Mesh24
Fra:1 Mem:61.48M (Peak 62.00M) | Time:00:00.03 | Mem:0.00M, Peak:0.00M | Scene, ViewLayer | Synchronizing object | Mesh25
Fra:1 Mem:61.55M (Peak 62.00M) | Time:00:00.03 | Mem:0.00M, Peak:0.00M | Scene, ViewLayer | Synchronizing object | Mesh26
Fra:1 Mem:61.57M (Peak 62.00M) | Time:00:00.03 | Mem:0.00M, Peak:0.00M | Scene, ViewLayer | Synchronizing object | Mesh27
Fra:1 Mem:61.60M (Peak 62.00M) | Time:00:00.03 | Mem:0.00M, Peak:0.00M | Scene, ViewLayer | Synchronizing object | Mesh28
Fra:1 Mem:61.60M (Peak 62.00M) | Time:00:00.03 | Mem:0.00M, Peak:0.00M | Scene, ViewLayer | Synchronizing object | Mesh29
Fra:1 Mem:61.61M (Peak 62.00M) | Time:00:00.03 | Mem:0.00M, Peak:0.00M | Scene, ViewLayer | Synchronizing object | Mesh30
Fra:1 Mem:61.67M (Peak 62.00M) | Time:00:00.03 | Mem:0.00M, Peak:0.00M | Scene, ViewLayer | Synchronizing object | Mesh31
Fra:1 Mem:61.75M (Peak 62.00M) | Time:00:00.03 | Mem:0.00M, Peak:0.00M | Scene, ViewLayer | Synchronizing object | Mesh32
Fra:1 Mem:61.78M (Peak 62.00M) | Time:00:00.03 | Mem:0.00M, Peak:0.00M | Scene, ViewLayer | Synchronizing object | Mesh33
Fra:1 Mem:61.79M (Peak 62.00M) | Time:00:00.03 | Mem:0.00M, Peak:0.00M | Scene, ViewLayer | Synchronizing object | Mesh34
Fra:1 Mem:61.79M (Peak 62.00M) | Time:00:00.03 | Mem:0.00M, Peak:0.00M | Scene, ViewLayer | Synchronizing object | Mesh35
Fra:1 Mem:61.84M (Peak 62.00M) | Time:00:00.03 | Mem:0.00M, Peak:0.00M | Scene, ViewLayer | Synchronizing object | Mesh36
Fra:1 Mem:62.06M (Peak 62.06M) | Time:00:00.04 | Mem:0.00M, Peak:0.00M | Scene, ViewLayer | Synchronizing object | Mesh37
Fra:1 Mem:62.01M (Peak 62.06M) | Time:00:00.04 | Mem:0.00M, Peak:0.00M | Scene, ViewLayer | Synchronizing object | Mesh99
Fra:1 Mem:62.17M (Peak 62.17M) | Time:00:00.04 | Mem:0.00M, Peak:0.00M | Scene, ViewLayer | Synchronizing object | Mesh98
Fra:1 Mem:62.14M (Peak 62.17M) | Time:00:00.04 | Mem:0.00M, Peak:0.00M | Scene, ViewLayer | Synchronizing object | Mesh38
Fra:1 Mem:62.12M (Peak 62.17M) | Time:00:00.04 | Mem:0.00M, Peak:0.00M | Scene, ViewLayer | Synchronizing object | Mesh39
Fra:1 Mem:62.21M (Peak 62.21M) | Time:00:00.04 | Mem:0.00M, Peak:0.00M | Scene, ViewLayer | Synchronizing object | Mesh97
Fra:1 Mem:62.21M (Peak 62.21M) | Time:00:00.04 | Mem:0.00M, Peak:0.00M | Scene, ViewLayer | Synchronizing object | Mesh96
Fra:1 Mem:62.24M (Peak 62.24M) | Time:00:00.04 | Mem:0.00M, Peak:0.00M | Scene, ViewLayer | Synchronizing object | Mesh40
Fra:1 Mem:62.34M (Peak 62.34M) | Time:00:00.04 | Mem:0.00M, Peak:0.00M | Scene, ViewLayer | Synchronizing object | Mesh41
Fra:1 Mem:62.32M (Peak 62.34M) | Time:00:00.04 | Mem:0.00M, Peak:0.00M | Scene, ViewLayer | Synchronizing object | Mesh95
Fra:1 Mem:62.46M (Peak 62.46M) | Time:00:00.04 | Mem:0.00M, Peak:0.00M | Scene, ViewLayer | Synchronizing object | Mesh42
Fra:1 Mem:62.48M (Peak 62.48M) | Time:00:00.04 | Mem:0.00M, Peak:0.00M | Scene, ViewLayer | Synchronizing object | Mesh43
Fra:1 Mem:62.46M (Peak 62.48M) | Time:00:00.04 | Mem:0.00M, Peak:0.00M | Scene, ViewLayer | Synchronizing object | Mesh94
Fra:1 Mem:62.53M (Peak 62.53M) | Time:00:00.04 | Mem:0.00M, Peak:0.00M | Scene, ViewLayer | Synchronizing object | Mesh44
Fra:1 Mem:62.53M (Peak 62.53M) | Time:00:00.04 | Mem:0.00M, Peak:0.00M | Scene, ViewLayer | Synchronizing object | Mesh45
Fra:1 Mem:62.54M (Peak 62.54M) | Time:00:00.04 | Mem:0.00M, Peak:0.00M | Scene, ViewLayer | Synchronizing object | Mesh46
Fra:1 Mem:62.53M (Peak 62.54M) | Time:00:00.04 | Mem:0.00M, Peak:0.00M | Scene, ViewLayer | Synchronizing object | Mesh93
Fra:1 Mem:62.56M (Peak 62.56M) | Time:00:00.04 | Mem:0.00M, Peak:0.00M | Scene, ViewLayer | Synchronizing object | Mesh47
Fra:1 Mem:62.58M (Peak 62.58M) | Time:00:00.04 | Mem:0.00M, Peak:0.00M | Scene, ViewLayer | Synchronizing object | Mesh92
Fra:1 Mem:62.58M (Peak 62.58M) | Time:00:00.04 | Mem:0.00M, Peak:0.00M | Scene, ViewLayer | Synchronizing object | Mesh48
Fra:1 Mem:62.63M (Peak 62.63M) | Time:00:00.04 | Mem:0.00M, Peak:0.00M | Scene, ViewLayer | Synchronizing object | Mesh91
Fra:1 Mem:62.65M (Peak 62.65M) | Time:00:00.04 | Mem:0.00M, Peak:0.00M | Scene, ViewLayer | Synchronizing object | Mesh90
Fra:1 Mem:62.63M (Peak 62.65M) | Time:00:00.04 | Mem:0.00M, Peak:0.00M | Scene, ViewLayer | Synchronizing object | Mesh49
Fra:1 Mem:62.67M (Peak 62.67M) | Time:00:00.04 | Mem:0.00M, Peak:0.00M | Scene, ViewLayer | Synchronizing object | Mesh89
Fra:1 Mem:62.70M (Peak 62.70M) | Time:00:00.04 | Mem:0.00M, Peak:0.00M | Scene, ViewLayer | Synchronizing object | Mesh88
Fra:1 Mem:62.69M (Peak 62.70M) | Time:00:00.04 | Mem:0.00M, Peak:0.00M | Scene, ViewLayer | Synchronizing object | Mesh50
Fra:1 Mem:62.69M (Peak 62.70M) | Time:00:00.04 | Mem:0.00M, Peak:0.00M | Scene, ViewLayer | Synchronizing object | Mesh87
Fra:1 Mem:62.72M (Peak 62.72M) | Time:00:00.04 | Mem:0.00M, Peak:0.00M | Scene, ViewLayer | Synchronizing object | Mesh51
Fra:1 Mem:62.72M (Peak 62.72M) | Time:00:00.04 | Mem:0.00M, Peak:0.00M | Scene, ViewLayer | Synchronizing object | Mesh52
Fra:1 Mem:62.73M (Peak 62.73M) | Time:00:00.04 | Mem:0.00M, Peak:0.00M | Scene, ViewLayer | Synchronizing object | Mesh53
Fra:1 Mem:62.74M (Peak 62.74M) | Time:00:00.04 | Mem:0.00M, Peak:0.00M | Scene, ViewLayer | Synchronizing object | Mesh54
Fra:1 Mem:62.76M (Peak 62.76M) | Time:00:00.04 | Mem:0.00M, Peak:0.00M | Scene, ViewLayer | Synchronizing object | Mesh55
Fra:1 Mem:62.77M (Peak 62.77M) | Time:00:00.04 | Mem:0.00M, Peak:0.00M | Scene, ViewLayer | Synchronizing object | Mesh56
Fra:1 Mem:62.77M (Peak 62.77M) | Time:00:00.04 | Mem:0.00M, Peak:0.00M | Scene, ViewLayer | Synchronizing object | Mesh57
Fra:1 Mem:62.85M (Peak 62.85M) | Time:00:00.04 | Mem:0.00M, Peak:0.00M | Scene, ViewLayer | Synchronizing object | Mesh58
Fra:1 Mem:62.88M (Peak 62.88M) | Time:00:00.04 | Mem:0.00M, Peak:0.00M | Scene, ViewLayer | Synchronizing object | Mesh59
Fra:1 Mem:62.92M (Peak 62.92M) | Time:00:00.04 | Mem:0.00M, Peak:0.00M | Scene, ViewLayer | Synchronizing object | Mesh60
Fra:1 Mem:63.03M (Peak 63.03M) | Time:00:00.04 | Mem:0.00M, Peak:0.00M | Scene, ViewLayer | Synchronizing object | Mesh61
Fra:1 Mem:63.16M (Peak 63.16M) | Time:00:00.04 | Mem:0.00M, Peak:0.00M | Scene, ViewLayer | Synchronizing object | Mesh62
Fra:1 Mem:63.20M (Peak 63.20M) | Time:00:00.04 | Mem:0.00M, Peak:0.00M | Scene, ViewLayer | Synchronizing object | Mesh63
Fra:1 Mem:63.23M (Peak 63.23M) | Time:00:00.04 | Mem:0.00M, Peak:0.00M | Scene, ViewLayer | Synchronizing object | Mesh64
Fra:1 Mem:63.29M (Peak 63.29M) | Time:00:00.04 | Mem:0.00M, Peak:0.00M | Scene, ViewLayer | Synchronizing object | Mesh65
Fra:1 Mem:63.35M (Peak 63.35M) | Time:00:00.04 | Mem:0.00M, Peak:0.00M | Scene, ViewLayer | Synchronizing object | Mesh66
Fra:1 Mem:63.36M (Peak 63.36M) | Time:00:00.04 | Mem:0.00M, Peak:0.00M | Scene, ViewLayer | Synchronizing object | Mesh67
Fra:1 Mem:63.40M (Peak 63.40M) | Time:00:00.04 | Mem:0.00M, Peak:0.00M | Scene, ViewLayer | Synchronizing object | Mesh86
Fra:1 Mem:63.85M (Peak 63.85M) | Time:00:00.04 | Mem:0.00M, Peak:0.00M | Scene, ViewLayer | Synchronizing object | Mesh85
Fra:1 Mem:64.01M (Peak 64.01M) | Time:00:00.04 | Mem:0.00M, Peak:0.00M | Scene, ViewLayer | Synchronizing object | Mesh84
Fra:1 Mem:63.91M (Peak 64.01M) | Time:00:00.04 | Mem:0.00M, Peak:0.00M | Scene, ViewLayer | Synchronizing object | Mesh68
Fra:1 Mem:64.03M (Peak 64.03M) | Time:00:00.04 | Mem:0.00M, Peak:0.00M | Scene, ViewLayer | Synchronizing object | Mesh83
Fra:1 Mem:64.13M (Peak 64.13M) | Time:00:00.04 | Mem:0.00M, Peak:0.00M | Scene, ViewLayer | Synchronizing object | Mesh69
Fra:1 Mem:64.13M (Peak 64.13M) | Time:00:00.04 | Mem:0.00M, Peak:0.00M | Scene, ViewLayer | Synchronizing object | Mesh82
Fra:1 Mem:64.38M (Peak 64.38M) | Time:00:00.04 | Mem:0.00M, Peak:0.00M | Scene, ViewLayer | Synchronizing object | Mesh81
Fra:1 Mem:64.54M (Peak 64.54M) | Time:00:00.04 | Mem:0.00M, Peak:0.00M | Scene, ViewLayer | Synchronizing object | Mesh70
Fra:1 Mem:64.93M (Peak 64.93M) | Time:00:00.04 | Mem:0.00M, Peak:0.00M | Scene, ViewLayer | Synchronizing object | Mesh71
Fra:1 Mem:64.95M (Peak 64.95M) | Time:00:00.04 | Mem:0.00M, Peak:0.00M | Scene, ViewLayer | Synchronizing object | Mesh72
Fra:1 Mem:64.90M (Peak 64.95M) | Time:00:00.04 | Mem:0.00M, Peak:0.00M | Scene, ViewLayer | Synchronizing object | Mesh80
Fra:1 Mem:64.95M (Peak 64.95M) | Time:00:00.04 | Mem:0.00M, Peak:0.00M | Scene, ViewLayer | Synchronizing object | Mesh79
Fra:1 Mem:65.07M (Peak 65.07M) | Time:00:00.04 | Mem:0.00M, Peak:0.00M | Scene, ViewLayer | Synchronizing object | Mesh78
Fra:1 Mem:65.08M (Peak 65.08M) | Time:00:00.04 | Mem:0.00M, Peak:0.00M | Scene, ViewLayer | Synchronizing object | Mesh77
Fra:1 Mem:65.40M (Peak 65.40M) | Time:00:00.04 | Mem:0.00M, Peak:0.00M | Scene, ViewLayer | Synchronizing object | Mesh76
Fra:1 Mem:65.45M (Peak 65.45M) | Time:00:00.04 | Mem:0.00M, Peak:0.00M | Scene, ViewLayer | Synchronizing object | Mesh75
Fra:1 Mem:65.46M (Peak 65.46M) | Time:00:00.04 | Mem:0.00M, Peak:0.00M | Scene, ViewLayer | Synchronizing object | Mesh74
Fra:1 Mem:65.47M (Peak 65.47M) | Time:00:00.04 | Mem:0.00M, Peak:0.00M | Scene, ViewLayer | Synchronizing object | Mesh73
Fra:1 Mem:65.13M (Peak 65.47M) | Time:00:00.05 | Mem:0.00M, Peak:0.00M | Scene, ViewLayer | Initializing
Fra:1 Mem:56.30M (Peak 65.47M) | Time:00:00.06 | Mem:0.00M, Peak:0.00M | Scene, ViewLayer | Waiting for render to start
Fra:1 Mem:56.30M (Peak 65.47M) | Time:00:00.06 | Mem:0.00M, Peak:0.00M | Scene, ViewLayer | Loading render kernels (may take a few minutes the first time)
Fra:1 Mem:56.30M (Peak 65.47M) | Time:00:00.06 | Mem:0.00M, Peak:0.00M | Scene, ViewLayer | Updating Scene
Fra:1 Mem:56.30M (Peak 65.47M) | Time:00:00.06 | Mem:0.00M, Peak:0.00M | Scene, ViewLayer | Updating Shaders
Fra:1 Mem:56.40M (Peak 65.47M) | Time:00:00.06 | Mem:0.02M, Peak:0.02M | Scene, ViewLayer | Updating Procedurals
Fra:1 Mem:56.40M (Peak 65.47M) | Time:00:00.06 | Mem:0.02M, Peak:0.02M | Scene, ViewLayer | Updating Background
Fra:1 Mem:56.40M (Peak 65.47M) | Time:00:00.06 | Mem:0.02M, Peak:0.02M | Scene, ViewLayer | Updating Camera
Fra:1 Mem:56.40M (Peak 65.47M) | Time:00:00.06 | Mem:0.02M, Peak:0.02M | Scene, ViewLayer | Updating Meshes Flags
Fra:1 Mem:56.40M (Peak 65.47M) | Time:00:00.06 | Mem:0.02M, Peak:0.02M | Scene, ViewLayer | Updating Objects
Fra:1 Mem:56.40M (Peak 65.47M) | Time:00:00.06 | Mem:0.02M, Peak:0.02M | Scene, ViewLayer | Updating Objects | Copying Transformations to device
Fra:1 Mem:56.44M (Peak 65.47M) | Time:00:00.06 | Mem:0.05M, Peak:0.05M | Scene, ViewLayer | Updating Objects | Applying Static Transformations
Fra:1 Mem:56.44M (Peak 65.47M) | Time:00:00.06 | Mem:0.05M, Peak:0.05M | Scene, ViewLayer | Updating Particle Systems
Fra:1 Mem:56.44M (Peak 65.47M) | Time:00:00.06 | Mem:0.05M, Peak:0.05M | Scene, ViewLayer | Updating Particle Systems | Copying Particles to device
Fra:1 Mem:56.44M (Peak 65.47M) | Time:00:00.06 | Mem:0.05M, Peak:0.05M | Scene, ViewLayer | Updating Meshes
Fra:1 Mem:57.54M (Peak 65.47M) | Time:00:00.06 | Mem:0.05M, Peak:0.05M | Scene, ViewLayer | Updating Mesh | Computing attributes
Fra:1 Mem:59.61M (Peak 65.47M) | Time:00:00.06 | Mem:0.07M, Peak:0.07M | Scene, ViewLayer | Updating Mesh | Copying Attributes to device
Fra:1 Mem:59.58M (Peak 65.47M) | Time:00:00.06 | Mem:2.10M, Peak:2.10M | Scene, ViewLayer | Updating Scene BVH | Building
Fra:1 Mem:59.59M (Peak 65.47M) | Time:00:00.06 | Mem:2.10M, Peak:2.10M | Scene, ViewLayer | Updating Scene BVH | Building BVH
Fra:1 Mem:59.59M (Peak 65.47M) | Time:00:00.06 | Mem:4.30M, Peak:4.30M | Scene, ViewLayer | Updating Scene BVH | Building BVH 0%
Fra:1 Mem:59.59M (Peak 65.47M) | Time:00:00.10 | Mem:6.93M, Peak:9.14M | Scene, ViewLayer | Updating Scene BVH | Copying BVH to device
Fra:1 Mem:59.59M (Peak 65.47M) | Time:00:00.10 | Mem:6.93M, Peak:9.14M | Scene, ViewLayer | Updating Mesh | Computing normals
Fra:1 Mem:66.38M (Peak 66.38M) | Time:00:00.10 | Mem:6.93M, Peak:9.14M | Scene, ViewLayer | Updating Mesh | Copying Mesh to device
Fra:1 Mem:66.38M (Peak 66.38M) | Time:00:00.10 | Mem:13.73M, Peak:13.73M | Scene, ViewLayer | Updating Objects Flags
Fra:1 Mem:66.38M (Peak 66.38M) | Time:00:00.10 | Mem:13.73M, Peak:13.73M | Scene, ViewLayer | Updating Primitive Offsets
Fra:1 Mem:66.38M (Peak 66.38M) | Time:00:00.10 | Mem:13.73M, Peak:13.73M | Scene, ViewLayer | Updating Images
Fra:1 Mem:66.38M (Peak 66.38M) | Time:00:00.10 | Mem:13.73M, Peak:13.73M | Scene, ViewLayer | Updating Camera Volume
Fra:1 Mem:66.38M (Peak 66.38M) | Time:00:00.10 | Mem:13.73M, Peak:13.73M | Scene, ViewLayer | Updating Lookup Tables
Fra:1 Mem:66.38M (Peak 66.38M) | Time:00:00.10 | Mem:13.81M, Peak:13.81M | Scene, ViewLayer | Updating Lights
Fra:1 Mem:66.38M (Peak 66.38M) | Time:00:00.10 | Mem:13.81M, Peak:13.81M | Scene, ViewLayer | Updating Lights | Computing tree
Fra:1 Mem:66.38M (Peak 66.38M) | Time:00:00.10 | Mem:13.81M, Peak:13.81M | Scene, ViewLayer | Updating Integrator
Fra:1 Mem:66.38M (Peak 66.38M) | Time:00:00.10 | Mem:13.81M, Peak:13.81M | Scene, ViewLayer | Updating Film
Fra:1 Mem:66.39M (Peak 66.39M) | Time:00:00.10 | Mem:13.73M, Peak:13.81M | Scene, ViewLayer | Updating Lookup Tables
Fra:1 Mem:66.39M (Peak 66.39M) | Time:00:00.10 | Mem:13.82M, Peak:13.82M | Scene, ViewLayer | Updating Baking
Fra:1 Mem:66.39M (Peak 66.39M) | Time:00:00.10 | Mem:13.82M, Peak:13.82M | Scene, ViewLayer | Updating Device | Writing constant memory
Fra:1 Mem:66.39M (Peak 66.39M) | Time:00:00.10 | Mem:13.82M, Peak:13.82M | Scene, ViewLayer | Loading denoising kernels (may take a few minutes the first time)
Fra:1 Mem:66.39M (Peak 66.39M) | Time:00:00.10 | Mem:13.82M, Peak:13.82M | Scene, ViewLayer | Sample 0/4
Fra:1 Mem:103.97M (Peak 103.97M) | Time:00:00.21 | Remaining:00:00.34 | Mem:51.39M, Peak:51.39M | Scene, ViewLayer | Sample 1/4
Fra:1 Mem:119.80M (Peak 143.53M) | Time:00:09.65 | Mem:51.39M, Peak:51.39M | Scene, ViewLayer | Sample 4/4
Fra:1 Mem:119.80M (Peak 143.53M) | Time:00:09.65 | Mem:51.39M, Peak:51.39M | Scene, ViewLayer | Finished
Saved: 'output/render.png'
Time: 00:09.79 (Saving: 00:00.14)

Fra:1 Mem:55.82M (Peak 143.53M) | Time:00:00.02 | Mem:0.00M, Peak:0.00M | Scene, ViewLayer | Synchronizing object | Mesh1
Fra:1 Mem:55.85M (Peak 143.53M) | Time:00:00.02 | Mem:0.00M, Peak:0.00M | Scene, ViewLayer | Synchronizing object | Mesh2
Fra:1 Mem:55.92M (Peak 143.53M) | Time:00:00.02 | Mem:0.00M, Peak:0.00M | Scene, ViewLayer | Synchronizing object | Mesh3
Fra:1 Mem:56.01M (Peak 143.53M) | Time:00:00.02 | Mem:0.00M, Peak:0.00M | Scene, ViewLayer | Synchronizing object | Mesh4
Fra:1 Mem:56.02M (Peak 143.53M) | Time:00:00.02 | Mem:0.00M, Peak:0.00M | Scene, ViewLayer | Synchronizing object | Mesh5
Fra:1 Mem:56.05M (Peak 143.53M) | Time:00:00.02 | Mem:0.00M, Peak:0.00M | Scene, ViewLayer | Synchronizing object | Mesh6
Fra:1 Mem:56.12M (Peak 143.53M) | Time:00:00.02 | Mem:0.00M, Peak:0.00M | Scene, ViewLayer | Synchronizing object | Mesh168
Fra:1 Mem:56.31M (Peak 143.53M) | Time:00:00.02 | Mem:0.00M, Peak:0.00M | Scene, ViewLayer | Synchronizing object | Mesh167
Fra:1 Mem:56.36M (Peak 143.53M) | Time:00:00.02 | Mem:0.00M, Peak:0.00M | Scene, ViewLayer | Synchronizing object | Mesh7
Fra:1 Mem:57.65M (Peak 143.53M) | Time:00:00.02 | Mem:0.00M, Peak:0.00M | Scene, ViewLayer | Synchronizing object | Mesh8
Fra:1 Mem:57.47M (Peak 143.53M) | Time:00:00.02 | Mem:0.00M, Peak:0.00M | Scene, ViewLayer | Synchronizing object | Mesh166
Fra:1 Mem:57.59M (Peak 143.53M) | Time:00:00.02 | Mem:0.00M, Peak:0.00M | Scene, ViewLayer | Synchronizing object | Mesh165
Fra:1 Mem:57.61M (Peak 143.53M) | Time:00:00.02 | Mem:0.00M, Peak:0.00M | Scene, ViewLayer | Synchronizing object | Mesh164
Fra:1 Mem:57.66M (Peak 143.53M) | Time:00:00.02 | Mem:0.00M, Peak:0.00M | Scene, ViewLayer | Synchronizing object | Mesh163
Fra:1 Mem:57.69M (Peak 143.53M) | Time:00:00.02 | Mem:0.00M, Peak:0.00M | Scene, ViewLayer | Synchronizing object | Mesh9
Fra:1 Mem:57.72M (Peak 143.53M) | Time:00:00.02 | Mem:0.00M, Peak:0.00M | Scene, ViewLayer | Synchronizing object | Mesh162
Fra:1 Mem:57.87M (Peak 143.53M) | Time:00:00.02 | Mem:0.00M, Peak:0.00M | Scene, ViewLayer | Synchronizing object | Mesh10
Fra:1 Mem:57.87M (Peak 143.53M) | Time:00:00.02 | Mem:0.00M, Peak:0.00M | Scene, ViewLayer | Synchronizing object | Mesh161
Fra:1 Mem:57.86M (Peak 143.53M) | Time:00:00.02 | Mem:0.00M, Peak:0.00M | Scene, ViewLayer | Synchronizing object | Mesh11
Fra:1 Mem:57.95M (Peak 143.53M) | Time:00:00.02 | Mem:0.00M, Peak:0.00M | Scene, ViewLayer | Synchronizing object | Mesh12
Fra:1 Mem:58.01M (Peak 143.53M) | Time:00:00.02 | Mem:0.00M, Peak:0.00M | Scene, ViewLayer | Synchronizing object | Mesh13
Fra:1 Mem:58.04M (Peak 143.53M) | Time:00:00.02 | Mem:0.00M, Peak:0.00M | Scene, ViewLayer | Synchronizing object | Mesh14
Fra:1 Mem:58.14M (Peak 143.53M) | Time:00:00.02 | Mem:0.00M, Peak:0.00M | Scene, ViewLayer | Synchronizing object | Mesh15
Fra:1 Mem:58.16M (Peak 143.53M) | Time:00:00.02 | Mem:0.00M, Peak:0.00M | Scene, ViewLayer | Synchronizing object | Mesh159
Fra:1 Mem:59.56M (Peak 143.53M) | Time:00:00.03 | Mem:0.00M, Peak:0.00M | Scene, ViewLayer | Synchronizing object | Mesh16
Fra:1 Mem:59.47M (Peak 143.53M) | Time:00:00.03 | Mem:0.00M, Peak:0.00M | Scene, ViewLayer | Synchronizing object | Mesh158
Fra:1 Mem:59.41M (Peak 143.53M) | Time:00:00.03 | Mem:0.00M, Peak:0.00M | Scene, ViewLayer | Synchronizing object | Mesh17
Fra:1 Mem:59.46M (Peak 143.53M) | Time:00:00.03 | Mem:0.00M, Peak:0.00M | Scene, ViewLayer | Synchronizing object | Mesh18
Fra:1 Mem:59.60M (Peak 143.53M) | Time:00:00.03 | Mem:0.00M, Peak:0.00M | Scene, ViewLayer | Synchronizing object | Mesh19
Fra:1 Mem:59.60M (Peak 143.53M) | Time:00:00.03 | Mem:0.00M, Peak:0.00M | Scene, ViewLayer | Synchronizing object | Mesh20
Fra:1 Mem:59.66M (Peak 143.53M) | Time:00:00.03 | Mem:0.00M, Peak:0.00M | Scene, ViewLayer | Synchronizing object | Mesh21
Fra:1 Mem:59.65M (Peak 143.53M) | Time:00:00.03 | Mem:0.00M, Peak:0.00M | Scene, ViewLayer | Synchronizing object | Mesh157
Fra:1 Mem:59.69M (Peak 143.53M) | Time:00:00.03 | Mem:0.00M, Peak:0.00M | Scene, ViewLayer | Synchronizing object | Mesh156
Fra:1 Mem:59.68M (Peak 143.53M) | Time:00:00.03 | Mem:0.00M, Peak:0.00M | Scene, ViewLayer | Synchronizing object | Mesh22
Fra:1 Mem:59.75M (Peak 143.53M) | Time:00:00.03 | Mem:0.00M, Peak:0.00M | Scene, ViewLayer | Synchronizing object | Mesh155
Fra:1 Mem:59.87M (Peak 143.53M) | Time:00:00.03 | Mem:0.00M, Peak:0.00M | Scene, ViewLayer | Synchronizing object | Mesh154
Fra:1 Mem:59.89M (Peak 143.53M) | Time:00:00.03 | Mem:0.00M, Peak:0.00M | Scene, ViewLayer | Synchronizing object | Mesh23
Fra:1 Mem:59.94M (Peak 143.53M) | Time:00:00.03 | Mem:0.00M, Peak:0.00M | Scene, ViewLayer | Synchronizing object | Mesh24
Fra:1 Mem:60.02M (Peak 143.53M) | Time:00:00.03 | Mem:0.00M, Peak:0.00M | Scene, ViewLayer | Synchronizing object | Mesh25
Fra:1 Mem:60.08M (Peak 143.53M) | Time:00:00.03 | Mem:0.00M, Peak:0.00M | Scene, ViewLayer | Synchronizing object | Mesh153
Fra:1 Mem:60.06M (Peak 143.53M) | Time:00:00.03 | Mem:0.00M, Peak:0.00M | Scene, ViewLayer | Synchronizing object | Mesh26
Fra:1 Mem:60.07M (Peak 143.53M) | Time:00:00.03 | Mem:0.00M, Peak:0.00M | Scene, ViewLayer | Synchronizing object | Mesh152
Fra:1 Mem:60.08M (Peak 143.53M) | Time:00:00.03 | Mem:0.00M, Peak:0.00M | Scene, ViewLayer | Synchronizing object | Mesh151
Fra:1 Mem:60.06M (Peak 143.53M) | Time:00:00.03 | Mem:0.00M, Peak:0.00M | Scene, ViewLayer | Synchronizing object | Mesh27
Fra:1 Mem:60.06M (Peak 143.53M) | Time:00:00.03 | Mem:0.00M, Peak:0.00M | Scene, ViewLayer | Synchronizing object | Mesh150
Fra:1 Mem:60.10M (Peak 143.53M) | Time:00:00.03 | Mem:0.00M, Peak:0.00M | Scene, ViewLayer | Synchronizing object | Mesh149
Fra:1 Mem:60.10M (Peak 143.53M) | Time:00:00.03 | Mem:0.00M, Peak:0.00M | Scene, ViewLayer | Synchronizing object | Mesh28
Fra:1 Mem:60.10M (Peak 143.53M) | Time:00:00.03 | Mem:0.00M, Peak:0.00M | Scene, ViewLayer | Synchronizing object | Mesh148
Fra:1 Mem:60.10M (Peak 143.53M) | Time:00:00.03 | Mem:0.00M, Peak:0.00M | Scene, ViewLayer | Synchronizing object | Mesh29
Fra:1 Mem:60.15M (Peak 143.53M) | Time:00:00.03 | Mem:0.00M, Peak:0.00M | Scene, ViewLayer | Synchronizing object | Mesh30
Fra:1 Mem:60.25M (Peak 143.53M) | Time:00:00.03 | Mem:0.00M, Peak:0.00M | Scene, ViewLayer | Synchronizing object | Mesh31
Fra:1 Mem:60.36M (Peak 143.53M) | Time:00:00.03 | Mem:0.00M, Peak:0.00M | Scene, ViewLayer | Synchronizing object | Mesh32
Fra:1 Mem:60.34M (Peak 143.53M) | Time:00:00.03 | Mem:0.00M, Peak:0.00M | Scene, ViewLayer | Synchronizing object | Mesh33
Fra:1 Mem:60.33M (Peak 143.53M) | Time:00:00.03 | Mem:0.00M, Peak:0.00M | Scene, ViewLayer | Synchronizing object | Mesh147
Fra:1 Mem:60.34M (Peak 143.53M) | Time:00:00.03 | Mem:0.00M, Peak:0.00M | Scene, ViewLayer | Synchronizing object | Mesh34
Fra:1 Mem:60.37M (Peak 143.53M) | Time:00:00.03 | Mem:0.00M, Peak:0.00M | Scene, ViewLayer | Synchronizing object | Mesh35
Fra:1 Mem:60.36M (Peak 143.53M) | Time:00:00.03 | Mem:0.00M, Peak:0.00M | Scene, ViewLayer | Synchronizing object | Mesh146
Fra:1 Mem:60.37M (Peak 143.53M) | Time:00:00.03 | Mem:0.00M, Peak:0.00M | Scene, ViewLayer | Synchronizing object | Mesh145
Fra:1 Mem:60.43M (Peak 143.53M) | Time:00:00.03 | Mem:0.00M, Peak:0.00M | Scene, ViewLayer | Synchronizing object | Mesh144
Fra:1 Mem:60.43M (Peak 143.53M) | Time:00:00.03 | Mem:0.00M, Peak:0.00M | Scene, ViewLayer | Synchronizing object | Mesh143
Fra:1 Mem:60.48M (Peak 143.53M) | Time:00:00.03 | Mem:0.00M, Peak:0.00M | Scene, ViewLayer | Synchronizing object | Mesh142
Fra:1 Mem:60.50M (Peak 143.53M) | Time:00:00.03 | Mem:0.00M, Peak:0.00M | Scene, ViewLayer | Synchronizing object | Mesh36
Fra:1 Mem:60.64M (Peak 143.53M) | Time:00:00.03 | Mem:0.00M, Peak:0.00M | Scene, ViewLayer | Synchronizing object | Mesh141
Fra:1 Mem:60.59M (Peak 143.53M) | Time:00:00.03 | Mem:0.00M, Peak:0.00M | Scene, ViewLayer | Synchronizing object | Mesh37
Fra:1 Mem:60.65M (Peak 143.53M) | Time:00:00.03 | Mem:0.00M, Peak:0.00M | Scene, ViewLayer | Synchronizing object | Mesh140
Fra:1 Mem:60.78M (Peak 143.53M) | Time:00:00.03 | Mem:0.00M, Peak:0.00M | Scene, ViewLayer | Synchronizing object | Mesh38
Fra:1 Mem:60.76M (Peak 143.53M) | Time:00:00.03 | Mem:0.00M, Peak:0.00M | Scene, ViewLayer | Synchronizing object | Mesh39
Fra:1 Mem:60.72M (Peak 143.53M) | Time:00:00.03 | Mem:0.00M, Peak:0.00M | Scene, ViewLayer | Synchronizing object | Mesh139
Fra:1 Mem:60.76M (Peak 143.53M) | Time:00:00.03 | Mem:0.00M, Peak:0.00M | Scene, ViewLayer | Synchronizing object | Mesh138
Fra:1 Mem:60.80M (Peak 143.53M) | Time:00:00.03 | Mem:0.00M, Peak:0.00M | Scene, ViewLayer | Synchronizing object | Mesh40
Fra:1 Mem:60.86M (Peak 143.53M) | Time:00:00.03 | Mem:0.00M, Peak:0.00M | Scene, ViewLayer | Synchronizing object | Mesh41
Fra:1 Mem:60.84M (Peak 143.53M) | Time:00:00.03 | Mem:0.00M, Peak:0.00M | Scene, ViewLayer | Synchronizing object | Mesh137
Fra:1 Mem:61.06M (Peak 143.53M) | Time:00:00.03 | Mem:0.00M, Peak:0.00M | Scene, ViewLayer | Synchronizing object | Mesh42
Fra:1 Mem:61.15M (Peak 143.53M) | Time:00:00.03 | Mem:0.00M, Peak:0.00M | Scene, ViewLayer | Synchronizing object | Mesh43
Fra:1 Mem:61.19M (Peak 143.53M) | Time:00:00.03 | Mem:0.00M, Peak:0.00M | Scene, ViewLayer | Synchronizing object | Mesh44
Fra:1 Mem:61.20M (Peak 143.53M) | Time:00:00.03 | Mem:0.00M, Peak:0.00M | Scene, ViewLayer | Synchronizing object | Mesh45
Fra:1 Mem:61.20M (Peak 143.53M) | Time:00:00.03 | Mem:0.00M, Peak:0.00M | Scene, ViewLayer | Synchronizing object | Mesh46
Fra:1 Mem:61.12M (Peak 143.53M) | Time:00:00.03 | Mem:0.00M, Peak:0.00M | Scene, ViewLayer | Synchronizing object | Mesh47
Fra:1 Mem:61.11M (Peak 143.53M) | Time:00:00.03 | Mem:0.00M, Peak:0.00M | Scene, ViewLayer | Synchronizing object | Mesh136
Fra:1 Mem:61.11M (Peak 143.53M) | Time:00:00.03 | Mem:0.00M, Peak:0.00M | Scene, ViewLayer | Synchronizing object | Mesh48
Fra:1 Mem:61.11M (Peak 143.53M) | Time:00:00.03 | Mem:0.00M, Peak:0.00M | Scene, ViewLayer | Synchronizing object | Mesh135
Fra:1 Mem:61.18M (Peak 143.53M) | Time:00:00.03 | Mem:0.00M, Peak:0.00M | Scene, ViewLayer | Synchronizing object | Mesh49
Fra:1 Mem:61.24M (Peak 143.53M) | Time:00:00.03 | Mem:0.00M, Peak:0.00M | Scene, ViewLayer | Synchronizing object | Mesh50
Fra:1 Mem:61.31M (Peak 143.53M) | Time:00:00.03 | Mem:0.00M, Peak:0.00M | Scene, ViewLayer | Synchronizing object | Mesh51
Fra:1 Mem:61.31M (Peak 143.53M) | Time:00:00.03 | Mem:0.00M, Peak:0.00M | Scene, ViewLayer | Synchronizing object | Mesh52
Fra:1 Mem:61.32M (Peak 143.53M) | Time:00:00.03 | Mem:0.00M, Peak:0.00M | Scene, ViewLayer | Synchronizing object | Mesh53
Fra:1 Mem:61.31M (Peak 143.53M) | Time:00:00.03 | Mem:0.00M, Peak:0.00M | Scene, ViewLayer | Synchronizing object | Mesh54
Fra:1 Mem:61.28M (Peak 143.53M) | Time:00:00.03 | Mem:0.00M, Peak:0.00M | Scene, ViewLayer | Synchronizing object | Mesh134
Fra:1 Mem:61.31M (Peak 143.53M) | Time:00:00.03 | Mem:0.00M, Peak:0.00M | Scene, ViewLayer | Synchronizing object | Mesh133
Fra:1 Mem:61.30M (Peak 143.53M) | Time:00:00.03 | Mem:0.00M, Peak:0.00M | Scene, ViewLayer | Synchronizing object | Mesh132
Fra:1 Mem:61.29M (Peak 143.53M) | Time:00:00.03 | Mem:0.00M, Peak:0.00M | Scene, ViewLayer | Synchronizing object | Mesh55
Fra:1 Mem:61.34M (Peak 143.53M) | Time:00:00.03 | Mem:0.00M, Peak:0.00M | Scene, ViewLayer | Synchronizing object | Mesh56
Fra:1 Mem:61.36M (Peak 143.53M) | Time:00:00.03 | Mem:0.00M, Peak:0.00M | Scene, ViewLayer | Synchronizing object | Mesh57
Fra:1 Mem:61.48M (Peak 143.53M) | Time:00:00.03 | Mem:0.00M, Peak:0.00M | Scene, ViewLayer | Synchronizing object | Mesh58
Fra:1 Mem:61.47M (Peak 143.53M) | Time:00:00.03 | Mem:0.00M, Peak:0.00M | Scene, ViewLayer | Synchronizing object | Mesh131
Fra:1 Mem:61.51M (Peak 143.53M) | Time:00:00.03 | Mem:0.00M, Peak:0.00M | Scene, ViewLayer | Synchronizing object | Mesh130
Fra:1 Mem:61.49M (Peak 143.53M) | Time:00:00.03 | Mem:0.00M, Peak:0.00M | Scene, ViewLayer | Synchronizing object | Mesh129
Fra:1 Mem:61.46M (Peak 143.53M) | Time:00:00.03 | Mem:0.00M, Peak:0.00M | Scene, ViewLayer | Synchronizing object | Mesh59
Fra:1 Mem:61.46M (Peak 143.53M) | Time:00:00.03 | Mem:0.00M, Peak:0.00M | Scene, ViewLayer | Synchronizing object | Mesh128
Fra:1 Mem:61.51M (Peak 143.53M) | Time:00:00.03 | Mem:0.00M, Peak:0.00M | Scene, ViewLayer | Synchronizing object | Mesh127
Fra:1 Mem:61.56M (Peak 143.53M) | Time:00:00.03 | Mem:0.00M, Peak:0.00M | Scene, ViewLayer | Synchronizing object | Mesh126
Fra:1 Mem:61.56M (Peak 143.53M) | Time:00:00.03 | Mem:0.00M, Peak:0.00M | Scene, ViewLayer | Synchronizing object | Mesh125
Fra:1 Mem:61.55M (Peak 143.53M) | Time:00:00.03 | Mem:0.00M, Peak:0.00M | Scene, ViewLayer | Synchronizing object | Mesh60
Fra:1 Mem:61.63M (Peak 143.53M) | Time:00:00.03 | Mem:0.00M, Peak:0.00M | Scene, ViewLayer | Synchronizing object | Mesh124
Fra:1 Mem:61.66M (Peak 143.53M) | Time:00:00.03 | Mem:0.00M, Peak:0.00M | Scene, ViewLayer | Synchronizing object | Mesh123
Fra:1 Mem:61.64M (Peak 143.53M) | Time:00:00.03 | Mem:0.00M, Peak:0.00M | Scene, ViewLayer | Synchronizing object | Mesh61
Fra:1 Mem:61.64M (Peak 143.53M) | Time:00:00.03 | Mem:0.00M, Peak:0.00M | Scene, ViewLayer | Synchronizing object | Mesh122
Fra:1 Mem:61.68M (Peak 143.53M) | Time:00:00.03 | Mem:0.00M, Peak:0.00M | Scene, ViewLayer | Synchronizing object | Mesh121
Fra:1 Mem:61.73M (Peak 143.53M) | Time:00:00.03 | Mem:0.00M, Peak:0.00M | Scene, ViewLayer | Synchronizing object | Mesh120
Fra:1 Mem:61.78M (Peak 143.53M) | Time:00:00.03 | Mem:0.00M, Peak:0.00M | Scene, ViewLayer | Synchronizing object | Mesh119
Fra:1 Mem:61.97M (Peak 143.53M) | Time:00:00.03 | Mem:0.00M, Peak:0.00M | Scene, ViewLayer | Synchronizing object | Mesh62
Fra:1 Mem:62.00M (Peak 143.53M) | Time:00:00.03 | Mem:0.00M, Peak:0.00M | Scene, ViewLayer | Synchronizing object | Mesh63
Fra:1 Mem:62.03M (Peak 143.53M) | Time:00:00.03 | Mem:0.00M, Peak:0.00M | Scene, ViewLayer | Synchronizing object | Mesh64
Fra:1 Mem:62.00M (Peak 143.53M) | Time:00:00.03 | Mem:0.00M, Peak:0.00M | Scene, ViewLayer | Synchronizing object | Mesh65
Fra:1 Mem:62.05M (Peak 143.53M) | Time:00:00.03 | Mem:0.00M, Peak:0.00M | Scene, ViewLayer | Synchronizing object | Mesh118
Fra:1 Mem:62.05M (Peak 143.53M) | Time:00:00.03 | Mem:0.00M, Peak:0.00M | Scene, ViewLayer | Synchronizing object | Mesh66
Fra:1 Mem:62.07M (Peak 143.53M) | Time:00:00.03 | Mem:0.00M, Peak:0.00M | Scene, ViewLayer | Synchronizing object | Mesh117
Fra:1 Mem:62.07M (Peak 143.53M) | Time:00:00.03 | Mem:0.00M, Peak:0.00M | Scene, ViewLayer | Synchronizing object | Mesh67
Fra:1 Mem:62.18M (Peak 143.53M) | Time:00:00.03 | Mem:0.00M, Peak:0.00M | Scene, ViewLayer | Synchronizing object | Mesh116
Fra:1 Mem:62.19M (Peak 143.53M) | Time:00:00.03 | Mem:0.00M, Peak:0.00M | Scene, ViewLayer | Synchronizing object | Mesh115
Fra:1 Mem:62.84M (Peak 143.53M) | Time:00:00.04 | Mem:0.00M, Peak:0.00M | Scene, ViewLayer | Synchronizing object | Mesh114
Fra:1 Mem:62.64M (Peak 143.53M) | Time:00:00.04 | Mem:0.00M, Peak:0.00M | Scene, ViewLayer | Synchronizing object | Mesh113
Fra:1 Mem:62.64M (Peak 143.53M) | Time:00:00.04 | Mem:0.00M, Peak:0.00M | Scene, ViewLayer | Synchronizing object | Mesh68
Fra:1 Mem:62.67M (Peak 143.53M) | Time:00:00.04 | Mem:0.00M, Peak:0.00M | Scene, ViewLayer | Synchronizing object | Mesh112
Fra:1 Mem:62.77M (Peak 143.53M) | Time:00:00.04 | Mem:0.00M, Peak:0.00M | Scene, ViewLayer | Synchronizing object | Mesh111
Fra:1 Mem:62.86M (Peak 143.53M) | Time:00:00.04 | Mem:0.00M, Peak:0.00M | Scene, ViewLayer | Synchronizing object | Mesh69
Fra:1 Mem:63.11M (Peak 143.53M) | Time:00:00.04 | Mem:0.00M, Peak:0.00M | Scene, ViewLayer | Synchronizing object | Mesh110
Fra:1 Mem:63.32M (Peak 143.53M) | Time:00:00.04 | Mem:0.00M, Peak:0.00M | Scene, ViewLayer | Synchronizing object | Mesh109
Fra:1 Mem:63.32M (Peak 143.53M) | Time:00:00.04 | Mem:0.00M, Peak:0.00M | Scene, ViewLayer | Synchronizing object | Mesh108
Fra:1 Mem:63.26M (Peak 143.53M) | Time:00:00.04 | Mem:0.00M, Peak:0.00M | Scene, ViewLayer | Synchronizing object | Mesh107
Fra:1 Mem:63.11M (Peak 143.53M) | Time:00:00.04 | Mem:0.00M, Peak:0.00M | Scene, ViewLayer | Synchronizing object | Mesh70
Fra:1 Mem:63.28M (Peak 143.53M) | Time:00:00.04 | Mem:0.00M, Peak:0.00M | Scene, ViewLayer | Synchronizing object | Mesh106
Fra:1 Mem:63.33M (Peak 143.53M) | Time:00:00.04 | Mem:0.00M, Peak:0.00M | Scene, ViewLayer | Synchronizing object | Mesh71
Fra:1 Mem:63.61M (Peak 143.53M) | Time:00:00.04 | Mem:0.00M, Peak:0.00M | Scene, ViewLayer | Synchronizing object | Mesh72
Fra:1 Mem:64.12M (Peak 143.53M) | Time:00:00.04 | Mem:0.00M, Peak:0.00M | Scene, ViewLayer | Synchronizing object | Mesh105
Fra:1 Mem:63.95M (Peak 143.53M) | Time:00:00.04 | Mem:0.00M, Peak:0.00M | Scene, ViewLayer | Synchronizing object | Mesh73
Fra:1 Mem:64.00M (Peak 143.53M) | Time:00:00.04 | Mem:0.00M, Peak:0.00M | Scene, ViewLayer | Synchronizing object | Mesh74
Fra:1 Mem:64.15M (Peak 143.53M) | Time:00:00.04 | Mem:0.00M, Peak:0.00M | Scene, ViewLayer | Synchronizing object | Mesh75
Fra:1 Mem:64.16M (Peak 143.53M) | Time:00:00.04 | Mem:0.00M, Peak:0.00M | Scene, ViewLayer | Synchronizing object | Mesh76
Fra:1 Mem:64.03M (Peak 143.53M) | Time:00:00.04 | Mem:0.00M, Peak:0.00M | Scene, ViewLayer | Synchronizing object | Mesh77
Fra:1 Mem:64.00M (Peak 143.53M) | Time:00:00.04 | Mem:0.00M, Peak:0.00M | Scene, ViewLayer | Synchronizing object | Mesh104
Fra:1 Mem:64.07M (Peak 143.53M) | Time:00:00.04 | Mem:0.00M, Peak:0.00M | Scene, ViewLayer | Synchronizing object | Mesh103
Fra:1 Mem:64.12M (Peak 143.53M) | Time:00:00.04 | Mem:0.00M, Peak:0.00M | Scene, ViewLayer | Synchronizing object | Mesh78
Fra:1 Mem:64.12M (Peak 143.53M) | Time:00:00.04 | Mem:0.00M, Peak:0.00M | Scene, ViewLayer | Synchronizing object | Mesh79
Fra:1 Mem:64.11M (Peak 143.53M) | Time:00:00.04 | Mem:0.00M, Peak:0.00M | Scene, ViewLayer | Synchronizing object | Mesh102
Fra:1 Mem:64.15M (Peak 143.53M) | Time:00:00.04 | Mem:0.00M, Peak:0.00M | Scene, ViewLayer | Synchronizing object | Mesh101
Fra:1 Mem:64.16M (Peak 143.53M) | Time:00:00.04 | Mem:0.00M, Peak:0.00M | Scene, ViewLayer | Synchronizing object | Mesh80
Fra:1 Mem:64.14M (Peak 143.53M) | Time:00:00.04 | Mem:0.00M, Peak:0.00M | Scene, ViewLayer | Synchronizing object | Mesh81
Fra:1 Mem:64.45M (Peak 143.53M) | Time:00:00.04 | Mem:0.00M, Peak:0.00M | Scene, ViewLayer | Synchronizing object | Mesh100
Fra:1 Mem:64.42M (Peak 143.53M) | Time:00:00.04 | Mem:0.00M, Peak:0.00M | Scene, ViewLayer | Synchronizing object | Mesh99
Fra:1 Mem:64.64M (Peak 143.53M) | Time:00:00.04 | Mem:0.00M, Peak:0.00M | Scene, ViewLayer | Synchronizing object | Mesh98
Fra:1 Mem:64.47M (Peak 143.53M) | Time:00:00.04 | Mem:0.00M, Peak:0.00M | Scene, ViewLayer | Synchronizing object | Mesh97
Fra:1 Mem:64.43M (Peak 143.53M) | Time:00:00.04 | Mem:0.00M, Peak:0.00M | Scene, ViewLayer | Synchronizing object | Mesh96
Fra:1 Mem:64.52M (Peak 143.53M) | Time:00:00.04 | Mem:0.00M, Peak:0.00M | Scene, ViewLayer | Synchronizing object | Mesh95
Fra:1 Mem:64.61M (Peak 143.53M) | Time:00:00.04 | Mem:0.00M, Peak:0.00M | Scene, ViewLayer | Synchronizing object | Mesh83
Fra:1 Mem:64.68M (Peak 143.53M) | Time:00:00.04 | Mem:0.00M, Peak:0.00M | Scene, ViewLayer | Synchronizing object | Mesh94
Fra:1 Mem:64.65M (Peak 143.53M) | Time:00:00.04 | Mem:0.00M, Peak:0.00M | Scene, ViewLayer | Synchronizing object | Mesh84
Fra:1 Mem:64.82M (Peak 143.53M) | Time:00:00.04 | Mem:0.00M, Peak:0.00M | Scene, ViewLayer | Synchronizing object | Mesh93
Fra:1 Mem:64.84M (Peak 143.53M) | Time:00:00.04 | Mem:0.00M, Peak:0.00M | Scene, ViewLayer | Synchronizing object | Mesh92
Fra:1 Mem:64.91M (Peak 143.53M) | Time:00:00.04 | Mem:0.00M, Peak:0.00M | Scene, ViewLayer | Synchronizing object | Mesh91
Fra:1 Mem:64.91M (Peak 143.53M) | Time:00:00.04 | Mem:0.00M, Peak:0.00M | Scene, ViewLayer | Synchronizing object | Mesh90
Fra:1 Mem:64.87M (Peak 143.53M) | Time:00:00.04 | Mem:0.00M, Peak:0.00M | Scene, ViewLayer | Synchronizing object | Mesh85
Fra:1 Mem:64.88M (Peak 143.53M) | Time:00:00.04 | Mem:0.00M, Peak:0.00M | Scene, ViewLayer | Synchronizing object | Mesh89
Fra:1 Mem:65.00M (Peak 143.53M) | Time:00:00.04 | Mem:0.00M, Peak:0.00M | Scene, ViewLayer | Synchronizing object | Mesh88
Fra:1 Mem:65.01M (Peak 143.53M) | Time:00:00.04 | Mem:0.00M, Peak:0.00M | Scene, ViewLayer | Synchronizing object | Mesh87
Fra:1 Mem:65.11M (Peak 143.53M) | Time:00:00.04 | Mem:0.00M, Peak:0.00M | Scene, ViewLayer | Synchronizing object | Mesh86
Fra:1 Mem:65.14M (Peak 143.53M) | Time:00:00.04 | Mem:0.00M, Peak:0.00M | Scene, ViewLayer | Initializing
Fra:1 Mem:56.30M (Peak 143.53M) | Time:00:00.05 | Mem:0.00M, Peak:0.00M | Scene, ViewLayer | Waiting for render to start
Fra:1 Mem:56.31M (Peak 143.53M) | Time:00:00.05 | Mem:0.00M, Peak:0.00M | Scene, ViewLayer | Loading render kernels (may take a few minutes the first time)
Fra:1 Mem:56.31M (Peak 143.53M) | Time:00:00.05 | Mem:0.00M, Peak:0.00M | Scene, ViewLayer | Updating Scene
Fra:1 Mem:56.31M (Peak 143.53M) | Time:00:00.05 | Mem:0.00M, Peak:0.00M | Scene, ViewLayer | Updating Shaders
Fra:1 Mem:56.40M (Peak 143.53M) | Time:00:00.05 | Mem:0.02M, Peak:0.02M | Scene, ViewLayer | Updating Procedurals
Fra:1 Mem:56.40M (Peak 143.53M) | Time:00:00.05 | Mem:0.02M, Peak:0.02M | Scene, ViewLayer | Updating Background
Fra:1 Mem:56.40M (Peak 143.53M) | Time:00:00.05 | Mem:0.02M, Peak:0.02M | Scene, ViewLayer | Updating Camera
Fra:1 Mem:56.40M (Peak 143.53M) | Time:00:00.05 | Mem:0.02M, Peak:0.02M | Scene, ViewLayer | Updating Meshes Flags
Fra:1 Mem:56.40M (Peak 143.53M) | Time:00:00.05 | Mem:0.02M, Peak:0.02M | Scene, ViewLayer | Updating Objects
Fra:1 Mem:56.40M (Peak 143.53M) | Time:00:00.05 | Mem:0.02M, Peak:0.02M | Scene, ViewLayer | Updating Objects | Copying Transformations to device
Fra:1 Mem:56.44M (Peak 143.53M) | Time:00:00.05 | Mem:0.05M, Peak:0.05M | Scene, ViewLayer | Updating Objects | Applying Static Transformations
Fra:1 Mem:56.44M (Peak 143.53M) | Time:00:00.05 | Mem:0.05M, Peak:0.05M | Scene, ViewLayer | Updating Particle Systems
Fra:1 Mem:56.44M (Peak 143.53M) | Time:00:00.05 | Mem:0.05M, Peak:0.05M | Scene, ViewLayer | Updating Particle Systems | Copying Particles to device
Fra:1 Mem:56.44M (Peak 143.53M) | Time:00:00.05 | Mem:0.05M, Peak:0.05M | Scene, ViewLayer | Updating Meshes
Fra:1 Mem:57.55M (Peak 143.53M) | Time:00:00.06 | Mem:0.05M, Peak:0.05M | Scene, ViewLayer | Updating Mesh | Computing attributes
Fra:1 Mem:59.61M (Peak 143.53M) | Time:00:00.06 | Mem:0.07M, Peak:0.07M | Scene, ViewLayer | Updating Mesh | Copying Attributes to device
Fra:1 Mem:59.59M (Peak 143.53M) | Time:00:00.06 | Mem:2.10M, Peak:2.10M | Scene, ViewLayer | Updating Scene BVH | Building
Fra:1 Mem:59.59M (Peak 143.53M) | Time:00:00.06 | Mem:2.10M, Peak:2.10M | Scene, ViewLayer | Updating Scene BVH | Building BVH
Fra:1 Mem:59.59M (Peak 143.53M) | Time:00:00.06 | Mem:4.30M, Peak:4.30M | Scene, ViewLayer | Updating Scene BVH | Building BVH 0%
Fra:1 Mem:59.59M (Peak 143.53M) | Time:00:00.07 | Mem:6.93M, Peak:9.14M | Scene, ViewLayer | Updating Scene BVH | Copying BVH to device
Fra:1 Mem:59.59M (Peak 143.53M) | Time:00:00.07 | Mem:6.93M, Peak:9.14M | Scene, ViewLayer | Updating Mesh | Computing normals
Fra:1 Mem:66.39M (Peak 143.53M) | Time:00:00.07 | Mem:6.93M, Peak:9.14M | Scene, ViewLayer | Updating Mesh | Copying Mesh to device
Fra:1 Mem:66.39M (Peak 143.53M) | Time:00:00.07 | Mem:13.73M, Peak:13.73M | Scene, ViewLayer | Updating Objects Flags
Fra:1 Mem:66.39M (Peak 143.53M) | Time:00:00.07 | Mem:13.73M, Peak:13.73M | Scene, ViewLayer | Updating Primitive Offsets
Fra:1 Mem:66.39M (Peak 143.53M) | Time:00:00.07 | Mem:13.73M, Peak:13.73M | Scene, ViewLayer | Updating Images
Fra:1 Mem:66.39M (Peak 143.53M) | Time:00:00.07 | Mem:13.73M, Peak:13.73M | Scene, ViewLayer | Updating Camera Volume
Fra:1 Mem:66.39M (Peak 143.53M) | Time:00:00.07 | Mem:13.73M, Peak:13.73M | Scene, ViewLayer | Updating Lookup Tables
Fra:1 Mem:66.39M (Peak 143.53M) | Time:00:00.07 | Mem:13.81M, Peak:13.81M | Scene, ViewLayer | Updating Lights
Fra:1 Mem:66.39M (Peak 143.53M) | Time:00:00.07 | Mem:13.81M, Peak:13.81M | Scene, ViewLayer | Updating Lights | Computing tree
Fra:1 Mem:66.39M (Peak 143.53M) | Time:00:00.07 | Mem:13.81M, Peak:13.81M | Scene, ViewLayer | Updating Integrator
Fra:1 Mem:66.39M (Peak 143.53M) | Time:00:00.07 | Mem:13.81M, Peak:13.81M | Scene, ViewLayer | Updating Film
Fra:1 Mem:66.39M (Peak 143.53M) | Time:00:00.07 | Mem:13.73M, Peak:13.81M | Scene, ViewLayer | Updating Lookup Tables
Fra:1 Mem:66.39M (Peak 143.53M) | Time:00:00.07 | Mem:13.82M, Peak:13.82M | Scene, ViewLayer | Updating Baking
Fra:1 Mem:66.39M (Peak 143.53M) | Time:00:00.07 | Mem:13.82M, Peak:13.82M | Scene, ViewLayer | Updating Device | Writing constant memory
Fra:1 Mem:66.40M (Peak 143.53M) | Time:00:00.07 | Mem:13.82M, Peak:13.82M | Scene, ViewLayer | Loading denoising kernels (may take a few minutes the first time)
Fra:1 Mem:66.40M (Peak 143.53M) | Time:00:00.07 | Mem:13.82M, Peak:13.82M | Scene, ViewLayer | Sample 0/2
Fra:1 Mem:103.98M (Peak 143.53M) | Time:00:00.18 | Remaining:00:00.11 | Mem:51.39M, Peak:51.39M | Scene, ViewLayer | Sample 1/2
Fra:1 Mem:119.80M (Peak 143.53M) | Time:00:09.69 | Mem:51.39M, Peak:51.39M | Scene, ViewLayer | Sample 2/2
Fra:1 Mem:119.80M (Peak 143.53M) | Time:00:09.69 | Mem:51.39M, Peak:51.39M | Scene, ViewLayer | Finished
Append frame 1
Time: 00:09.74 (Saving: 00:00.04)

Fra:2 Mem:55.82M (Peak 143.53M) | Time:00:00.01 | Mem:0.00M, Peak:0.00M | Scene, ViewLayer | Synchronizing object | Mesh1
Fra:2 Mem:55.85M (Peak 143.53M) | Time:00:00.01 | Mem:0.00M, Peak:0.00M | Scene, ViewLayer | Synchronizing object | Mesh2
Fra:2 Mem:55.92M (Peak 143.53M) | Time:00:00.01 | Mem:0.00M, Peak:0.00M | Scene, ViewLayer | Synchronizing object | Mesh3
Fra:2 Mem:56.01M (Peak 143.53M) | Time:00:00.01 | Mem:0.00M, Peak:0.00M | Scene, ViewLayer | Synchronizing object | Mesh4
Fra:2 Mem:56.01M (Peak 143.53M) | Time:00:00.01 | Mem:0.00M, Peak:0.00M | Scene, ViewLayer | Synchronizing object | Mesh5
Fra:2 Mem:56.05M (Peak 143.53M) | Time:00:00.01 | Mem:0.00M, Peak:0.00M | Scene, ViewLayer | Synchronizing object | Mesh6
Fra:2 Mem:56.28M (Peak 143.53M) | Time:00:00.01 | Mem:0.00M, Peak:0.00M | Scene, ViewLayer | Synchronizing object | Mesh168
Fra:2 Mem:56.23M (Peak 143.53M) | Time:00:00.01 | Mem:0.00M, Peak:0.00M | Scene, ViewLayer | Synchronizing object | Mesh7
Fra:2 Mem:56.19M (Peak 143.53M) | Time:00:00.01 | Mem:0.00M, Peak:0.00M | Scene, ViewLayer | Synchronizing object | Mesh167
Fra:2 Mem:57.65M (Peak 143.53M) | Time:00:00.02 | Mem:0.00M, Peak:0.00M | Scene, ViewLayer | Synchronizing object | Mesh8
Fra:2 Mem:57.57M (Peak 143.53M) | Time:00:00.02 | Mem:0.00M, Peak:0.00M | Scene, ViewLayer | Synchronizing object | Mesh166
Fra:2 Mem:57.62M (Peak 143.53M) | Time:00:00.02 | Mem:0.00M, Peak:0.00M | Scene, ViewLayer | Synchronizing object | Mesh165
Fra:2 Mem:57.60M (Peak 143.53M) | Time:00:00.02 | Mem:0.00M, Peak:0.00M | Scene, ViewLayer | Synchronizing object | Mesh9
Fra:2 Mem:57.60M (Peak 143.53M) | Time:00:00.02 | Mem:0.00M, Peak:0.00M | Scene, ViewLayer | Synchronizing object | Mesh164
Fra:2 Mem:57.65M (Peak 143.53M) | Time:00:00.02 | Mem:0.00M, Peak:0.00M | Scene, ViewLayer | Synchronizing object | Mesh163
Fra:2 Mem:57.74M (Peak 143.53M) | Time:00:00.02 | Mem:0.00M, Peak:0.00M | Scene, ViewLayer | Synchronizing object | Mesh10
Fra:2 Mem:57.72M (Peak 143.53M) | Time:00:00.02 | Mem:0.00M, Peak:0.00M | Scene, ViewLayer | Synchronizing object | Mesh162
Fra:2 Mem:57.85M (Peak 143.53M) | Time:00:00.02 | Mem:0.00M, Peak:0.00M | Scene, ViewLayer | Synchronizing object | Mesh11
Fra:2 Mem:57.83M (Peak 143.53M) | Time:00:00.02 | Mem:0.00M, Peak:0.00M | Scene, ViewLayer | Synchronizing object | Mesh161
Fra:2 Mem:57.96M (Peak 143.53M) | Time:00:00.02 | Mem:0.00M, Peak:0.00M | Scene, ViewLayer | Synchronizing object | Mesh12
Fra:2 Mem:58.00M (Peak 143.53M) | Time:00:00.02 | Mem:0.00M, Peak:0.00M | Scene, ViewLayer | Synchronizing object | Mesh13
Fra:2 Mem:57.99M (Peak 143.53M) | Time:00:00.02 | Mem:0.00M, Peak:0.00M | Scene, ViewLayer | Synchronizing object | Mesh14
Fra:2 Mem:57.98M (Peak 143.53M) | Time:00:00.02 | Mem:0.00M, Peak:0.00M | Scene, ViewLayer | Synchronizing object | Mesh160
Fra:2 Mem:58.10M (Peak 143.53M) | Time:00:00.02 | Mem:0.00M, Peak:0.00M | Scene, ViewLayer | Synchronizing object | Mesh15
Fra:2 Mem:58.27M (Peak 143.53M) | Time:00:00.02 | Mem:0.00M, Peak:0.00M | Scene, ViewLayer | Synchronizing object | Mesh159
Fra:2 Mem:59.38M (Peak 143.53M) | Time:00:00.03 | Mem:0.00M, Peak:0.00M | Scene, ViewLayer | Synchronizing object | Mesh158
Fra:2 Mem:59.38M (Peak 143.53M) | Time:00:00.03 | Mem:0.00M, Peak:0.00M | Scene, ViewLayer | Synchronizing object | Mesh16
Fra:2 Mem:59.64M (Peak 143.53M) | Time:00:00.03 | Mem:0.00M, Peak:0.00M | Scene, ViewLayer | Synchronizing object | Mesh17
Fra:2 Mem:59.66M (Peak 143.53M) | Time:00:00.03 | Mem:0.00M, Peak:0.00M | Scene, ViewLayer | Synchronizing object | Mesh18
Fra:2 Mem:59.71M (Peak 143.53M) | Time:00:00.03 | Mem:0.00M, Peak:0.00M | Scene, ViewLayer | Synchronizing object | Mesh19
Fra:2 Mem:59.71M (Peak 143.53M) | Time:00:00.03 | Mem:0.00M, Peak:0.00M | Scene, ViewLayer | Synchronizing object | Mesh20
Fra:2 Mem:59.67M (Peak 143.53M) | Time:00:00.03 | Mem:0.00M, Peak:0.00M | Scene, ViewLayer | Synchronizing object | Mesh157
Fra:2 Mem:59.78M (Peak 143.53M) | Time:00:00.03 | Mem:0.00M, Peak:0.00M | Scene, ViewLayer | Synchronizing object | Mesh156
Fra:2 Mem:59.79M (Peak 143.53M) | Time:00:00.03 | Mem:0.00M, Peak:0.00M | Scene, ViewLayer | Synchronizing object | Mesh155
Fra:2 Mem:59.78M (Peak 143.53M) | Time:00:00.03 | Mem:0.00M, Peak:0.00M | Scene, ViewLayer | Synchronizing object | Mesh21
Fra:2 Mem:59.77M (Peak 143.53M) | Time:00:00.03 | Mem:0.00M, Peak:0.00M | Scene, ViewLayer | Synchronizing object | Mesh154
Fra:2 Mem:59.81M (Peak 143.53M) | Time:00:00.03 | Mem:0.00M, Peak:0.00M | Scene, ViewLayer | Synchronizing object | Mesh22
Fra:2 Mem:59.98M (Peak 143.53M) | Time:00:00.03 | Mem:0.00M, Peak:0.00M | Scene, ViewLayer | Synchronizing object | Mesh153
Fra:2 Mem:59.94M (Peak 143.53M) | Time:00:00.03 | Mem:0.00M, Peak:0.00M | Scene, ViewLayer | Synchronizing object | Mesh23
Fra:2 Mem:59.96M (Peak 143.53M) | Time:00:00.03 | Mem:0.00M, Peak:0.00M | Scene, ViewLayer | Synchronizing object | Mesh24
Fra:2 Mem:60.00M (Peak 143.53M) | Time:00:00.03 | Mem:0.00M, Peak:0.00M | Scene, ViewLayer | Synchronizing object | Mesh25
Fra:2 Mem:59.97M (Peak 143.53M) | Time:00:00.03 | Mem:0.00M, Peak:0.00M | Scene, ViewLayer | Synchronizing object | Mesh152
Fra:2 Mem:60.02M (Peak 143.53M) | Time:00:00.03 | Mem:0.00M, Peak:0.00M | Scene, ViewLayer | Synchronizing object | Mesh151
Fra:2 Mem:60.06M (Peak 143.53M) | Time:00:00.03 | Mem:0.00M, Peak:0.00M | Scene, ViewLayer | Synchronizing object | Mesh150
Fra:2 Mem:60.07M (Peak 143.53M) | Time:00:00.03 | Mem:0.00M, Peak:0.00M | Scene, ViewLayer | Synchronizing object | Mesh149
Fra:2 Mem:60.07M (Peak 143.53M) | Time:00:00.03 | Mem:0.00M, Peak:0.00M | Scene, ViewLayer | Synchronizing object | Mesh148
Fra:2 Mem:60.19M (Peak 143.53M) | Time:00:00.03 | Mem:0.00M, Peak:0.00M | Scene, ViewLayer | Synchronizing object | Mesh147
Fra:2 Mem:60.13M (Peak 143.53M) | Time:00:00.03 | Mem:0.00M, Peak:0.00M | Scene, ViewLayer | Synchronizing object | Mesh26
Fra:2 Mem:60.12M (Peak 143.53M) | Time:00:00.03 | Mem:0.00M, Peak:0.00M | Scene, ViewLayer | Synchronizing object | Mesh146
Fra:2 Mem:60.13M (Peak 143.53M) | Time:00:00.03 | Mem:0.00M, Peak:0.00M | Scene, ViewLayer | Synchronizing object | Mesh145
Fra:2 Mem:60.18M (Peak 143.53M) | Time:00:00.03 | Mem:0.00M, Peak:0.00M | Scene, ViewLayer | Synchronizing object | Mesh144
Fra:2 Mem:60.16M (Peak 143.53M) | Time:00:00.03 | Mem:0.00M, Peak:0.00M | Scene, ViewLayer | Synchronizing object | Mesh143
Fra:2 Mem:60.15M (Peak 143.53M) | Time:00:00.03 | Mem:0.00M, Peak:0.00M | Scene, ViewLayer | Synchronizing object | Mesh27
Fra:2 Mem:60.16M (Peak 143.53M) | Time:00:00.03 | Mem:0.00M, Peak:0.00M | Scene, ViewLayer | Synchronizing object | Mesh142
Fra:2 Mem:60.19M (Peak 143.53M) | Time:00:00.03 | Mem:0.00M, Peak:0.00M | Scene, ViewLayer | Synchronizing object | Mesh28
Fra:2 Mem:60.21M (Peak 143.53M) | Time:00:00.03 | Mem:0.00M, Peak:0.00M | Scene, ViewLayer | Synchronizing object | Mesh29
Fra:2 Mem:60.26M (Peak 143.53M) | Time:00:00.03 | Mem:0.00M, Peak:0.00M | Scene, ViewLayer | Synchronizing object | Mesh30
Fra:2 Mem:60.35M (Peak 143.53M) | Time:00:00.03 | Mem:0.00M, Peak:0.00M | Scene, ViewLayer | Synchronizing object | Mesh31
Fra:2 Mem:60.48M (Peak 143.53M) | Time:00:00.03 | Mem:0.00M, Peak:0.00M | Scene, ViewLayer | Synchronizing object | Mesh32
Fra:2 Mem:60.52M (Peak 143.53M) | Time:00:00.03 | Mem:0.00M, Peak:0.00M | Scene, ViewLayer | Synchronizing object | Mesh33
Fra:2 Mem:60.49M (Peak 143.53M) | Time:00:00.03 | Mem:0.00M, Peak:0.00M | Scene, ViewLayer | Synchronizing object | Mesh34
Fra:2 Mem:60.44M (Peak 143.53M) | Time:00:00.03 | Mem:0.00M, Peak:0.00M | Scene, ViewLayer | Synchronizing object | Mesh141
Fra:2 Mem:60.43M (Peak 143.53M) | Time:00:00.03 | Mem:0.00M, Peak:0.00M | Scene, ViewLayer | Synchronizing object | Mesh35
Fra:2 Mem:60.54M (Peak 143.53M) | Time:00:00.03 | Mem:0.00M, Peak:0.00M | Scene, ViewLayer | Synchronizing object | Mesh140
Fra:2 Mem:60.51M (Peak 143.53M) | Time:00:00.03 | Mem:0.00M, Peak:0.00M | Scene, ViewLayer | Synchronizing object | Mesh36
Fra:2 Mem:60.65M (Peak 143.53M) | Time:00:00.03 | Mem:0.00M, Peak:0.00M | Scene, ViewLayer | Synchronizing object | Mesh139
Fra:2 Mem:60.64M (Peak 143.53M) | Time:00:00.03 | Mem:0.00M, Peak:0.00M | Scene, ViewLayer | Synchronizing object | Mesh138
Fra:2 Mem:60.84M (Peak 143.53M) | Time:00:00.03 | Mem:0.00M, Peak:0.00M | Scene, ViewLayer | Synchronizing object | Mesh137
Fra:2 Mem:60.85M (Peak 143.53M) | Time:00:00.03 | Mem:0.00M, Peak:0.00M | Scene, ViewLayer | Synchronizing object | Mesh38
Fra:2 Mem:60.86M (Peak 143.53M) | Time:00:00.03 | Mem:0.00M, Peak:0.00M | Scene, ViewLayer | Synchronizing object | Mesh39
Fra:2 Mem:60.93M (Peak 143.53M) | Time:00:00.03 | Mem:0.00M, Peak:0.00M | Scene, ViewLayer | Synchronizing object | Mesh40
Fra:2 Mem:60.87M (Peak 143.53M) | Time:00:00.03 | Mem:0.00M, Peak:0.00M | Scene, ViewLayer | Synchronizing object | Mesh136
Fra:2 Mem:60.87M (Peak 143.53M) | Time:00:00.03 | Mem:0.00M, Peak:0.00M | Scene, ViewLayer | Synchronizing object | Mesh135
Fra:2 Mem:61.08M (Peak 143.53M) | Time:00:00.03 | Mem:0.00M, Peak:0.00M | Scene, ViewLayer | Synchronizing object | Mesh134
Fra:2 Mem:61.08M (Peak 143.53M) | Time:00:00.03 | Mem:0.00M, Peak:0.00M | Scene, ViewLayer | Synchronizing object | Mesh133
Fra:2 Mem:61.10M (Peak 143.53M) | Time:00:00.03 | Mem:0.00M, Peak:0.00M | Scene, ViewLayer | Synchronizing object | Mesh132
Fra:2 Mem:61.05M (Peak 143.53M) | Time:00:00.03 | Mem:0.00M, Peak:0.00M | Scene, ViewLayer | Synchronizing object | Mesh42
Fra:2 Mem:61.19M (Peak 143.53M) | Time:00:00.03 | Mem:0.00M, Peak:0.00M | Scene, ViewLayer | Synchronizing object | Mesh43
Fra:2 Mem:61.22M (Peak 143.53M) | Time:00:00.03 | Mem:0.00M, Peak:0.00M | Scene, ViewLayer | Synchronizing object | Mesh44
Fra:2 Mem:61.18M (Peak 143.53M) | Time:00:00.03 | Mem:0.00M, Peak:0.00M | Scene, ViewLayer | Synchronizing object | Mesh131
Fra:2 Mem:61.18M (Peak 143.53M) | Time:00:00.03 | Mem:0.00M, Peak:0.00M | Scene, ViewLayer | Synchronizing object | Mesh45
Fra:2 Mem:61.20M (Peak 143.53M) | Time:00:00.03 | Mem:0.00M, Peak:0.00M | Scene, ViewLayer | Synchronizing object | Mesh130
Fra:2 Mem:61.19M (Peak 143.53M) | Time:00:00.03 | Mem:0.00M, Peak:0.00M | Scene, ViewLayer | Synchronizing object | Mesh129
Fra:2 Mem:61.19M (Peak 143.53M) | Time:00:00.03 | Mem:0.00M, Peak:0.00M | Scene, ViewLayer | Synchronizing object | Mesh128
Fra:2 Mem:61.20M (Peak 143.53M) | Time:00:00.03 | Mem:0.00M, Peak:0.00M | Scene, ViewLayer | Synchronizing object | Mesh47
Fra:2 Mem:61.21M (Peak 143.53M) | Time:00:00.03 | Mem:0.00M, Peak:0.00M | Scene, ViewLayer | Synchronizing object | Mesh127
Fra:2 Mem:61.21M (Peak 143.53M) | Time:00:00.03 | Mem:0.00M, Peak:0.00M | Scene, ViewLayer | Synchronizing object | Mesh48
Fra:2 Mem:61.27M (Peak 143.53M) | Time:00:00.03 | Mem:0.00M, Peak:0.00M | Scene, ViewLayer | Synchronizing object | Mesh49
Fra:2 Mem:61.28M (Peak 143.53M) | Time:00:00.03 | Mem:0.00M, Peak:0.00M | Scene, ViewLayer | Synchronizing object | Mesh126
Fra:2 Mem:61.30M (Peak 143.53M) | Time:00:00.03 | Mem:0.00M, Peak:0.00M | Scene, ViewLayer | Synchronizing object | Mesh50
Fra:2 Mem:61.31M (Peak 143.53M) | Time:00:00.03 | Mem:0.00M, Peak:0.00M | Scene, ViewLayer | Synchronizing object | Mesh125
Fra:2 Mem:61.31M (Peak 143.53M) | Time:00:00.03 | Mem:0.00M, Peak:0.00M | Scene, ViewLayer | Synchronizing object | Mesh51
Fra:2 Mem:61.34M (Peak 143.53M) | Time:00:00.03 | Mem:0.00M, Peak:0.00M | Scene, ViewLayer | Synchronizing object | Mesh52
Fra:2 Mem:61.34M (Peak 143.53M) | Time:00:00.03 | Mem:0.00M, Peak:0.00M | Scene, ViewLayer | Synchronizing object | Mesh53
Fra:2 Mem:61.36M (Peak 143.53M) | Time:00:00.03 | Mem:0.00M, Peak:0.00M | Scene, ViewLayer | Synchronizing object | Mesh54
Fra:2 Mem:61.36M (Peak 143.53M) | Time:00:00.03 | Mem:0.00M, Peak:0.00M | Scene, ViewLayer | Synchronizing object | Mesh124
Fra:2 Mem:61.39M (Peak 143.53M) | Time:00:00.03 | Mem:0.00M, Peak:0.00M | Scene, ViewLayer | Synchronizing object | Mesh123
Fra:2 Mem:61.39M (Peak 143.53M) | Time:00:00.03 | Mem:0.00M, Peak:0.00M | Scene, ViewLayer | Synchronizing object | Mesh122
Fra:2 Mem:61.38M (Peak 143.53M) | Time:00:00.03 | Mem:0.00M, Peak:0.00M | Scene, ViewLayer | Synchronizing object | Mesh121
Fra:2 Mem:61.39M (Peak 143.53M) | Time:00:00.03 | Mem:0.00M, Peak:0.00M | Scene, ViewLayer | Synchronizing object | Mesh120
Fra:2 Mem:61.41M (Peak 143.53M) | Time:00:00.03 | Mem:0.00M, Peak:0.00M | Scene, ViewLayer | Synchronizing object | Mesh56
Fra:2 Mem:61.41M (Peak 143.53M) | Time:00:00.03 | Mem:0.00M, Peak:0.00M | Scene, ViewLayer | Synchronizing object | Mesh119
Fra:2 Mem:61.41M (Peak 143.53M) | Time:00:00.03 | Mem:0.00M, Peak:0.00M | Scene, ViewLayer | Synchronizing object | Mesh57
Fra:2 Mem:61.57M (Peak 143.53M) | Time:00:00.03 | Mem:0.00M, Peak:0.00M | Scene, ViewLayer | Synchronizing object | Mesh58
Fra:2 Mem:61.74M (Peak 143.53M) | Time:00:00.03 | Mem:0.00M, Peak:0.00M | Scene, ViewLayer | Synchronizing object | Mesh59
Fra:2 Mem:61.76M (Peak 143.53M) | Time:00:00.03 | Mem:0.00M, Peak:0.00M | Scene, ViewLayer | Synchronizing object | Mesh60
Fra:2 Mem:61.87M (Peak 143.53M) | Time:00:00.03 | Mem:0.00M, Peak:0.00M | Scene, ViewLayer | Synchronizing object | Mesh61
Fra:2 Mem:61.80M (Peak 143.53M) | Time:00:00.03 | Mem:0.00M, Peak:0.00M | Scene, ViewLayer | Synchronizing object | Mesh118
Fra:2 Mem:61.87M (Peak 143.53M) | Time:00:00.03 | Mem:0.00M, Peak:0.00M | Scene, ViewLayer | Synchronizing object | Mesh117
Fra:2 Mem:61.92M (Peak 143.53M) | Time:00:00.03 | Mem:0.00M, Peak:0.00M | Scene, ViewLayer | Synchronizing object | Mesh116
Fra:2 Mem:62.07M (Peak 143.53M) | Time:00:00.03 | Mem:0.00M, Peak:0.00M | Scene, ViewLayer | Synchronizing object | Mesh115
Fra:2 Mem:62.35M (Peak 143.53M) | Time:00:00.03 | Mem:0.00M, Peak:0.00M | Scene, ViewLayer | Synchronizing object | Mesh62
Fra:2 Mem:62.28M (Peak 143.53M) | Time:00:00.03 | Mem:0.00M, Peak:0.00M | Scene, ViewLayer | Synchronizing object | Mesh114
Fra:2 Mem:62.32M (Peak 143.53M) | Time:00:00.03 | Mem:0.00M, Peak:0.00M | Scene, ViewLayer | Synchronizing object | Mesh63
Fra:2 Mem:62.39M (Peak 143.53M) | Time:00:00.03 | Mem:0.00M, Peak:0.00M | Scene, ViewLayer | Synchronizing object | Mesh64
Fra:2 Mem:62.42M (Peak 143.53M) | Time:00:00.03 | Mem:0.00M, Peak:0.00M | Scene, ViewLayer | Synchronizing object | Mesh113
Fra:2 Mem:62.41M (Peak 143.53M) | Time:00:00.03 | Mem:0.00M, Peak:0.00M | Scene, ViewLayer | Synchronizing object | Mesh65
Fra:2 Mem:62.47M (Peak 143.53M) | Time:00:00.03 | Mem:0.00M, Peak:0.00M | Scene, ViewLayer | Synchronizing object | Mesh66
Fra:2 Mem:62.47M (Peak 143.53M) | Time:00:00.03 | Mem:0.00M, Peak:0.00M | Scene, ViewLayer | Synchronizing object | Mesh112
Fra:2 Mem:62.48M (Peak 143.53M) | Time:00:00.03 | Mem:0.00M, Peak:0.00M | Scene, ViewLayer | Synchronizing object | Mesh67
Fra:2 Mem:62.58M (Peak 143.53M) | Time:00:00.03 | Mem:0.00M, Peak:0.00M | Scene, ViewLayer | Synchronizing object | Mesh111
Fra:2 Mem:62.91M (Peak 143.53M) | Time:00:00.03 | Mem:0.00M, Peak:0.00M | Scene, ViewLayer | Synchronizing object | Mesh110
Fra:2 Mem:62.74M (Peak 143.53M) | Time:00:00.04 | Mem:0.00M, Peak:0.00M | Scene, ViewLayer | Synchronizing object | Mesh68
Fra:2 Mem:62.89M (Peak 143.53M) | Time:00:00.04 | Mem:0.00M, Peak:0.00M | Scene, ViewLayer | Synchronizing object | Mesh109
Fra:2 Mem:62.89M (Peak 143.53M) | Time:00:00.04 | Mem:0.00M, Peak:0.00M | Scene, ViewLayer | Synchronizing object | Mesh108
Fra:2 Mem:62.87M (Peak 143.53M) | Time:00:00.04 | Mem:0.00M, Peak:0.00M | Scene, ViewLayer | Synchronizing object | Mesh69
Fra:2 Mem:63.04M (Peak 143.53M) | Time:00:00.04 | Mem:0.00M, Peak:0.00M | Scene, ViewLayer | Synchronizing object | Mesh107
Fra:2 Mem:63.17M (Peak 143.53M) | Time:00:00.04 | Mem:0.00M, Peak:0.00M | Scene, ViewLayer | Synchronizing object | Mesh106
Fra:2 Mem:63.39M (Peak 143.53M) | Time:00:00.04 | Mem:0.00M, Peak:0.00M | Scene, ViewLayer | Synchronizing object | Mesh70
Fra:2 Mem:63.63M (Peak 143.53M) | Time:00:00.04 | Mem:0.00M, Peak:0.00M | Scene, ViewLayer | Synchronizing object | Mesh71
Fra:2 Mem:63.88M (Peak 143.53M) | Time:00:00.04 | Mem:0.00M, Peak:0.00M | Scene, ViewLayer | Synchronizing object | Mesh72
Fra:2 Mem:64.11M (Peak 143.53M) | Time:00:00.04 | Mem:0.00M, Peak:0.00M | Scene, ViewLayer | Synchronizing object | Mesh73
Fra:2 Mem:64.14M (Peak 143.53M) | Time:00:00.04 | Mem:0.00M, Peak:0.00M | Scene, ViewLayer | Synchronizing object | Mesh74
Fra:2 Mem:64.14M (Peak 143.53M) | Time:00:00.04 | Mem:0.00M, Peak:0.00M | Scene, ViewLayer | Synchronizing object | Mesh75
Fra:2 Mem:64.04M (Peak 143.53M) | Time:00:00.04 | Mem:0.00M, Peak:0.00M | Scene, ViewLayer | Synchronizing object | Mesh76
Fra:2 Mem:64.09M (Peak 143.53M) | Time:00:00.04 | Mem:0.00M, Peak:0.00M | Scene, ViewLayer | Synchronizing object | Mesh77
Fra:2 Mem:63.91M (Peak 143.53M) | Time:00:00.04 | Mem:0.00M, Peak:0.00M | Scene, ViewLayer | Synchronizing object | Mesh105
Fra:2 Mem:64.07M (Peak 143.53M) | Time:00:00.04 | Mem:0.00M, Peak:0.00M | Scene, ViewLayer | Synchronizing object | Mesh78
Fra:2 Mem:64.07M (Peak 143.53M) | Time:00:00.04 | Mem:0.00M, Peak:0.00M | Scene, ViewLayer | Synchronizing object | Mesh79
Fra:2 Mem:64.07M (Peak 143.53M) | Time:00:00.04 | Mem:0.00M, Peak:0.00M | Scene, ViewLayer | Synchronizing object | Mesh80
Fra:2 Mem:64.11M (Peak 143.53M) | Time:00:00.04 | Mem:0.00M, Peak:0.00M | Scene, ViewLayer | Synchronizing object | Mesh81
Fra:2 Mem:64.31M (Peak 143.53M) | Time:00:00.04 | Mem:0.00M, Peak:0.00M | Scene, ViewLayer | Synchronizing object | Mesh104
Fra:2 Mem:64.47M (Peak 143.53M) | Time:00:00.04 | Mem:0.00M, Peak:0.00M | Scene, ViewLayer | Synchronizing object | Mesh103
Fra:2 Mem:64.38M (Peak 143.53M) | Time:00:00.04 | Mem:0.00M, Peak:0.00M | Scene, ViewLayer | Synchronizing object | Mesh102
Fra:2 Mem:64.49M (Peak 143.53M) | Time:00:00.04 | Mem:0.00M, Peak:0.00M | Scene, ViewLayer | Synchronizing object | Mesh101
Fra:2 Mem:64.33M (Peak 143.53M) | Time:00:00.04 | Mem:0.00M, Peak:0.00M | Scene, ViewLayer | Synchronizing object | Mesh82
Fra:2 Mem:64.39M (Peak 143.53M) | Time:00:00.04 | Mem:0.00M, Peak:0.00M | Scene, ViewLayer | Synchronizing object | Mesh100
Fra:2 Mem:64.35M (Peak 143.53M) | Time:00:00.04 | Mem:0.00M, Peak:0.00M | Scene, ViewLayer | Synchronizing object | Mesh83
Fra:2 Mem:64.53M (Peak 143.53M) | Time:00:00.04 | Mem:0.00M, Peak:0.00M | Scene, ViewLayer | Synchronizing object | Mesh84
Fra:2 Mem:64.62M (Peak 143.53M) | Time:00:00.04 | Mem:0.00M, Peak:0.00M | Scene, ViewLayer | Synchronizing object | Mesh99
Fra:2 Mem:64.67M (Peak 143.53M) | Time:00:00.04 | Mem:0.00M, Peak:0.00M | Scene, ViewLayer | Synchronizing object | Mesh85
Fra:2 Mem:64.89M (Peak 143.53M) | Time:00:00.04 | Mem:0.00M, Peak:0.00M | Scene, ViewLayer | Synchronizing object | Mesh86
Fra:2 Mem:64.97M (Peak 143.53M) | Time:00:00.04 | Mem:0.00M, Peak:0.00M | Scene, ViewLayer | Synchronizing object | Mesh87
Fra:2 Mem:64.97M (Peak 143.53M) | Time:00:00.04 | Mem:0.00M, Peak:0.00M | Scene, ViewLayer | Synchronizing object | Mesh88
Fra:2 Mem:64.98M (Peak 143.53M) | Time:00:00.04 | Mem:0.00M, Peak:0.00M | Scene, ViewLayer | Synchronizing object | Mesh89
Fra:2 Mem:64.98M (Peak 143.53M) | Time:00:00.04 | Mem:0.00M, Peak:0.00M | Scene, ViewLayer | Synchronizing object | Mesh90
Fra:2 Mem:64.99M (Peak 143.53M) | Time:00:00.04 | Mem:0.00M, Peak:0.00M | Scene, ViewLayer | Synchronizing object | Mesh91
Fra:2 Mem:64.99M (Peak 143.53M) | Time:00:00.04 | Mem:0.00M, Peak:0.00M | Scene, ViewLayer | Synchronizing object | Mesh92
Fra:2 Mem:65.01M (Peak 143.53M) | Time:00:00.04 | Mem:0.00M, Peak:0.00M | Scene, ViewLayer | Synchronizing object | Mesh93
Fra:2 Mem:65.03M (Peak 143.53M) | Time:00:00.04 | Mem:0.00M, Peak:0.00M | Scene, ViewLayer | Synchronizing object | Mesh94
Fra:2 Mem:65.05M (Peak 143.53M) | Time:00:00.04 | Mem:0.00M, Peak:0.00M | Scene, ViewLayer | Synchronizing object | Mesh95
Fra:2 Mem:65.10M (Peak 143.53M) | Time:00:00.04 | Mem:0.00M, Peak:0.00M | Scene, ViewLayer | Synchronizing object | Mesh96
Fra:2 Mem:65.17M (Peak 143.53M) | Time:00:00.04 | Mem:0.00M, Peak:0.00M | Scene, ViewLayer | Synchronizing object | Mesh97
Fra:2 Mem:65.11M (Peak 143.53M) | Time:00:00.04 | Mem:0.00M, Peak:0.00M | Scene, ViewLayer | Synchronizing object | Mesh98
Fra:2 Mem:65.14M (Peak 143.53M) | Time:00:00.04 | Mem:0.00M, Peak:0.00M | Scene, ViewLayer | Initializing
Fra:2 Mem:56.30M (Peak 143.53M) | Time:00:00.05 | Mem:0.00M, Peak:0.00M | Scene, ViewLayer | Waiting for render to start
Fra:2 Mem:56.31M (Peak 143.53M) | Time:00:00.05 | Mem:0.00M, Peak:0.00M | Scene, ViewLayer | Loading render kernels (may take a few minutes the first time)
Fra:2 Mem:56.31M (Peak 143.53M) | Time:00:00.05 | Mem:0.00M, Peak:0.00M | Scene, ViewLayer | Updating Scene
Fra:2 Mem:56.31M (Peak 143.53M) | Time:00:00.05 | Mem:0.00M, Peak:0.00M | Scene, ViewLayer | Updating Shaders
Fra:2 Mem:56.40M (Peak 143.53M) | Time:00:00.05 | Mem:0.02M, Peak:0.02M | Scene, ViewLayer | Updating Procedurals
Fra:2 Mem:56.40M (Peak 143.53M) | Time:00:00.05 | Mem:0.02M, Peak:0.02M | Scene, ViewLayer | Updating Background
Fra:2 Mem:56.40M (Peak 143.53M) | Time:00:00.05 | Mem:0.02M, Peak:0.02M | Scene, ViewLayer | Updating Camera
Fra:2 Mem:56.40M (Peak 143.53M) | Time:00:00.05 | Mem:0.02M, Peak:0.02M | Scene, ViewLayer | Updating Meshes Flags
Fra:2 Mem:56.40M (Peak 143.53M) | Time:00:00.05 | Mem:0.02M, Peak:0.02M | Scene, ViewLayer | Updating Objects
Fra:2 Mem:56.40M (Peak 143.53M) | Time:00:00.05 | Mem:0.02M, Peak:0.02M | Scene, ViewLayer | Updating Objects | Copying Transformations to device
Fra:2 Mem:56.44M (Peak 143.53M) | Time:00:00.05 | Mem:0.05M, Peak:0.05M | Scene, ViewLayer | Updating Objects | Applying Static Transformations
Fra:2 Mem:56.44M (Peak 143.53M) | Time:00:00.05 | Mem:0.05M, Peak:0.05M | Scene, ViewLayer | Updating Particle Systems
Fra:2 Mem:56.44M (Peak 143.53M) | Time:00:00.05 | Mem:0.05M, Peak:0.05M | Scene, ViewLayer | Updating Particle Systems | Copying Particles to device
Fra:2 Mem:56.44M (Peak 143.53M) | Time:00:00.05 | Mem:0.05M, Peak:0.05M | Scene, ViewLayer | Updating Meshes
Fra:2 Mem:57.55M (Peak 143.53M) | Time:00:00.05 | Mem:0.05M, Peak:0.05M | Scene, ViewLayer | Updating Mesh | Computing attributes
Fra:2 Mem:59.61M (Peak 143.53M) | Time:00:00.05 | Mem:0.07M, Peak:0.07M | Scene, ViewLayer | Updating Mesh | Copying Attributes to device
Fra:2 Mem:59.59M (Peak 143.53M) | Time:00:00.05 | Mem:2.10M, Peak:2.10M | Scene, ViewLayer | Updating Scene BVH | Building
Fra:2 Mem:59.59M (Peak 143.53M) | Time:00:00.05 | Mem:2.10M, Peak:2.10M | Scene, ViewLayer | Updating Scene BVH | Building BVH
Fra:2 Mem:59.59M (Peak 143.53M) | Time:00:00.05 | Mem:4.30M, Peak:4.30M | Scene, ViewLayer | Updating Scene BVH | Building BVH 0%
Fra:2 Mem:59.59M (Peak 143.53M) | Time:00:00.07 | Mem:6.93M, Peak:9.14M | Scene, ViewLayer | Updating Scene BVH | Copying BVH to device
Fra:2 Mem:59.59M (Peak 143.53M) | Time:00:00.07 | Mem:6.93M, Peak:9.14M | Scene, ViewLayer | Updating Mesh | Computing normals
Fra:2 Mem:66.39M (Peak 143.53M) | Time:00:00.07 | Mem:6.93M, Peak:9.14M | Scene, ViewLayer | Updating Mesh | Copying Mesh to device
Fra:2 Mem:66.39M (Peak 143.53M) | Time:00:00.07 | Mem:13.73M, Peak:13.73M | Scene, ViewLayer | Updating Objects Flags
Fra:2 Mem:66.39M (Peak 143.53M) | Time:00:00.07 | Mem:13.73M, Peak:13.73M | Scene, ViewLayer | Updating Primitive Offsets
Fra:2 Mem:66.39M (Peak 143.53M) | Time:00:00.07 | Mem:13.73M, Peak:13.73M | Scene, ViewLayer | Updating Images
Fra:2 Mem:66.39M (Peak 143.53M) | Time:00:00.07 | Mem:13.73M, Peak:13.73M | Scene, ViewLayer | Updating Camera Volume
Fra:2 Mem:66.39M (Peak 143.53M) | Time:00:00.07 | Mem:13.73M, Peak:13.73M | Scene, ViewLayer | Updating Lookup Tables
Fra:2 Mem:66.39M (Peak 143.53M) | Time:00:00.07 | Mem:13.81M, Peak:13.81M | Scene, ViewLayer | Updating Lights
Fra:2 Mem:66.39M (Peak 143.53M) | Time:00:00.07 | Mem:13.81M, Peak:13.81M | Scene, ViewLayer | Updating Lights | Computing tree
Fra:2 Mem:66.39M (Peak 143.53M) | Time:00:00.07 | Mem:13.81M, Peak:13.81M | Scene, ViewLayer | Updating Integrator
Fra:2 Mem:66.39M (Peak 143.53M) | Time:00:00.07 | Mem:13.81M, Peak:13.81M | Scene, ViewLayer | Updating Film
Fra:2 Mem:66.39M (Peak 143.53M) | Time:00:00.07 | Mem:13.73M, Peak:13.81M | Scene, ViewLayer | Updating Lookup Tables
Fra:2 Mem:66.39M (Peak 143.53M) | Time:00:00.07 | Mem:13.82M, Peak:13.82M | Scene, ViewLayer | Updating Baking
Fra:2 Mem:66.39M (Peak 143.53M) | Time:00:00.07 | Mem:13.82M, Peak:13.82M | Scene, ViewLayer | Updating Device | Writing constant memory
Fra:2 Mem:66.40M (Peak 143.53M) | Time:00:00.07 | Mem:13.82M, Peak:13.82M | Scene, ViewLayer | Loading denoising kernels (may take a few minutes the first time)
Fra:2 Mem:66.40M (Peak 143.53M) | Time:00:00.07 | Mem:13.82M, Peak:13.82M | Scene, ViewLayer | Sample 0/2
Fra:2 Mem:103.98M (Peak 143.53M) | Time:00:00.18 | Remaining:00:00.11 | Mem:51.39M, Peak:51.39M | Scene, ViewLayer | Sample 1/2
Fra:2 Mem:119.80M (Peak 143.53M) | Time:00:09.38 | Mem:51.39M, Peak:51.39M | Scene, ViewLayer | Sample 2/2
Fra:2 Mem:119.80M (Peak 143.53M) | Time:00:09.38 | Mem:51.39M, Peak:51.39M | Scene, ViewLayer | Finished
Append frame 2
Time: 00:09.43 (Saving: 00:00.05)

Fra:3 Mem:55.82M (Peak 143.53M) | Time:00:00.01 | Mem:0.00M, Peak:0.00M | Scene, ViewLayer | Synchronizing object | Mesh1
Fra:3 Mem:55.86M (Peak 143.53M) | Time:00:00.01 | Mem:0.00M, Peak:0.00M | Scene, ViewLayer | Synchronizing object | Mesh2
Fra:3 Mem:55.93M (Peak 143.53M) | Time:00:00.01 | Mem:0.00M, Peak:0.00M | Scene, ViewLayer | Synchronizing object | Mesh3
Fra:3 Mem:56.04M (Peak 143.53M) | Time:00:00.01 | Mem:0.00M, Peak:0.00M | Scene, ViewLayer | Synchronizing object | Mesh168
Fra:3 Mem:56.03M (Peak 143.53M) | Time:00:00.01 | Mem:0.00M, Peak:0.00M | Scene, ViewLayer | Synchronizing object | Mesh4
Fra:3 Mem:56.08M (Peak 143.53M) | Time:00:00.01 | Mem:0.00M, Peak:0.00M | Scene, ViewLayer | Synchronizing object | Mesh5
Fra:3 Mem:56.15M (Peak 143.53M) | Time:00:00.01 | Mem:0.00M, Peak:0.00M | Scene, ViewLayer | Synchronizing object | Mesh6
Fra:3 Mem:56.20M (Peak 143.53M) | Time:00:00.01 | Mem:0.00M, Peak:0.00M | Scene, ViewLayer | Synchronizing object | Mesh167
Fra:3 Mem:56.98M (Peak 143.53M) | Time:00:00.01 | Mem:0.00M, Peak:0.00M | Scene, ViewLayer | Synchronizing object | Mesh7
Fra:3 Mem:58.53M (Peak 143.53M) | Time:00:00.02 | Mem:0.00M, Peak:0.00M | Scene, ViewLayer | Synchronizing object | Mesh166
Fra:3 Mem:58.32M (Peak 143.53M) | Time:00:00.02 | Mem:0.00M, Peak:0.00M | Scene, ViewLayer | Synchronizing object | Mesh165
Fra:3 Mem:58.35M (Peak 143.53M) | Time:00:00.02 | Mem:0.00M, Peak:0.00M | Scene, ViewLayer | Synchronizing object | Mesh164
Fra:3 Mem:58.54M (Peak 143.53M) | Time:00:00.02 | Mem:0.00M, Peak:0.00M | Scene, ViewLayer | Synchronizing object | Mesh163
Fra:3 Mem:58.63M (Peak 143.53M) | Time:00:00.02 | Mem:0.00M, Peak:0.00M | Scene, ViewLayer | Synchronizing object | Mesh162
Fra:3 Mem:57.72M (Peak 143.53M) | Time:00:00.02 | Mem:0.00M, Peak:0.00M | Scene, ViewLayer | Synchronizing object | Mesh8
Fra:3 Mem:57.72M (Peak 143.53M) | Time:00:00.02 | Mem:0.00M, Peak:0.00M | Scene, ViewLayer | Synchronizing object | Mesh161
Fra:3 Mem:57.82M (Peak 143.53M) | Time:00:00.02 | Mem:0.00M, Peak:0.00M | Scene, ViewLayer | Synchronizing object | Mesh160
Fra:3 Mem:57.87M (Peak 143.53M) | Time:00:00.02 | Mem:0.00M, Peak:0.00M | Scene, ViewLayer | Synchronizing object | Mesh9
Fra:3 Mem:57.87M (Peak 143.53M) | Time:00:00.02 | Mem:0.00M, Peak:0.00M | Scene, ViewLayer | Synchronizing object | Mesh159
Fra:3 Mem:58.03M (Peak 143.53M) | Time:00:00.02 | Mem:0.00M, Peak:0.00M | Scene, ViewLayer | Synchronizing object | Mesh10
Fra:3 Mem:58.54M (Peak 143.53M) | Time:00:00.02 | Mem:0.00M, Peak:0.00M | Scene, ViewLayer | Synchronizing object | Mesh11
Fra:3 Mem:58.65M (Peak 143.53M) | Time:00:00.02 | Mem:0.00M, Peak:0.00M | Scene, ViewLayer | Synchronizing object | Mesh12
Fra:3 Mem:58.72M (Peak 143.53M) | Time:00:00.02 | Mem:0.00M, Peak:0.00M | Scene, ViewLayer | Synchronizing object | Mesh13
Fra:3 Mem:58.75M (Peak 143.53M) | Time:00:00.02 | Mem:0.00M, Peak:0.00M | Scene, ViewLayer | Synchronizing object | Mesh14
Fra:3 Mem:58.97M (Peak 143.53M) | Time:00:00.02 | Mem:0.00M, Peak:0.00M | Scene, ViewLayer | Synchronizing object | Mesh15
Fra:3 Mem:60.35M (Peak 143.53M) | Time:00:00.02 | Mem:0.00M, Peak:0.00M | Scene, ViewLayer | Synchronizing object | Mesh158
Fra:3 Mem:59.48M (Peak 143.53M) | Time:00:00.02 | Mem:0.00M, Peak:0.00M | Scene, ViewLayer | Synchronizing object | Mesh16
Fra:3 Mem:59.46M (Peak 143.53M) | Time:00:00.02 | Mem:0.00M, Peak:0.00M | Scene, ViewLayer | Synchronizing object | Mesh157
Fra:3 Mem:59.54M (Peak 143.53M) | Time:00:00.02 | Mem:0.00M, Peak:0.00M | Scene, ViewLayer | Synchronizing object | Mesh156
Fra:3 Mem:59.55M (Peak 143.53M) | Time:00:00.02 | Mem:0.00M, Peak:0.00M | Scene, ViewLayer | Synchronizing object | Mesh155
Fra:3 Mem:59.68M (Peak 143.53M) | Time:00:00.02 | Mem:0.00M, Peak:0.00M | Scene, ViewLayer | Synchronizing object | Mesh154
Fra:3 Mem:59.71M (Peak 143.53M) | Time:00:00.02 | Mem:0.00M, Peak:0.00M | Scene, ViewLayer | Synchronizing object | Mesh17
Fra:3 Mem:59.79M (Peak 143.53M) | Time:00:00.02 | Mem:0.00M, Peak:0.00M | Scene, ViewLayer | Synchronizing object | Mesh18
Fra:3 Mem:59.84M (Peak 143.53M) | Time:00:00.02 | Mem:0.00M, Peak:0.00M | Scene, ViewLayer | Synchronizing object | Mesh19
Fra:3 Mem:59.84M (Peak 143.53M) | Time:00:00.02 | Mem:0.00M, Peak:0.00M | Scene, ViewLayer | Synchronizing object | Mesh20
Fra:3 Mem:59.82M (Peak 143.53M) | Time:00:00.02 | Mem:0.00M, Peak:0.00M | Scene, ViewLayer | Synchronizing object | Mesh153
Fra:3 Mem:59.96M (Peak 143.53M) | Time:00:00.02 | Mem:0.00M, Peak:0.00M | Scene, ViewLayer | Synchronizing object | Mesh152
Fra:3 Mem:59.97M (Peak 143.53M) | Time:00:00.02 | Mem:0.00M, Peak:0.00M | Scene, ViewLayer | Synchronizing object | Mesh151
Fra:3 Mem:59.98M (Peak 143.53M) | Time:00:00.02 | Mem:0.00M, Peak:0.00M | Scene, ViewLayer | Synchronizing object | Mesh150
Fra:3 Mem:59.98M (Peak 143.53M) | Time:00:00.02 | Mem:0.00M, Peak:0.00M | Scene, ViewLayer | Synchronizing object | Mesh149
Fra:3 Mem:59.90M (Peak 143.53M) | Time:00:00.02 | Mem:0.00M, Peak:0.00M | Scene, ViewLayer | Synchronizing object | Mesh148
Fra:3 Mem:59.89M (Peak 143.53M) | Time:00:00.02 | Mem:0.00M, Peak:0.00M | Scene, ViewLayer | Synchronizing object | Mesh21
Fra:3 Mem:59.96M (Peak 143.53M) | Time:00:00.02 | Mem:0.00M, Peak:0.00M | Scene, ViewLayer | Synchronizing object | Mesh22
Fra:3 Mem:60.03M (Peak 143.53M) | Time:00:00.02 | Mem:0.00M, Peak:0.00M | Scene, ViewLayer | Synchronizing object | Mesh147
Fra:3 Mem:60.10M (Peak 143.53M) | Time:00:00.02 | Mem:0.00M, Peak:0.00M | Scene, ViewLayer | Synchronizing object | Mesh146
Fra:3 Mem:60.11M (Peak 143.53M) | Time:00:00.02 | Mem:0.00M, Peak:0.00M | Scene, ViewLayer | Synchronizing object | Mesh145
Fra:3 Mem:60.05M (Peak 143.53M) | Time:00:00.02 | Mem:0.00M, Peak:0.00M | Scene, ViewLayer | Synchronizing object | Mesh144
Fra:3 Mem:60.11M (Peak 143.53M) | Time:00:00.02 | Mem:0.00M, Peak:0.00M | Scene, ViewLayer | Synchronizing object | Mesh143
Fra:3 Mem:60.02M (Peak 143.53M) | Time:00:00.02 | Mem:0.00M, Peak:0.00M | Scene, ViewLayer | Synchronizing object | Mesh23
Fra:3 Mem:60.02M (Peak 143.53M) | Time:00:00.02 | Mem:0.00M, Peak:0.00M | Scene, ViewLayer | Synchronizing object | Mesh142
Fra:3 Mem:60.15M (Peak 143.53M) | Time:00:00.02 | Mem:0.00M, Peak:0.00M | Scene, ViewLayer | Synchronizing object | Mesh24
Fra:3 Mem:60.22M (Peak 143.53M) | Time:00:00.02 | Mem:0.00M, Peak:0.00M | Scene, ViewLayer | Synchronizing object | Mesh25
Fra:3 Mem:60.21M (Peak 143.53M) | Time:00:00.02 | Mem:0.00M, Peak:0.00M | Scene, ViewLayer | Synchronizing object | Mesh141
Fra:3 Mem:60.22M (Peak 143.53M) | Time:00:00.03 | Mem:0.00M, Peak:0.00M | Scene, ViewLayer | Synchronizing object | Mesh26
Fra:3 Mem:60.22M (Peak 143.53M) | Time:00:00.03 | Mem:0.00M, Peak:0.00M | Scene, ViewLayer | Synchronizing object | Mesh140
Fra:3 Mem:60.32M (Peak 143.53M) | Time:00:00.03 | Mem:0.00M, Peak:0.00M | Scene, ViewLayer | Synchronizing object | Mesh27
Fra:3 Mem:60.41M (Peak 143.53M) | Time:00:00.03 | Mem:0.00M, Peak:0.00M | Scene, ViewLayer | Synchronizing object | Mesh28
Fra:3 Mem:60.41M (Peak 143.53M) | Time:00:00.03 | Mem:0.00M, Peak:0.00M | Scene, ViewLayer | Synchronizing object | Mesh29
Fra:3 Mem:60.43M (Peak 143.53M) | Time:00:00.03 | Mem:0.00M, Peak:0.00M | Scene, ViewLayer | Synchronizing object | Mesh30
Fra:3 Mem:60.40M (Peak 143.53M) | Time:00:00.03 | Mem:0.00M, Peak:0.00M | Scene, ViewLayer | Synchronizing object | Mesh31
Fra:3 Mem:60.45M (Peak 143.53M) | Time:00:00.03 | Mem:0.00M, Peak:0.00M | Scene, ViewLayer | Synchronizing object | Mesh139
Fra:3 Mem:60.51M (Peak 143.53M) | Time:00:00.03 | Mem:0.00M, Peak:0.00M | Scene, ViewLayer | Synchronizing object | Mesh138
Fra:3 Mem:60.50M (Peak 143.53M) | Time:00:00.03 | Mem:0.00M, Peak:0.00M | Scene, ViewLayer | Synchronizing object | Mesh32
Fra:3 Mem:60.63M (Peak 143.53M) | Time:00:00.03 | Mem:0.00M, Peak:0.00M | Scene, ViewLayer | Synchronizing object | Mesh33
Fra:3 Mem:60.65M (Peak 143.53M) | Time:00:00.03 | Mem:0.00M, Peak:0.00M | Scene, ViewLayer | Synchronizing object | Mesh34
Fra:3 Mem:60.64M (Peak 143.53M) | Time:00:00.03 | Mem:0.00M, Peak:0.00M | Scene, ViewLayer | Synchronizing object | Mesh35
Fra:3 Mem:60.64M (Peak 143.53M) | Time:00:00.03 | Mem:0.00M, Peak:0.00M | Scene, ViewLayer | Synchronizing object | Mesh137
Fra:3 Mem:60.73M (Peak 143.53M) | Time:00:00.03 | Mem:0.00M, Peak:0.00M | Scene, ViewLayer | Synchronizing object | Mesh36
Fra:3 Mem:60.87M (Peak 143.53M) | Time:00:00.03 | Mem:0.00M, Peak:0.00M | Scene, ViewLayer | Synchronizing object | Mesh136
Fra:3 Mem:60.84M (Peak 143.53M) | Time:00:00.03 | Mem:0.00M, Peak:0.00M | Scene, ViewLayer | Synchronizing object | Mesh135
Fra:3 Mem:60.79M (Peak 143.53M) | Time:00:00.03 | Mem:0.00M, Peak:0.00M | Scene, ViewLayer | Synchronizing object | Mesh37
Fra:3 Mem:60.97M (Peak 143.53M) | Time:00:00.03 | Mem:0.00M, Peak:0.00M | Scene, ViewLayer | Synchronizing object | Mesh134
Fra:3 Mem:60.97M (Peak 143.53M) | Time:00:00.03 | Mem:0.00M, Peak:0.00M | Scene, ViewLayer | Synchronizing object | Mesh133
Fra:3 Mem:60.98M (Peak 143.53M) | Time:00:00.03 | Mem:0.00M, Peak:0.00M | Scene, ViewLayer | Synchronizing object | Mesh132
Fra:3 Mem:60.97M (Peak 143.53M) | Time:00:00.03 | Mem:0.00M, Peak:0.00M | Scene, ViewLayer | Synchronizing object | Mesh38
Fra:3 Mem:60.93M (Peak 143.53M) | Time:00:00.03 | Mem:0.00M, Peak:0.00M | Scene, ViewLayer | Synchronizing object | Mesh131
Fra:3 Mem:60.93M (Peak 143.53M) | Time:00:00.03 | Mem:0.00M, Peak:0.00M | Scene, ViewLayer | Synchronizing object | Mesh39
Fra:3 Mem:60.94M (Peak 143.53M) | Time:00:00.03 | Mem:0.00M, Peak:0.00M | Scene, ViewLayer | Synchronizing object | Mesh130
Fra:3 Mem:60.97M (Peak 143.53M) | Time:00:00.03 | Mem:0.00M, Peak:0.00M | Scene, ViewLayer | Synchronizing object | Mesh129
Fra:3 Mem:60.98M (Peak 143.53M) | Time:00:00.03 | Mem:0.00M, Peak:0.00M | Scene, ViewLayer | Synchronizing object | Mesh128
Fra:3 Mem:61.02M (Peak 143.53M) | Time:00:00.03 | Mem:0.00M, Peak:0.00M | Scene, ViewLayer | Synchronizing object | Mesh127
Fra:3 Mem:60.98M (Peak 143.53M) | Time:00:00.03 | Mem:0.00M, Peak:0.00M | Scene, ViewLayer | Synchronizing object | Mesh126
Fra:3 Mem:60.98M (Peak 143.53M) | Time:00:00.03 | Mem:0.00M, Peak:0.00M | Scene, ViewLayer | Synchronizing object | Mesh40
Fra:3 Mem:60.99M (Peak 143.53M) | Time:00:00.03 | Mem:0.00M, Peak:0.00M | Scene, ViewLayer | Synchronizing object | Mesh125
Fra:3 Mem:61.01M (Peak 143.53M) | Time:00:00.03 | Mem:0.00M, Peak:0.00M | Scene, ViewLayer | Synchronizing object | Mesh41
Fra:3 Mem:61.00M (Peak 143.53M) | Time:00:00.03 | Mem:0.00M, Peak:0.00M | Scene, ViewLayer | Synchronizing object | Mesh124
Fra:3 Mem:61.04M (Peak 143.53M) | Time:00:00.03 | Mem:0.00M, Peak:0.00M | Scene, ViewLayer | Synchronizing object | Mesh123
Fra:3 Mem:61.07M (Peak 143.53M) | Time:00:00.03 | Mem:0.00M, Peak:0.00M | Scene, ViewLayer | Synchronizing object | Mesh122
Fra:3 Mem:61.11M (Peak 143.53M) | Time:00:00.03 | Mem:0.00M, Peak:0.00M | Scene, ViewLayer | Synchronizing object | Mesh121
Fra:3 Mem:61.11M (Peak 143.53M) | Time:00:00.03 | Mem:0.00M, Peak:0.00M | Scene, ViewLayer | Synchronizing object | Mesh120
Fra:3 Mem:61.19M (Peak 143.53M) | Time:00:00.03 | Mem:0.00M, Peak:0.00M | Scene, ViewLayer | Synchronizing object | Mesh119
Fra:3 Mem:61.22M (Peak 143.53M) | Time:00:00.03 | Mem:0.00M, Peak:0.00M | Scene, ViewLayer | Synchronizing object | Mesh42
Fra:3 Mem:61.41M (Peak 143.53M) | Time:00:00.03 | Mem:0.00M, Peak:0.00M | Scene, ViewLayer | Synchronizing object | Mesh43
Fra:3 Mem:61.45M (Peak 143.53M) | Time:00:00.03 | Mem:0.00M, Peak:0.00M | Scene, ViewLayer | Synchronizing object | Mesh44
Fra:3 Mem:61.46M (Peak 143.53M) | Time:00:00.03 | Mem:0.00M, Peak:0.00M | Scene, ViewLayer | Synchronizing object | Mesh45
Fra:3 Mem:61.45M (Peak 143.53M) | Time:00:00.03 | Mem:0.00M, Peak:0.00M | Scene, ViewLayer | Synchronizing object | Mesh46
Fra:3 Mem:61.35M (Peak 143.53M) | Time:00:00.03 | Mem:0.00M, Peak:0.00M | Scene, ViewLayer | Synchronizing object | Mesh47
Fra:3 Mem:61.37M (Peak 143.53M) | Time:00:00.03 | Mem:0.00M, Peak:0.00M | Scene, ViewLayer | Synchronizing object | Mesh48
Fra:3 Mem:61.35M (Peak 143.53M) | Time:00:00.03 | Mem:0.00M, Peak:0.00M | Scene, ViewLayer | Synchronizing object | Mesh118
Fra:3 Mem:61.39M (Peak 143.53M) | Time:00:00.03 | Mem:0.00M, Peak:0.00M | Scene, ViewLayer | Synchronizing object | Mesh117
Fra:3 Mem:61.40M (Peak 143.53M) | Time:00:00.03 | Mem:0.00M, Peak:0.00M | Scene, ViewLayer | Synchronizing object | Mesh116
Fra:3 Mem:61.41M (Peak 143.53M) | Time:00:00.03 | Mem:0.00M, Peak:0.00M | Scene, ViewLayer | Synchronizing object | Mesh49
Fra:3 Mem:61.43M (Peak 143.53M) | Time:00:00.03 | Mem:0.00M, Peak:0.00M | Scene, ViewLayer | Synchronizing object | Mesh115
Fra:3 Mem:61.59M (Peak 143.53M) | Time:00:00.03 | Mem:0.00M, Peak:0.00M | Scene, ViewLayer | Synchronizing object | Mesh50
Fra:3 Mem:61.60M (Peak 143.53M) | Time:00:00.03 | Mem:0.00M, Peak:0.00M | Scene, ViewLayer | Synchronizing object | Mesh51
Fra:3 Mem:61.71M (Peak 143.53M) | Time:00:00.03 | Mem:0.00M, Peak:0.00M | Scene, ViewLayer | Synchronizing object | Mesh52
Fra:3 Mem:61.72M (Peak 143.53M) | Time:00:00.03 | Mem:0.00M, Peak:0.00M | Scene, ViewLayer | Synchronizing object | Mesh53
Fra:3 Mem:61.73M (Peak 143.53M) | Time:00:00.03 | Mem:0.00M, Peak:0.00M | Scene, ViewLayer | Synchronizing object | Mesh54
Fra:3 Mem:61.85M (Peak 143.53M) | Time:00:00.03 | Mem:0.00M, Peak:0.00M | Scene, ViewLayer | Synchronizing object | Mesh55
Fra:3 Mem:61.97M (Peak 143.53M) | Time:00:00.03 | Mem:0.00M, Peak:0.00M | Scene, ViewLayer | Synchronizing object | Mesh56
Fra:3 Mem:61.97M (Peak 143.53M) | Time:00:00.03 | Mem:0.00M, Peak:0.00M | Scene, ViewLayer | Synchronizing object | Mesh57
Fra:3 Mem:62.05M (Peak 143.53M) | Time:00:00.03 | Mem:0.00M, Peak:0.00M | Scene, ViewLayer | Synchronizing object | Mesh58
Fra:3 Mem:61.95M (Peak 143.53M) | Time:00:00.03 | Mem:0.00M, Peak:0.00M | Scene, ViewLayer | Synchronizing object | Mesh114
Fra:3 Mem:62.05M (Peak 143.53M) | Time:00:00.03 | Mem:0.00M, Peak:0.00M | Scene, ViewLayer | Synchronizing object | Mesh59
Fra:3 Mem:62.02M (Peak 143.53M) | Time:00:00.03 | Mem:0.00M, Peak:0.00M | Scene, ViewLayer | Synchronizing object | Mesh113
Fra:3 Mem:62.07M (Peak 143.53M) | Time:00:00.03 | Mem:0.00M, Peak:0.00M | Scene, ViewLayer | Synchronizing object | Mesh112
Fra:3 Mem:62.11M (Peak 143.53M) | Time:00:00.03 | Mem:0.00M, Peak:0.00M | Scene, ViewLayer | Synchronizing object | Mesh111
Fra:3 Mem:62.09M (Peak 143.53M) | Time:00:00.03 | Mem:0.00M, Peak:0.00M | Scene, ViewLayer | Synchronizing object | Mesh60
Fra:3 Mem:62.36M (Peak 143.53M) | Time:00:00.03 | Mem:0.00M, Peak:0.00M | Scene, ViewLayer | Synchronizing object | Mesh61
Fra:3 Mem:62.57M (Peak 143.53M) | Time:00:00.03 | Mem:0.00M, Peak:0.00M | Scene, ViewLayer | Synchronizing object | Mesh110
Fra:3 Mem:62.60M (Peak 143.53M) | Time:00:00.03 | Mem:0.00M, Peak:0.00M | Scene, ViewLayer | Synchronizing object | Mesh109
Fra:3 Mem:62.51M (Peak 143.53M) | Time:00:00.03 | Mem:0.00M, Peak:0.00M | Scene, ViewLayer | Synchronizing object | Mesh108
Fra:3 Mem:62.46M (Peak 143.53M) | Time:00:00.03 | Mem:0.00M, Peak:0.00M | Scene, ViewLayer | Synchronizing object | Mesh62
Fra:3 Mem:62.49M (Peak 143.53M) | Time:00:00.03 | Mem:0.00M, Peak:0.00M | Scene, ViewLayer | Synchronizing object | Mesh63
Fra:3 Mem:62.51M (Peak 143.53M) | Time:00:00.03 | Mem:0.00M, Peak:0.00M | Scene, ViewLayer | Synchronizing object | Mesh64
Fra:3 Mem:62.51M (Peak 143.53M) | Time:00:00.03 | Mem:0.00M, Peak:0.00M | Scene, ViewLayer | Synchronizing object | Mesh107
Fra:3 Mem:62.61M (Peak 143.53M) | Time:00:00.03 | Mem:0.00M, Peak:0.00M | Scene, ViewLayer | Synchronizing object | Mesh65
Fra:3 Mem:62.69M (Peak 143.53M) | Time:00:00.03 | Mem:0.00M, Peak:0.00M | Scene, ViewLayer | Synchronizing object | Mesh66
Fra:3 Mem:62.66M (Peak 143.53M) | Time:00:00.03 | Mem:0.00M, Peak:0.00M | Scene, ViewLayer | Synchronizing object | Mesh106
Fra:3 Mem:62.67M (Peak 143.53M) | Time:00:00.03 | Mem:0.00M, Peak:0.00M | Scene, ViewLayer | Synchronizing object | Mesh67
Fra:3 Mem:63.13M (Peak 143.53M) | Time:00:00.03 | Mem:0.00M, Peak:0.00M | Scene, ViewLayer | Synchronizing object | Mesh68
Fra:3 Mem:63.46M (Peak 143.53M) | Time:00:00.03 | Mem:0.00M, Peak:0.00M | Scene, ViewLayer | Synchronizing object | Mesh69
Fra:3 Mem:63.60M (Peak 143.53M) | Time:00:00.03 | Mem:0.00M, Peak:0.00M | Scene, ViewLayer | Synchronizing object | Mesh105
Fra:3 Mem:63.67M (Peak 143.53M) | Time:00:00.03 | Mem:0.00M, Peak:0.00M | Scene, ViewLayer | Synchronizing object | Mesh70
Fra:3 Mem:63.84M (Peak 143.53M) | Time:00:00.03 | Mem:0.00M, Peak:0.00M | Scene, ViewLayer | Synchronizing object | Mesh71
Fra:3 Mem:63.70M (Peak 143.53M) | Time:00:00.03 | Mem:0.00M, Peak:0.00M | Scene, ViewLayer | Synchronizing object | Mesh104
Fra:3 Mem:63.69M (Peak 143.53M) | Time:00:00.03 | Mem:0.00M, Peak:0.00M | Scene, ViewLayer | Synchronizing object | Mesh72
Fra:3 Mem:63.68M (Peak 143.53M) | Time:00:00.03 | Mem:0.00M, Peak:0.00M | Scene, ViewLayer | Synchronizing object | Mesh103
Fra:3 Mem:63.93M (Peak 143.53M) | Time:00:00.03 | Mem:0.00M, Peak:0.00M | Scene, ViewLayer | Synchronizing object | Mesh102
Fra:3 Mem:64.03M (Peak 143.53M) | Time:00:00.03 | Mem:0.00M, Peak:0.00M | Scene, ViewLayer | Synchronizing object | Mesh101
Fra:3 Mem:64.34M (Peak 143.53M) | Time:00:00.03 | Mem:0.00M, Peak:0.00M | Scene, ViewLayer | Synchronizing object | Mesh100
Fra:3 Mem:64.40M (Peak 143.53M) | Time:00:00.03 | Mem:0.00M, Peak:0.00M | Scene, ViewLayer | Synchronizing object | Mesh99
Fra:3 Mem:64.43M (Peak 143.53M) | Time:00:00.03 | Mem:0.00M, Peak:0.00M | Scene, ViewLayer | Synchronizing object | Mesh98
Fra:3 Mem:64.17M (Peak 143.53M) | Time:00:00.03 | Mem:0.00M, Peak:0.00M | Scene, ViewLayer | Synchronizing object | Mesh97
Fra:3 Mem:64.11M (Peak 143.53M) | Time:00:00.03 | Mem:0.00M, Peak:0.00M | Scene, ViewLayer | Synchronizing object | Mesh73
Fra:3 Mem:64.11M (Peak 143.53M) | Time:00:00.03 | Mem:0.00M, Peak:0.00M | Scene, ViewLayer | Synchronizing object | Mesh96
Fra:3 Mem:64.22M (Peak 143.53M) | Time:00:00.04 | Mem:0.00M, Peak:0.00M | Scene, ViewLayer | Synchronizing object | Mesh74
Fra:3 Mem:64.31M (Peak 143.53M) | Time:00:00.04 | Mem:0.00M, Peak:0.00M | Scene, ViewLayer | Synchronizing object | Mesh75
Fra:3 Mem:64.32M (Peak 143.53M) | Time:00:00.04 | Mem:0.00M, Peak:0.00M | Scene, ViewLayer | Synchronizing object | Mesh76
Fra:3 Mem:64.33M (Peak 143.53M) | Time:00:00.04 | Mem:0.00M, Peak:0.00M | Scene, ViewLayer | Synchronizing object | Mesh95
Fra:3 Mem:64.33M (Peak 143.53M) | Time:00:00.04 | Mem:0.00M, Peak:0.00M | Scene, ViewLayer | Synchronizing object | Mesh77
Fra:3 Mem:64.45M (Peak 143.53M) | Time:00:00.04 | Mem:0.00M, Peak:0.00M | Scene, ViewLayer | Synchronizing object | Mesh78
Fra:3 Mem:64.41M (Peak 143.53M) | Time:00:00.04 | Mem:0.00M, Peak:0.00M | Scene, ViewLayer | Synchronizing object | Mesh79
Fra:3 Mem:64.40M (Peak 143.53M) | Time:00:00.04 | Mem:0.00M, Peak:0.00M | Scene, ViewLayer | Synchronizing object | Mesh94
Fra:3 Mem:64.43M (Peak 143.53M) | Time:00:00.04 | Mem:0.00M, Peak:0.00M | Scene, ViewLayer | Synchronizing object | Mesh80
Fra:3 Mem:64.41M (Peak 143.53M) | Time:00:00.04 | Mem:0.00M, Peak:0.00M | Scene, ViewLayer | Synchronizing object | Mesh93
Fra:3 Mem:64.43M (Peak 143.53M) | Time:00:00.04 | Mem:0.00M, Peak:0.00M | Scene, ViewLayer | Synchronizing object | Mesh81
Fra:3 Mem:64.43M (Peak 143.53M) | Time:00:00.04 | Mem:0.00M, Peak:0.00M | Scene, ViewLayer | Synchronizing object | Mesh92
Fra:3 Mem:64.49M (Peak 143.53M) | Time:00:00.04 | Mem:0.00M, Peak:0.00M | Scene, ViewLayer | Synchronizing object | Mesh91
Fra:3 Mem:64.49M (Peak 143.53M) | Time:00:00.04 | Mem:0.00M, Peak:0.00M | Scene, ViewLayer | Synchronizing object | Mesh90
Fra:3 Mem:64.75M (Peak 143.53M) | Time:00:00.04 | Mem:0.00M, Peak:0.00M | Scene, ViewLayer | Synchronizing object | Mesh89
Fra:3 Mem:64.76M (Peak 143.53M) | Time:00:00.04 | Mem:0.00M, Peak:0.00M | Scene, ViewLayer | Synchronizing object | Mesh88
Fra:3 Mem:64.76M (Peak 143.53M) | Time:00:00.04 | Mem:0.00M, Peak:0.00M | Scene, ViewLayer | Synchronizing object | Mesh87
Fra:3 Mem:64.78M (Peak 143.53M) | Time:00:00.04 | Mem:0.00M, Peak:0.00M | Scene, ViewLayer | Synchronizing object | Mesh86
Fra:3 Mem:64.95M (Peak 143.53M) | Time:00:00.04 | Mem:0.00M, Peak:0.00M | Scene, ViewLayer | Synchronizing object | Mesh85
Fra:3 Mem:65.13M (Peak 143.53M) | Time:00:00.04 | Mem:0.00M, Peak:0.00M | Scene, ViewLayer | Synchronizing object | Mesh84
Fra:3 Mem:65.11M (Peak 143.53M) | Time:00:00.04 | Mem:0.00M, Peak:0.00M | Scene, ViewLayer | Synchronizing object | Mesh82
Fra:3 Mem:65.07M (Peak 143.53M) | Time:00:00.04 | Mem:0.00M, Peak:0.00M | Scene, ViewLayer | Synchronizing object | Mesh83
Fra:3 Mem:65.14M (Peak 143.53M) | Time:00:00.04 | Mem:0.00M, Peak:0.00M | Scene, ViewLayer | Initializing
Fra:3 Mem:56.30M (Peak 143.53M) | Time:00:00.04 | Mem:0.00M, Peak:0.00M | Scene, ViewLayer | Waiting for render to start
Fra:3 Mem:56.31M (Peak 143.53M) | Time:00:00.04 | Mem:0.00M, Peak:0.00M | Scene, ViewLayer | Loading render kernels (may take a few minutes the first time)
Fra:3 Mem:56.31M (Peak 143.53M) | Time:00:00.04 | Mem:0.00M, Peak:0.00M | Scene, ViewLayer | Updating Scene
Fra:3 Mem:56.31M (Peak 143.53M) | Time:00:00.04 | Mem:0.00M, Peak:0.00M | Scene, ViewLayer | Updating Shaders
Fra:3 Mem:56.40M (Peak 143.53M) | Time:00:00.04 | Mem:0.02M, Peak:0.02M | Scene, ViewLayer | Updating Procedurals
Fra:3 Mem:56.40M (Peak 143.53M) | Time:00:00.04 | Mem:0.02M, Peak:0.02M | Scene, ViewLayer | Updating Background
Fra:3 Mem:56.40M (Peak 143.53M) | Time:00:00.04 | Mem:0.02M, Peak:0.02M | Scene, ViewLayer | Updating Camera
Fra:3 Mem:56.40M (Peak 143.53M) | Time:00:00.04 | Mem:0.02M, Peak:0.02M | Scene, ViewLayer | Updating Meshes Flags
Fra:3 Mem:56.40M (Peak 143.53M) | Time:00:00.04 | Mem:0.02M, Peak:0.02M | Scene, ViewLayer | Updating Objects
Fra:3 Mem:56.40M (Peak 143.53M) | Time:00:00.04 | Mem:0.02M, Peak:0.02M | Scene, ViewLayer | Updating Objects | Copying Transformations to device
Fra:3 Mem:56.44M (Peak 143.53M) | Time:00:00.04 | Mem:0.05M, Peak:0.05M | Scene, ViewLayer | Updating Objects | Applying Static Transformations
Fra:3 Mem:56.44M (Peak 143.53M) | Time:00:00.04 | Mem:0.05M, Peak:0.05M | Scene, ViewLayer | Updating Particle Systems
Fra:3 Mem:56.44M (Peak 143.53M) | Time:00:00.04 | Mem:0.05M, Peak:0.05M | Scene, ViewLayer | Updating Particle Systems | Copying Particles to device
Fra:3 Mem:56.44M (Peak 143.53M) | Time:00:00.04 | Mem:0.05M, Peak:0.05M | Scene, ViewLayer | Updating Meshes
Fra:3 Mem:57.55M (Peak 143.53M) | Time:00:00.05 | Mem:0.05M, Peak:0.05M | Scene, ViewLayer | Updating Mesh | Computing attributes
Fra:3 Mem:59.61M (Peak 143.53M) | Time:00:00.05 | Mem:0.07M, Peak:0.07M | Scene, ViewLayer | Updating Mesh | Copying Attributes to device
Fra:3 Mem:59.59M (Peak 143.53M) | Time:00:00.05 | Mem:2.10M, Peak:2.10M | Scene, ViewLayer | Updating Scene BVH | Building
Fra:3 Mem:59.59M (Peak 143.53M) | Time:00:00.05 | Mem:2.10M, Peak:2.10M | Scene, ViewLayer | Updating Scene BVH | Building BVH
Fra:3 Mem:59.59M (Peak 143.53M) | Time:00:00.05 | Mem:4.30M, Peak:4.30M | Scene, ViewLayer | Updating Scene BVH | Building BVH 0%
Fra:3 Mem:59.59M (Peak 143.53M) | Time:00:00.06 | Mem:6.93M, Peak:9.14M | Scene, ViewLayer | Updating Scene BVH | Copying BVH to device
Fra:3 Mem:59.59M (Peak 143.53M) | Time:00:00.06 | Mem:6.93M, Peak:9.14M | Scene, ViewLayer | Updating Mesh | Computing normals
Fra:3 Mem:66.39M (Peak 143.53M) | Time:00:00.06 | Mem:6.93M, Peak:9.14M | Scene, ViewLayer | Updating Mesh | Copying Mesh to device
Fra:3 Mem:66.39M (Peak 143.53M) | Time:00:00.06 | Mem:13.73M, Peak:13.73M | Scene, ViewLayer | Updating Objects Flags
Fra:3 Mem:66.39M (Peak 143.53M) | Time:00:00.06 | Mem:13.73M, Peak:13.73M | Scene, ViewLayer | Updating Primitive Offsets
Fra:3 Mem:66.39M (Peak 143.53M) | Time:00:00.06 | Mem:13.73M, Peak:13.73M | Scene, ViewLayer | Updating Images
Fra:3 Mem:66.39M (Peak 143.53M) | Time:00:00.06 | Mem:13.73M, Peak:13.73M | Scene, ViewLayer | Updating Camera Volume
Fra:3 Mem:66.39M (Peak 143.53M) | Time:00:00.06 | Mem:13.73M, Peak:13.73M | Scene, ViewLayer | Updating Lookup Tables
Fra:3 Mem:66.39M (Peak 143.53M) | Time:00:00.06 | Mem:13.81M, Peak:13.81M | Scene, ViewLayer | Updating Lights
Fra:3 Mem:66.39M (Peak 143.53M) | Time:00:00.06 | Mem:13.81M, Peak:13.81M | Scene, ViewLayer | Updating Lights | Computing tree
Fra:3 Mem:66.39M (Peak 143.53M) | Time:00:00.06 | Mem:13.81M, Peak:13.81M | Scene, ViewLayer | Updating Integrator
Fra:3 Mem:66.39M (Peak 143.53M) | Time:00:00.06 | Mem:13.81M, Peak:13.81M | Scene, ViewLayer | Updating Film
Fra:3 Mem:66.39M (Peak 143.53M) | Time:00:00.06 | Mem:13.73M, Peak:13.81M | Scene, ViewLayer | Updating Lookup Tables
Fra:3 Mem:66.39M (Peak 143.53M) | Time:00:00.06 | Mem:13.82M, Peak:13.82M | Scene, ViewLayer | Updating Baking
Fra:3 Mem:66.39M (Peak 143.53M) | Time:00:00.06 | Mem:13.82M, Peak:13.82M | Scene, ViewLayer | Updating Device | Writing constant memory
Fra:3 Mem:66.40M (Peak 143.53M) | Time:00:00.06 | Mem:13.82M, Peak:13.82M | Scene, ViewLayer | Loading denoising kernels (may take a few minutes the first time)
Fra:3 Mem:66.40M (Peak 143.53M) | Time:00:00.06 | Mem:13.82M, Peak:13.82M | Scene, ViewLayer | Sample 0/2
Fra:3 Mem:103.98M (Peak 143.53M) | Time:00:00.18 | Remaining:00:00.11 | Mem:51.39M, Peak:51.39M | Scene, ViewLayer | Sample 1/2
Fra:3 Mem:119.80M (Peak 143.53M) | Time:00:09.40 | Mem:51.39M, Peak:51.39M | Scene, ViewLayer | Sample 2/2
Fra:3 Mem:119.80M (Peak 143.53M) | Time:00:09.40 | Mem:51.39M, Peak:51.39M | Scene, ViewLayer | Finished
Append frame 3
Time: 00:09.45 (Saving: 00:00.04)

Fra:4 Mem:55.82M (Peak 143.53M) | Time:00:00.01 | Mem:0.00M, Peak:0.00M | Scene, ViewLayer | Synchronizing object | Mesh1
Fra:4 Mem:55.85M (Peak 143.53M) | Time:00:00.01 | Mem:0.00M, Peak:0.00M | Scene, ViewLayer | Synchronizing object | Mesh2
Fra:4 Mem:55.92M (Peak 143.53M) | Time:00:00.01 | Mem:0.00M, Peak:0.00M | Scene, ViewLayer | Synchronizing object | Mesh3
Fra:4 Mem:56.00M (Peak 143.53M) | Time:00:00.01 | Mem:0.00M, Peak:0.00M | Scene, ViewLayer | Synchronizing object | Mesh4
Fra:4 Mem:56.01M (Peak 143.53M) | Time:00:00.01 | Mem:0.00M, Peak:0.00M | Scene, ViewLayer | Synchronizing object | Mesh5
Fra:4 Mem:56.04M (Peak 143.53M) | Time:00:00.01 | Mem:0.00M, Peak:0.00M | Scene, ViewLayer | Synchronizing object | Mesh6
Fra:4 Mem:56.28M (Peak 143.53M) | Time:00:00.01 | Mem:0.00M, Peak:0.00M | Scene, ViewLayer | Synchronizing object | Mesh168
Fra:4 Mem:56.23M (Peak 143.53M) | Time:00:00.01 | Mem:0.00M, Peak:0.00M | Scene, ViewLayer | Synchronizing object | Mesh7
Fra:4 Mem:56.19M (Peak 143.53M) | Time:00:00.01 | Mem:0.00M, Peak:0.00M | Scene, ViewLayer | Synchronizing object | Mesh167
Fra:4 Mem:58.45M (Peak 143.53M) | Time:00:00.02 | Mem:0.00M, Peak:0.00M | Scene, ViewLayer | Synchronizing object | Mesh166
Fra:4 Mem:58.51M (Peak 143.53M) | Time:00:00.02 | Mem:0.00M, Peak:0.00M | Scene, ViewLayer | Synchronizing object | Mesh165
Fra:4 Mem:58.54M (Peak 143.53M) | Time:00:00.02 | Mem:0.00M, Peak:0.00M | Scene, ViewLayer | Synchronizing object | Mesh164
Fra:4 Mem:57.75M (Peak 143.53M) | Time:00:00.02 | Mem:0.00M, Peak:0.00M | Scene, ViewLayer | Synchronizing object | Mesh163
Fra:4 Mem:57.84M (Peak 143.53M) | Time:00:00.02 | Mem:0.00M, Peak:0.00M | Scene, ViewLayer | Synchronizing object | Mesh162
Fra:4 Mem:57.74M (Peak 143.53M) | Time:00:00.02 | Mem:0.00M, Peak:0.00M | Scene, ViewLayer | Synchronizing object | Mesh8
Fra:4 Mem:57.76M (Peak 143.53M) | Time:00:00.02 | Mem:0.00M, Peak:0.00M | Scene, ViewLayer | Synchronizing object | Mesh161
Fra:4 Mem:57.82M (Peak 143.53M) | Time:00:00.02 | Mem:0.00M, Peak:0.00M | Scene, ViewLayer | Synchronizing object | Mesh9
Fra:4 Mem:57.81M (Peak 143.53M) | Time:00:00.02 | Mem:0.00M, Peak:0.00M | Scene, ViewLayer | Synchronizing object | Mesh160
Fra:4 Mem:57.90M (Peak 143.53M) | Time:00:00.02 | Mem:0.00M, Peak:0.00M | Scene, ViewLayer | Synchronizing object | Mesh10
Fra:4 Mem:57.86M (Peak 143.53M) | Time:00:00.02 | Mem:0.00M, Peak:0.00M | Scene, ViewLayer | Synchronizing object | Mesh159
Fra:4 Mem:58.09M (Peak 143.53M) | Time:00:00.02 | Mem:0.00M, Peak:0.00M | Scene, ViewLayer | Synchronizing object | Mesh11
Fra:4 Mem:58.35M (Peak 143.53M) | Time:00:00.02 | Mem:0.00M, Peak:0.00M | Scene, ViewLayer | Synchronizing object | Mesh12
Fra:4 Mem:58.63M (Peak 143.53M) | Time:00:00.02 | Mem:0.00M, Peak:0.00M | Scene, ViewLayer | Synchronizing object | Mesh13
Fra:4 Mem:58.66M (Peak 143.53M) | Time:00:00.02 | Mem:0.00M, Peak:0.00M | Scene, ViewLayer | Synchronizing object | Mesh14
Fra:4 Mem:58.55M (Peak 143.53M) | Time:00:00.02 | Mem:0.00M, Peak:0.00M | Scene, ViewLayer | Synchronizing object | Mesh15
Fra:4 Mem:60.44M (Peak 143.53M) | Time:00:00.02 | Mem:0.00M, Peak:0.00M | Scene, ViewLayer | Synchronizing object | Mesh158
Fra:4 Mem:59.64M (Peak 143.53M) | Time:00:00.02 | Mem:0.00M, Peak:0.00M | Scene, ViewLayer | Synchronizing object | Mesh157
Fra:4 Mem:59.67M (Peak 143.53M) | Time:00:00.02 | Mem:0.00M, Peak:0.00M | Scene, ViewLayer | Synchronizing object | Mesh156
Fra:4 Mem:59.51M (Peak 143.53M) | Time:00:00.02 | Mem:0.00M, Peak:0.00M | Scene, ViewLayer | Synchronizing object | Mesh16
Fra:4 Mem:59.50M (Peak 143.53M) | Time:00:00.02 | Mem:0.00M, Peak:0.00M | Scene, ViewLayer | Synchronizing object | Mesh155
Fra:4 Mem:59.64M (Peak 143.53M) | Time:00:00.02 | Mem:0.00M, Peak:0.00M | Scene, ViewLayer | Synchronizing object | Mesh154
Fra:4 Mem:59.71M (Peak 143.53M) | Time:00:00.02 | Mem:0.00M, Peak:0.00M | Scene, ViewLayer | Synchronizing object | Mesh17
Fra:4 Mem:59.79M (Peak 143.53M) | Time:00:00.02 | Mem:0.00M, Peak:0.00M | Scene, ViewLayer | Synchronizing object | Mesh18
Fra:4 Mem:59.84M (Peak 143.53M) | Time:00:00.02 | Mem:0.00M, Peak:0.00M | Scene, ViewLayer | Synchronizing object | Mesh19
Fra:4 Mem:59.83M (Peak 143.53M) | Time:00:00.02 | Mem:0.00M, Peak:0.00M | Scene, ViewLayer | Synchronizing object | Mesh20
Fra:4 Mem:59.75M (Peak 143.53M) | Time:00:00.02 | Mem:0.00M, Peak:0.00M | Scene, ViewLayer | Synchronizing object | Mesh153
Fra:4 Mem:59.96M (Peak 143.53M) | Time:00:00.02 | Mem:0.00M, Peak:0.00M | Scene, ViewLayer | Synchronizing object | Mesh152
Fra:4 Mem:59.97M (Peak 143.53M) | Time:00:00.02 | Mem:0.00M, Peak:0.00M | Scene, ViewLayer | Synchronizing object | Mesh151
Fra:4 Mem:59.98M (Peak 143.53M) | Time:00:00.02 | Mem:0.00M, Peak:0.00M | Scene, ViewLayer | Synchronizing object | Mesh150
Fra:4 Mem:59.99M (Peak 143.53M) | Time:00:00.02 | Mem:0.00M, Peak:0.00M | Scene, ViewLayer | Synchronizing object | Mesh149
Fra:4 Mem:59.99M (Peak 143.53M) | Time:00:00.02 | Mem:0.00M, Peak:0.00M | Scene, ViewLayer | Synchronizing object | Mesh148
Fra:4 Mem:59.94M (Peak 143.53M) | Time:00:00.02 | Mem:0.00M, Peak:0.00M | Scene, ViewLayer | Synchronizing object | Mesh21
Fra:4 Mem:60.01M (Peak 143.53M) | Time:00:00.02 | Mem:0.00M, Peak:0.00M | Scene, ViewLayer | Synchronizing object | Mesh22
Fra:4 Mem:59.99M (Peak 143.53M) | Time:00:00.02 | Mem:0.00M, Peak:0.00M | Scene, ViewLayer | Synchronizing object | Mesh147
Fra:4 Mem:60.05M (Peak 143.53M) | Time:00:00.02 | Mem:0.00M, Peak:0.00M | Scene, ViewLayer | Synchronizing object | Mesh146
Fra:4 Mem:60.11M (Peak 143.53M) | Time:00:00.02 | Mem:0.00M, Peak:0.00M | Scene, ViewLayer | Synchronizing object | Mesh145
Fra:4 Mem:60.03M (Peak 143.53M) | Time:00:00.02 | Mem:0.00M, Peak:0.00M | Scene, ViewLayer | Synchronizing object | Mesh144
Fra:4 Mem:60.02M (Peak 143.53M) | Time:00:00.02 | Mem:0.00M, Peak:0.00M | Scene, ViewLayer | Synchronizing object | Mesh143
Fra:4 Mem:60.02M (Peak 143.53M) | Time:00:00.02 | Mem:0.00M, Peak:0.00M | Scene, ViewLayer | Synchronizing object | Mesh23
Fra:4 Mem:60.06M (Peak 143.53M) | Time:00:00.02 | Mem:0.00M, Peak:0.00M | Scene, ViewLayer | Synchronizing object | Mesh142
Fra:4 Mem:60.06M (Peak 143.53M) | Time:00:00.02 | Mem:0.00M, Peak:0.00M | Scene, ViewLayer | Synchronizing object | Mesh24
Fra:4 Mem:60.12M (Peak 143.53M) | Time:00:00.02 | Mem:0.00M, Peak:0.00M | Scene, ViewLayer | Synchronizing object | Mesh25
Fra:4 Mem:60.25M (Peak 143.53M) | Time:00:00.02 | Mem:0.00M, Peak:0.00M | Scene, ViewLayer | Synchronizing object | Mesh141
Fra:4 Mem:60.23M (Peak 143.53M) | Time:00:00.02 | Mem:0.00M, Peak:0.00M | Scene, ViewLayer | Synchronizing object | Mesh26
Fra:4 Mem:60.29M (Peak 143.53M) | Time:00:00.03 | Mem:0.00M, Peak:0.00M | Scene, ViewLayer | Synchronizing object | Mesh27
Fra:4 Mem:60.27M (Peak 143.53M) | Time:00:00.03 | Mem:0.00M, Peak:0.00M | Scene, ViewLayer | Synchronizing object | Mesh140
Fra:4 Mem:60.27M (Peak 143.53M) | Time:00:00.03 | Mem:0.00M, Peak:0.00M | Scene, ViewLayer | Synchronizing object | Mesh28
Fra:4 Mem:60.35M (Peak 143.53M) | Time:00:00.03 | Mem:0.00M, Peak:0.00M | Scene, ViewLayer | Synchronizing object | Mesh29
Fra:4 Mem:60.39M (Peak 143.53M) | Time:00:00.03 | Mem:0.00M, Peak:0.00M | Scene, ViewLayer | Synchronizing object | Mesh30
Fra:4 Mem:60.42M (Peak 143.53M) | Time:00:00.03 | Mem:0.00M, Peak:0.00M | Scene, ViewLayer | Synchronizing object | Mesh31
Fra:4 Mem:60.56M (Peak 143.53M) | Time:00:00.03 | Mem:0.00M, Peak:0.00M | Scene, ViewLayer | Synchronizing object | Mesh32
Fra:4 Mem:60.60M (Peak 143.53M) | Time:00:00.03 | Mem:0.00M, Peak:0.00M | Scene, ViewLayer | Synchronizing object | Mesh33
Fra:4 Mem:60.57M (Peak 143.53M) | Time:00:00.03 | Mem:0.00M, Peak:0.00M | Scene, ViewLayer | Synchronizing object | Mesh34
Fra:4 Mem:60.53M (Peak 143.53M) | Time:00:00.03 | Mem:0.00M, Peak:0.00M | Scene, ViewLayer | Synchronizing object | Mesh139
Fra:4 Mem:60.53M (Peak 143.53M) | Time:00:00.03 | Mem:0.00M, Peak:0.00M | Scene, ViewLayer | Synchronizing object | Mesh35
Fra:4 Mem:60.53M (Peak 143.53M) | Time:00:00.03 | Mem:0.00M, Peak:0.00M | Scene, ViewLayer | Synchronizing object | Mesh138
Fra:4 Mem:60.63M (Peak 143.53M) | Time:00:00.03 | Mem:0.00M, Peak:0.00M | Scene, ViewLayer | Synchronizing object | Mesh36
Fra:4 Mem:60.62M (Peak 143.53M) | Time:00:00.03 | Mem:0.00M, Peak:0.00M | Scene, ViewLayer | Synchronizing object | Mesh137
Fra:4 Mem:60.85M (Peak 143.53M) | Time:00:00.03 | Mem:0.00M, Peak:0.00M | Scene, ViewLayer | Synchronizing object | Mesh37
Fra:4 Mem:60.83M (Peak 143.53M) | Time:00:00.03 | Mem:0.00M, Peak:0.00M | Scene, ViewLayer | Synchronizing object | Mesh136
Fra:4 Mem:60.84M (Peak 143.53M) | Time:00:00.03 | Mem:0.00M, Peak:0.00M | Scene, ViewLayer | Synchronizing object | Mesh135
Fra:4 Mem:60.94M (Peak 143.53M) | Time:00:00.03 | Mem:0.00M, Peak:0.00M | Scene, ViewLayer | Synchronizing object | Mesh38
Fra:4 Mem:60.88M (Peak 143.53M) | Time:00:00.03 | Mem:0.00M, Peak:0.00M | Scene, ViewLayer | Synchronizing object | Mesh134
Fra:4 Mem:60.88M (Peak 143.53M) | Time:00:00.03 | Mem:0.00M, Peak:0.00M | Scene, ViewLayer | Synchronizing object | Mesh39
Fra:4 Mem:60.89M (Peak 143.53M) | Time:00:00.03 | Mem:0.00M, Peak:0.00M | Scene, ViewLayer | Synchronizing object | Mesh133
Fra:4 Mem:60.92M (Peak 143.53M) | Time:00:00.03 | Mem:0.00M, Peak:0.00M | Scene, ViewLayer | Synchronizing object | Mesh132
Fra:4 Mem:61.02M (Peak 143.53M) | Time:00:00.03 | Mem:0.00M, Peak:0.00M | Scene, ViewLayer | Synchronizing object | Mesh40
Fra:4 Mem:60.96M (Peak 143.53M) | Time:00:00.03 | Mem:0.00M, Peak:0.00M | Scene, ViewLayer | Synchronizing object | Mesh131
Fra:4 Mem:60.97M (Peak 143.53M) | Time:00:00.03 | Mem:0.00M, Peak:0.00M | Scene, ViewLayer | Synchronizing object | Mesh130
Fra:4 Mem:60.97M (Peak 143.53M) | Time:00:00.03 | Mem:0.00M, Peak:0.00M | Scene, ViewLayer | Synchronizing object | Mesh41
Fra:4 Mem:60.99M (Peak 143.53M) | Time:00:00.03 | Mem:0.00M, Peak:0.00M | Scene, ViewLayer | Synchronizing object | Mesh129
Fra:4 Mem:61.03M (Peak 143.53M) | Time:00:00.03 | Mem:0.00M, Peak:0.00M | Scene, ViewLayer | Synchronizing object | Mesh128
Fra:4 Mem:61.07M (Peak 143.53M) | Time:00:00.03 | Mem:0.00M, Peak:0.00M | Scene, ViewLayer | Synchronizing object | Mesh127
Fra:4 Mem:61.15M (Peak 143.53M) | Time:00:00.03 | Mem:0.00M, Peak:0.00M | Scene, ViewLayer | Synchronizing object | Mesh126
Fra:4 Mem:61.15M (Peak 143.53M) | Time:00:00.03 | Mem:0.00M, Peak:0.00M | Scene, ViewLayer | Synchronizing object | Mesh125
Fra:4 Mem:61.11M (Peak 143.53M) | Time:00:00.03 | Mem:0.00M, Peak:0.00M | Scene, ViewLayer | Synchronizing object | Mesh124
Fra:4 Mem:61.15M (Peak 143.53M) | Time:00:00.03 | Mem:0.00M, Peak:0.00M | Scene, ViewLayer | Synchronizing object | Mesh123
Fra:4 Mem:61.09M (Peak 143.53M) | Time:00:00.03 | Mem:0.00M, Peak:0.00M | Scene, ViewLayer | Synchronizing object | Mesh122
Fra:4 Mem:61.08M (Peak 143.53M) | Time:00:00.03 | Mem:0.00M, Peak:0.00M | Scene, ViewLayer | Synchronizing object | Mesh42
Fra:4 Mem:61.12M (Peak 143.53M) | Time:00:00.03 | Mem:0.00M, Peak:0.00M | Scene, ViewLayer | Synchronizing object | Mesh121
Fra:4 Mem:61.19M (Peak 143.53M) | Time:00:00.03 | Mem:0.00M, Peak:0.00M | Scene, ViewLayer | Synchronizing object | Mesh120
Fra:4 Mem:61.21M (Peak 143.53M) | Time:00:00.03 | Mem:0.00M, Peak:0.00M | Scene, ViewLayer | Synchronizing object | Mesh119
Fra:4 Mem:61.21M (Peak 143.53M) | Time:00:00.03 | Mem:0.00M, Peak:0.00M | Scene, ViewLayer | Synchronizing object | Mesh43
Fra:4 Mem:61.32M (Peak 143.53M) | Time:00:00.03 | Mem:0.00M, Peak:0.00M | Scene, ViewLayer | Synchronizing object | Mesh44
Fra:4 Mem:61.33M (Peak 143.53M) | Time:00:00.03 | Mem:0.00M, Peak:0.00M | Scene, ViewLayer | Synchronizing object | Mesh45
Fra:4 Mem:61.37M (Peak 143.53M) | Time:00:00.03 | Mem:0.00M, Peak:0.00M | Scene, ViewLayer | Synchronizing object | Mesh46
Fra:4 Mem:61.39M (Peak 143.53M) | Time:00:00.03 | Mem:0.00M, Peak:0.00M | Scene, ViewLayer | Synchronizing object | Mesh47
Fra:4 Mem:61.49M (Peak 143.53M) | Time:00:00.03 | Mem:0.00M, Peak:0.00M | Scene, ViewLayer | Synchronizing object | Mesh48
Fra:4 Mem:61.52M (Peak 143.53M) | Time:00:00.03 | Mem:0.00M, Peak:0.00M | Scene, ViewLayer | Synchronizing object | Mesh49
Fra:4 Mem:61.56M (Peak 143.53M) | Time:00:00.03 | Mem:0.00M, Peak:0.00M | Scene, ViewLayer | Synchronizing object | Mesh50
Fra:4 Mem:61.54M (Peak 143.53M) | Time:00:00.03 | Mem:0.00M, Peak:0.00M | Scene, ViewLayer | Synchronizing object | Mesh51
Fra:4 Mem:61.56M (Peak 143.53M) | Time:00:00.03 | Mem:0.00M, Peak:0.00M | Scene, ViewLayer | Synchronizing object | Mesh52
Fra:4 Mem:61.45M (Peak 143.53M) | Time:00:00.03 | Mem:0.00M, Peak:0.00M | Scene, ViewLayer | Synchronizing object | Mesh118
Fra:4 Mem:61.45M (Peak 143.53M) | Time:00:00.03 | Mem:0.00M, Peak:0.00M | Scene, ViewLayer | Synchronizing object | Mesh53
Fra:4 Mem:61.46M (Peak 143.53M) | Time:00:00.03 | Mem:0.00M, Peak:0.00M | Scene, ViewLayer | Synchronizing object | Mesh117
Fra:4 Mem:61.49M (Peak 143.53M) | Time:00:00.03 | Mem:0.00M, Peak:0.00M | Scene, ViewLayer | Synchronizing object | Mesh54
Fra:4 Mem:61.52M (Peak 143.53M) | Time:00:00.03 | Mem:0.00M, Peak:0.00M | Scene, ViewLayer | Synchronizing object | Mesh116
Fra:4 Mem:61.52M (Peak 143.53M) | Time:00:00.03 | Mem:0.00M, Peak:0.00M | Scene, ViewLayer | Synchronizing object | Mesh115
Fra:4 Mem:61.75M (Peak 143.53M) | Time:00:00.03 | Mem:0.00M, Peak:0.00M | Scene, ViewLayer | Synchronizing object | Mesh55
Fra:4 Mem:61.85M (Peak 143.53M) | Time:00:00.03 | Mem:0.00M, Peak:0.00M | Scene, ViewLayer | Synchronizing object | Mesh114
Fra:4 Mem:61.87M (Peak 143.53M) | Time:00:00.03 | Mem:0.00M, Peak:0.00M | Scene, ViewLayer | Synchronizing object | Mesh56
Fra:4 Mem:61.91M (Peak 143.53M) | Time:00:00.03 | Mem:0.00M, Peak:0.00M | Scene, ViewLayer | Synchronizing object | Mesh57
Fra:4 Mem:62.02M (Peak 143.53M) | Time:00:00.03 | Mem:0.00M, Peak:0.00M | Scene, ViewLayer | Synchronizing object | Mesh58
Fra:4 Mem:62.01M (Peak 143.53M) | Time:00:00.03 | Mem:0.00M, Peak:0.00M | Scene, ViewLayer | Synchronizing object | Mesh113
Fra:4 Mem:62.06M (Peak 143.53M) | Time:00:00.03 | Mem:0.00M, Peak:0.00M | Scene, ViewLayer | Synchronizing object | Mesh112
Fra:4 Mem:62.03M (Peak 143.53M) | Time:00:00.03 | Mem:0.00M, Peak:0.00M | Scene, ViewLayer | Synchronizing object | Mesh59
Fra:4 Mem:62.02M (Peak 143.53M) | Time:00:00.03 | Mem:0.00M, Peak:0.00M | Scene, ViewLayer | Synchronizing object | Mesh111
Fra:4 Mem:62.15M (Peak 143.53M) | Time:00:00.03 | Mem:0.00M, Peak:0.00M | Scene, ViewLayer | Synchronizing object | Mesh60
Fra:4 Mem:62.40M (Peak 143.53M) | Time:00:00.03 | Mem:0.00M, Peak:0.00M | Scene, ViewLayer | Synchronizing object | Mesh61
Fra:4 Mem:62.57M (Peak 143.53M) | Time:00:00.03 | Mem:0.00M, Peak:0.00M | Scene, ViewLayer | Synchronizing object | Mesh110
Fra:4 Mem:62.58M (Peak 143.53M) | Time:00:00.03 | Mem:0.00M, Peak:0.00M | Scene, ViewLayer | Synchronizing object | Mesh109
Fra:4 Mem:62.45M (Peak 143.53M) | Time:00:00.03 | Mem:0.00M, Peak:0.00M | Scene, ViewLayer | Synchronizing object | Mesh108
Fra:4 Mem:62.43M (Peak 143.53M) | Time:00:00.03 | Mem:0.00M, Peak:0.00M | Scene, ViewLayer | Synchronizing object | Mesh62
Fra:4 Mem:62.49M (Peak 143.53M) | Time:00:00.03 | Mem:0.00M, Peak:0.00M | Scene, ViewLayer | Synchronizing object | Mesh63
Fra:4 Mem:62.53M (Peak 143.53M) | Time:00:00.03 | Mem:0.00M, Peak:0.00M | Scene, ViewLayer | Synchronizing object | Mesh64
Fra:4 Mem:62.51M (Peak 143.53M) | Time:00:00.03 | Mem:0.00M, Peak:0.00M | Scene, ViewLayer | Synchronizing object | Mesh107
Fra:4 Mem:62.56M (Peak 143.53M) | Time:00:00.03 | Mem:0.00M, Peak:0.00M | Scene, ViewLayer | Synchronizing object | Mesh106
Fra:4 Mem:62.66M (Peak 143.53M) | Time:00:00.03 | Mem:0.00M, Peak:0.00M | Scene, ViewLayer | Synchronizing object | Mesh65
Fra:4 Mem:62.92M (Peak 143.53M) | Time:00:00.03 | Mem:0.00M, Peak:0.00M | Scene, ViewLayer | Synchronizing object | Mesh66
Fra:4 Mem:62.88M (Peak 143.53M) | Time:00:00.04 | Mem:0.00M, Peak:0.00M | Scene, ViewLayer | Synchronizing object | Mesh105
Fra:4 Mem:62.90M (Peak 143.53M) | Time:00:00.04 | Mem:0.00M, Peak:0.00M | Scene, ViewLayer | Synchronizing object | Mesh67
Fra:4 Mem:63.20M (Peak 143.53M) | Time:00:00.04 | Mem:0.00M, Peak:0.00M | Scene, ViewLayer | Synchronizing object | Mesh68
Fra:4 Mem:63.20M (Peak 143.53M) | Time:00:00.04 | Mem:0.00M, Peak:0.00M | Scene, ViewLayer | Synchronizing object | Mesh104
Fra:4 Mem:63.27M (Peak 143.53M) | Time:00:00.04 | Mem:0.00M, Peak:0.00M | Scene, ViewLayer | Synchronizing object | Mesh103
Fra:4 Mem:63.30M (Peak 143.53M) | Time:00:00.04 | Mem:0.00M, Peak:0.00M | Scene, ViewLayer | Synchronizing object | Mesh102
Fra:4 Mem:63.29M (Peak 143.53M) | Time:00:00.04 | Mem:0.00M, Peak:0.00M | Scene, ViewLayer | Synchronizing object | Mesh69
Fra:4 Mem:63.34M (Peak 143.53M) | Time:00:00.04 | Mem:0.00M, Peak:0.00M | Scene, ViewLayer | Synchronizing object | Mesh101
Fra:4 Mem:63.60M (Peak 143.53M) | Time:00:00.04 | Mem:0.00M, Peak:0.00M | Scene, ViewLayer | Synchronizing object | Mesh100
Fra:4 Mem:63.88M (Peak 143.53M) | Time:00:00.04 | Mem:0.00M, Peak:0.00M | Scene, ViewLayer | Synchronizing object | Mesh99
Fra:4 Mem:63.92M (Peak 143.53M) | Time:00:00.04 | Mem:0.00M, Peak:0.00M | Scene, ViewLayer | Synchronizing object | Mesh98
Fra:4 Mem:63.92M (Peak 143.53M) | Time:00:00.04 | Mem:0.00M, Peak:0.00M | Scene, ViewLayer | Synchronizing object | Mesh97
Fra:4 Mem:63.92M (Peak 143.53M) | Time:00:00.04 | Mem:0.00M, Peak:0.00M | Scene, ViewLayer | Synchronizing object | Mesh96
Fra:4 Mem:63.99M (Peak 143.53M) | Time:00:00.04 | Mem:0.00M, Peak:0.00M | Scene, ViewLayer | Synchronizing object | Mesh95
Fra:4 Mem:63.82M (Peak 143.53M) | Time:00:00.04 | Mem:0.00M, Peak:0.00M | Scene, ViewLayer | Synchronizing object | Mesh70
Fra:4 Mem:64.07M (Peak 143.53M) | Time:00:00.04 | Mem:0.00M, Peak:0.00M | Scene, ViewLayer | Synchronizing object | Mesh71
Fra:4 Mem:64.02M (Peak 143.53M) | Time:00:00.04 | Mem:0.00M, Peak:0.00M | Scene, ViewLayer | Synchronizing object | Mesh94
Fra:4 Mem:64.02M (Peak 143.53M) | Time:00:00.04 | Mem:0.00M, Peak:0.00M | Scene, ViewLayer | Synchronizing object | Mesh72
Fra:4 Mem:64.07M (Peak 143.53M) | Time:00:00.04 | Mem:0.00M, Peak:0.00M | Scene, ViewLayer | Synchronizing object | Mesh93
Fra:4 Mem:64.09M (Peak 143.53M) | Time:00:00.04 | Mem:0.00M, Peak:0.00M | Scene, ViewLayer | Synchronizing object | Mesh92
Fra:4 Mem:64.11M (Peak 143.53M) | Time:00:00.04 | Mem:0.00M, Peak:0.00M | Scene, ViewLayer | Synchronizing object | Mesh91
Fra:4 Mem:64.12M (Peak 143.53M) | Time:00:00.04 | Mem:0.00M, Peak:0.00M | Scene, ViewLayer | Synchronizing object | Mesh90
Fra:4 Mem:64.20M (Peak 143.53M) | Time:00:00.04 | Mem:0.00M, Peak:0.00M | Scene, ViewLayer | Synchronizing object | Mesh89
Fra:4 Mem:64.21M (Peak 143.53M) | Time:00:00.04 | Mem:0.00M, Peak:0.00M | Scene, ViewLayer | Synchronizing object | Mesh88
Fra:4 Mem:64.21M (Peak 143.53M) | Time:00:00.04 | Mem:0.00M, Peak:0.00M | Scene, ViewLayer | Synchronizing object | Mesh87
Fra:4 Mem:64.22M (Peak 143.53M) | Time:00:00.04 | Mem:0.00M, Peak:0.00M | Scene, ViewLayer | Synchronizing object | Mesh86
Fra:4 Mem:64.75M (Peak 143.53M) | Time:00:00.04 | Mem:0.00M, Peak:0.00M | Scene, ViewLayer | Synchronizing object | Mesh85
Fra:4 Mem:64.92M (Peak 143.53M) | Time:00:00.04 | Mem:0.00M, Peak:0.00M | Scene, ViewLayer | Synchronizing object | Mesh84
Fra:4 Mem:65.10M (Peak 143.53M) | Time:00:00.04 | Mem:0.00M, Peak:0.00M | Scene, ViewLayer | Synchronizing object | Mesh83
Fra:4 Mem:65.14M (Peak 143.53M) | Time:00:00.04 | Mem:0.00M, Peak:0.00M | Scene, ViewLayer | Synchronizing object | Mesh82
Fra:4 Mem:65.13M (Peak 143.53M) | Time:00:00.04 | Mem:0.00M, Peak:0.00M | Scene, ViewLayer | Synchronizing object | Mesh81
Fra:4 Mem:65.05M (Peak 143.53M) | Time:00:00.04 | Mem:0.00M, Peak:0.00M | Scene, ViewLayer | Synchronizing object | Mesh80
Fra:4 Mem:64.98M (Peak 143.53M) | Time:00:00.04 | Mem:0.00M, Peak:0.00M | Scene, ViewLayer | Synchronizing object | Mesh73
Fra:4 Mem:64.98M (Peak 143.53M) | Time:00:00.04 | Mem:0.00M, Peak:0.00M | Scene, ViewLayer | Synchronizing object | Mesh79
Fra:4 Mem:65.03M (Peak 143.53M) | Time:00:00.04 | Mem:0.00M, Peak:0.00M | Scene, ViewLayer | Synchronizing object | Mesh74
Fra:4 Mem:65.05M (Peak 143.53M) | Time:00:00.04 | Mem:0.00M, Peak:0.00M | Scene, ViewLayer | Synchronizing object | Mesh78
Fra:4 Mem:65.05M (Peak 143.53M) | Time:00:00.04 | Mem:0.00M, Peak:0.00M | Scene, ViewLayer | Synchronizing object | Mesh77
Fra:4 Mem:65.08M (Peak 143.53M) | Time:00:00.04 | Mem:0.00M, Peak:0.00M | Scene, ViewLayer | Synchronizing object | Mesh75
Fra:4 Mem:65.10M (Peak 143.53M) | Time:00:00.04 | Mem:0.00M, Peak:0.00M | Scene, ViewLayer | Synchronizing object | Mesh76
Fra:4 Mem:65.14M (Peak 143.53M) | Time:00:00.04 | Mem:0.00M, Peak:0.00M | Scene, ViewLayer | Initializing
Fra:4 Mem:56.30M (Peak 143.53M) | Time:00:00.05 | Mem:0.00M, Peak:0.00M | Scene, ViewLayer | Waiting for render to start
Fra:4 Mem:56.31M (Peak 143.53M) | Time:00:00.05 | Mem:0.00M, Peak:0.00M | Scene, ViewLayer | Loading render kernels (may take a few minutes the first time)
Fra:4 Mem:56.31M (Peak 143.53M) | Time:00:00.05 | Mem:0.00M, Peak:0.00M | Scene, ViewLayer | Updating Scene
Fra:4 Mem:56.31M (Peak 143.53M) | Time:00:00.05 | Mem:0.00M, Peak:0.00M | Scene, ViewLayer | Updating Shaders
Fra:4 Mem:56.40M (Peak 143.53M) | Time:00:00.05 | Mem:0.02M, Peak:0.02M | Scene, ViewLayer | Updating Procedurals
Fra:4 Mem:56.40M (Peak 143.53M) | Time:00:00.05 | Mem:0.02M, Peak:0.02M | Scene, ViewLayer | Updating Background
Fra:4 Mem:56.40M (Peak 143.53M) | Time:00:00.05 | Mem:0.02M, Peak:0.02M | Scene, ViewLayer | Updating Camera
Fra:4 Mem:56.40M (Peak 143.53M) | Time:00:00.05 | Mem:0.02M, Peak:0.02M | Scene, ViewLayer | Updating Meshes Flags
Fra:4 Mem:56.40M (Peak 143.53M) | Time:00:00.05 | Mem:0.02M, Peak:0.02M | Scene, ViewLayer | Updating Objects
Fra:4 Mem:56.40M (Peak 143.53M) | Time:00:00.05 | Mem:0.02M, Peak:0.02M | Scene, ViewLayer | Updating Objects | Copying Transformations to device
Fra:4 Mem:56.44M (Peak 143.53M) | Time:00:00.05 | Mem:0.05M, Peak:0.05M | Scene, ViewLayer | Updating Objects | Applying Static Transformations
Fra:4 Mem:56.44M (Peak 143.53M) | Time:00:00.05 | Mem:0.05M, Peak:0.05M | Scene, ViewLayer | Updating Particle Systems
Fra:4 Mem:56.44M (Peak 143.53M) | Time:00:00.05 | Mem:0.05M, Peak:0.05M | Scene, ViewLayer | Updating Particle Systems | Copying Particles to device
Fra:4 Mem:56.44M (Peak 143.53M) | Time:00:00.05 | Mem:0.05M, Peak:0.05M | Scene, ViewLayer | Updating Meshes
Fra:4 Mem:57.55M (Peak 143.53M) | Time:00:00.05 | Mem:0.05M, Peak:0.05M | Scene, ViewLayer | Updating Mesh | Computing attributes
Fra:4 Mem:59.61M (Peak 143.53M) | Time:00:00.05 | Mem:0.07M, Peak:0.07M | Scene, ViewLayer | Updating Mesh | Copying Attributes to device
Fra:4 Mem:59.59M (Peak 143.53M) | Time:00:00.05 | Mem:2.10M, Peak:2.10M | Scene, ViewLayer | Updating Scene BVH | Building
Fra:4 Mem:59.59M (Peak 143.53M) | Time:00:00.05 | Mem:2.10M, Peak:2.10M | Scene, ViewLayer | Updating Scene BVH | Building BVH
Fra:4 Mem:59.59M (Peak 143.53M) | Time:00:00.05 | Mem:4.30M, Peak:4.30M | Scene, ViewLayer | Updating Scene BVH | Building BVH 0%
Fra:4 Mem:59.59M (Peak 143.53M) | Time:00:00.07 | Mem:6.93M, Peak:9.14M | Scene, ViewLayer | Updating Scene BVH | Copying BVH to device
Fra:4 Mem:59.59M (Peak 143.53M) | Time:00:00.07 | Mem:6.93M, Peak:9.14M | Scene, ViewLayer | Updating Mesh | Computing normals
Fra:4 Mem:66.39M (Peak 143.53M) | Time:00:00.07 | Mem:6.93M, Peak:9.14M | Scene, ViewLayer | Updating Mesh | Copying Mesh to device
Fra:4 Mem:66.39M (Peak 143.53M) | Time:00:00.07 | Mem:13.73M, Peak:13.73M | Scene, ViewLayer | Updating Objects Flags
Fra:4 Mem:66.39M (Peak 143.53M) | Time:00:00.07 | Mem:13.73M, Peak:13.73M | Scene, ViewLayer | Updating Primitive Offsets
Fra:4 Mem:66.39M (Peak 143.53M) | Time:00:00.07 | Mem:13.73M, Peak:13.73M | Scene, ViewLayer | Updating Images
Fra:4 Mem:66.39M (Peak 143.53M) | Time:00:00.07 | Mem:13.73M, Peak:13.73M | Scene, ViewLayer | Updating Camera Volume
Fra:4 Mem:66.39M (Peak 143.53M) | Time:00:00.07 | Mem:13.73M, Peak:13.73M | Scene, ViewLayer | Updating Lookup Tables
Fra:4 Mem:66.39M (Peak 143.53M) | Time:00:00.07 | Mem:13.81M, Peak:13.81M | Scene, ViewLayer | Updating Lights
Fra:4 Mem:66.39M (Peak 143.53M) | Time:00:00.07 | Mem:13.81M, Peak:13.81M | Scene, ViewLayer | Updating Lights | Computing tree
Fra:4 Mem:66.39M (Peak 143.53M) | Time:00:00.07 | Mem:13.81M, Peak:13.81M | Scene, ViewLayer | Updating Integrator
Fra:4 Mem:66.39M (Peak 143.53M) | Time:00:00.07 | Mem:13.81M, Peak:13.81M | Scene, ViewLayer | Updating Film
Fra:4 Mem:66.39M (Peak 143.53M) | Time:00:00.07 | Mem:13.73M, Peak:13.81M | Scene, ViewLayer | Updating Lookup Tables
Fra:4 Mem:66.39M (Peak 143.53M) | Time:00:00.07 | Mem:13.82M, Peak:13.82M | Scene, ViewLayer | Updating Baking
Fra:4 Mem:66.39M (Peak 143.53M) | Time:00:00.07 | Mem:13.82M, Peak:13.82M | Scene, ViewLayer | Updating Device | Writing constant memory
Fra:4 Mem:66.40M (Peak 143.53M) | Time:00:00.07 | Mem:13.82M, Peak:13.82M | Scene, ViewLayer | Loading denoising kernels (may take a few minutes the first time)
Fra:4 Mem:66.40M (Peak 143.53M) | Time:00:00.07 | Mem:13.82M, Peak:13.82M | Scene, ViewLayer | Sample 0/2
Fra:4 Mem:103.98M (Peak 143.53M) | Time:00:00.19 | Remaining:00:00.11 | Mem:51.39M, Peak:51.39M | Scene, ViewLayer | Sample 1/2
Fra:4 Mem:119.80M (Peak 143.53M) | Time:00:09.38 | Mem:51.39M, Peak:51.39M | Scene, ViewLayer | Sample 2/2
Fra:4 Mem:119.80M (Peak 143.53M) | Time:00:09.38 | Mem:51.39M, Peak:51.39M | Scene, ViewLayer | Finished
Append frame 4
Time: 00:09.43 (Saving: 00:00.05)

Fra:5 Mem:55.82M (Peak 143.53M) | Time:00:00.01 | Mem:0.00M, Peak:0.00M | Scene, ViewLayer | Synchronizing object | Mesh1
Fra:5 Mem:55.87M (Peak 143.53M) | Time:00:00.01 | Mem:0.00M, Peak:0.00M | Scene, ViewLayer | Synchronizing object | Mesh2
Fra:5 Mem:55.90M (Peak 143.53M) | Time:00:00.01 | Mem:0.00M, Peak:0.00M | Scene, ViewLayer | Synchronizing object | Mesh168
Fra:5 Mem:56.03M (Peak 143.53M) | Time:00:00.01 | Mem:0.00M, Peak:0.00M | Scene, ViewLayer | Synchronizing object | Mesh167
Fra:5 Mem:56.00M (Peak 143.53M) | Time:00:00.01 | Mem:0.00M, Peak:0.00M | Scene, ViewLayer | Synchronizing object | Mesh3
Fra:5 Mem:56.87M (Peak 143.53M) | Time:00:00.01 | Mem:0.00M, Peak:0.00M | Scene, ViewLayer | Synchronizing object | Mesh4
Fra:5 Mem:56.79M (Peak 143.53M) | Time:00:00.01 | Mem:0.00M, Peak:0.00M | Scene, ViewLayer | Synchronizing object | Mesh5
Fra:5 Mem:56.82M (Peak 143.53M) | Time:00:00.01 | Mem:0.00M, Peak:0.00M | Scene, ViewLayer | Synchronizing object | Mesh6
Fra:5 Mem:57.15M (Peak 143.53M) | Time:00:00.01 | Mem:0.00M, Peak:0.00M | Scene, ViewLayer | Synchronizing object | Mesh7
Fra:5 Mem:58.53M (Peak 143.53M) | Time:00:00.02 | Mem:0.00M, Peak:0.00M | Scene, ViewLayer | Synchronizing object | Mesh166
Fra:5 Mem:58.59M (Peak 143.53M) | Time:00:00.02 | Mem:0.00M, Peak:0.00M | Scene, ViewLayer | Synchronizing object | Mesh165
Fra:5 Mem:58.62M (Peak 143.53M) | Time:00:00.02 | Mem:0.00M, Peak:0.00M | Scene, ViewLayer | Synchronizing object | Mesh164
Fra:5 Mem:58.63M (Peak 143.53M) | Time:00:00.02 | Mem:0.00M, Peak:0.00M | Scene, ViewLayer | Synchronizing object | Mesh163
Fra:5 Mem:58.71M (Peak 143.53M) | Time:00:00.02 | Mem:0.00M, Peak:0.00M | Scene, ViewLayer | Synchronizing object | Mesh162
Fra:5 Mem:58.32M (Peak 143.53M) | Time:00:00.02 | Mem:0.00M, Peak:0.00M | Scene, ViewLayer | Synchronizing object | Mesh161
Fra:5 Mem:58.72M (Peak 143.53M) | Time:00:00.02 | Mem:0.00M, Peak:0.00M | Scene, ViewLayer | Synchronizing object | Mesh160
Fra:5 Mem:57.96M (Peak 143.53M) | Time:00:00.02 | Mem:0.00M, Peak:0.00M | Scene, ViewLayer | Synchronizing object | Mesh159
Fra:5 Mem:57.79M (Peak 143.53M) | Time:00:00.02 | Mem:0.00M, Peak:0.00M | Scene, ViewLayer | Synchronizing object | Mesh8
Fra:5 Mem:58.45M (Peak 143.53M) | Time:00:00.02 | Mem:0.00M, Peak:0.00M | Scene, ViewLayer | Synchronizing object | Mesh9
Fra:5 Mem:58.51M (Peak 143.53M) | Time:00:00.02 | Mem:0.00M, Peak:0.00M | Scene, ViewLayer | Synchronizing object | Mesh10
Fra:5 Mem:58.79M (Peak 143.53M) | Time:00:00.02 | Mem:0.00M, Peak:0.00M | Scene, ViewLayer | Synchronizing object | Mesh11
Fra:5 Mem:58.96M (Peak 143.53M) | Time:00:00.02 | Mem:0.00M, Peak:0.00M | Scene, ViewLayer | Synchronizing object | Mesh12
Fra:5 Mem:58.97M (Peak 143.53M) | Time:00:00.02 | Mem:0.00M, Peak:0.00M | Scene, ViewLayer | Synchronizing object | Mesh13
Fra:5 Mem:59.00M (Peak 143.53M) | Time:00:00.02 | Mem:0.00M, Peak:0.00M | Scene, ViewLayer | Synchronizing object | Mesh14
Fra:5 Mem:59.06M (Peak 143.53M) | Time:00:00.02 | Mem:0.00M, Peak:0.00M | Scene, ViewLayer | Synchronizing object | Mesh15
Fra:5 Mem:60.44M (Peak 143.53M) | Time:00:00.02 | Mem:0.00M, Peak:0.00M | Scene, ViewLayer | Synchronizing object | Mesh158
Fra:5 Mem:60.25M (Peak 143.53M) | Time:00:00.02 | Mem:0.00M, Peak:0.00M | Scene, ViewLayer | Synchronizing object | Mesh157
Fra:5 Mem:60.28M (Peak 143.53M) | Time:00:00.02 | Mem:0.00M, Peak:0.00M | Scene, ViewLayer | Synchronizing object | Mesh156
Fra:5 Mem:60.29M (Peak 143.53M) | Time:00:00.02 | Mem:0.00M, Peak:0.00M | Scene, ViewLayer | Synchronizing object | Mesh155
Fra:5 Mem:60.56M (Peak 143.53M) | Time:00:00.02 | Mem:0.00M, Peak:0.00M | Scene, ViewLayer | Synchronizing object | Mesh154
Fra:5 Mem:59.82M (Peak 143.53M) | Time:00:00.02 | Mem:0.00M, Peak:0.00M | Scene, ViewLayer | Synchronizing object | Mesh153
Fra:5 Mem:59.64M (Peak 143.53M) | Time:00:00.02 | Mem:0.00M, Peak:0.00M | Scene, ViewLayer | Synchronizing object | Mesh16
Fra:5 Mem:59.76M (Peak 143.53M) | Time:00:00.02 | Mem:0.00M, Peak:0.00M | Scene, ViewLayer | Synchronizing object | Mesh152
Fra:5 Mem:59.77M (Peak 143.53M) | Time:00:00.02 | Mem:0.00M, Peak:0.00M | Scene, ViewLayer | Synchronizing object | Mesh151
Fra:5 Mem:59.74M (Peak 143.53M) | Time:00:00.02 | Mem:0.00M, Peak:0.00M | Scene, ViewLayer | Synchronizing object | Mesh150
Fra:5 Mem:59.73M (Peak 143.53M) | Time:00:00.02 | Mem:0.00M, Peak:0.00M | Scene, ViewLayer | Synchronizing object | Mesh17
Fra:5 Mem:59.74M (Peak 143.53M) | Time:00:00.02 | Mem:0.00M, Peak:0.00M | Scene, ViewLayer | Synchronizing object | Mesh149
Fra:5 Mem:59.76M (Peak 143.53M) | Time:00:00.02 | Mem:0.00M, Peak:0.00M | Scene, ViewLayer | Synchronizing object | Mesh148
Fra:5 Mem:59.77M (Peak 143.53M) | Time:00:00.02 | Mem:0.00M, Peak:0.00M | Scene, ViewLayer | Synchronizing object | Mesh18
Fra:5 Mem:59.87M (Peak 143.53M) | Time:00:00.02 | Mem:0.00M, Peak:0.00M | Scene, ViewLayer | Synchronizing object | Mesh19
Fra:5 Mem:59.93M (Peak 143.53M) | Time:00:00.02 | Mem:0.00M, Peak:0.00M | Scene, ViewLayer | Synchronizing object | Mesh20
Fra:5 Mem:59.95M (Peak 143.53M) | Time:00:00.02 | Mem:0.00M, Peak:0.00M | Scene, ViewLayer | Synchronizing object | Mesh147
Fra:5 Mem:60.05M (Peak 143.53M) | Time:00:00.02 | Mem:0.00M, Peak:0.00M | Scene, ViewLayer | Synchronizing object | Mesh146
Fra:5 Mem:60.06M (Peak 143.53M) | Time:00:00.02 | Mem:0.00M, Peak:0.00M | Scene, ViewLayer | Synchronizing object | Mesh145
Fra:5 Mem:60.06M (Peak 143.53M) | Time:00:00.03 | Mem:0.00M, Peak:0.00M | Scene, ViewLayer | Synchronizing object | Mesh144
Fra:5 Mem:60.06M (Peak 143.53M) | Time:00:00.03 | Mem:0.00M, Peak:0.00M | Scene, ViewLayer | Synchronizing object | Mesh143
Fra:5 Mem:60.06M (Peak 143.53M) | Time:00:00.03 | Mem:0.00M, Peak:0.00M | Scene, ViewLayer | Synchronizing object | Mesh142
Fra:5 Mem:60.12M (Peak 143.53M) | Time:00:00.03 | Mem:0.00M, Peak:0.00M | Scene, ViewLayer | Synchronizing object | Mesh21
Fra:5 Mem:60.10M (Peak 143.53M) | Time:00:00.03 | Mem:0.00M, Peak:0.00M | Scene, ViewLayer | Synchronizing object | Mesh22
Fra:5 Mem:60.06M (Peak 143.53M) | Time:00:00.03 | Mem:0.00M, Peak:0.00M | Scene, ViewLayer | Synchronizing object | Mesh141
Fra:5 Mem:60.21M (Peak 143.53M) | Time:00:00.03 | Mem:0.00M, Peak:0.00M | Scene, ViewLayer | Synchronizing object | Mesh140
Fra:5 Mem:60.19M (Peak 143.53M) | Time:00:00.03 | Mem:0.00M, Peak:0.00M | Scene, ViewLayer | Synchronizing object | Mesh23
Fra:5 Mem:60.29M (Peak 143.53M) | Time:00:00.03 | Mem:0.00M, Peak:0.00M | Scene, ViewLayer | Synchronizing object | Mesh24
Fra:5 Mem:60.27M (Peak 143.53M) | Time:00:00.03 | Mem:0.00M, Peak:0.00M | Scene, ViewLayer | Synchronizing object | Mesh25
Fra:5 Mem:60.23M (Peak 143.53M) | Time:00:00.03 | Mem:0.00M, Peak:0.00M | Scene, ViewLayer | Synchronizing object | Mesh139
Fra:5 Mem:60.27M (Peak 143.53M) | Time:00:00.03 | Mem:0.00M, Peak:0.00M | Scene, ViewLayer | Synchronizing object | Mesh138
Fra:5 Mem:60.35M (Peak 143.53M) | Time:00:00.03 | Mem:0.00M, Peak:0.00M | Scene, ViewLayer | Synchronizing object | Mesh137
Fra:5 Mem:60.44M (Peak 143.53M) | Time:00:00.03 | Mem:0.00M, Peak:0.00M | Scene, ViewLayer | Synchronizing object | Mesh26
Fra:5 Mem:60.55M (Peak 143.53M) | Time:00:00.03 | Mem:0.00M, Peak:0.00M | Scene, ViewLayer | Synchronizing object | Mesh27
Fra:5 Mem:60.58M (Peak 143.53M) | Time:00:00.03 | Mem:0.00M, Peak:0.00M | Scene, ViewLayer | Synchronizing object | Mesh28
Fra:5 Mem:60.52M (Peak 143.53M) | Time:00:00.03 | Mem:0.00M, Peak:0.00M | Scene, ViewLayer | Synchronizing object | Mesh29
Fra:5 Mem:60.58M (Peak 143.53M) | Time:00:00.03 | Mem:0.00M, Peak:0.00M | Scene, ViewLayer | Synchronizing object | Mesh30
Fra:5 Mem:60.54M (Peak 143.53M) | Time:00:00.03 | Mem:0.00M, Peak:0.00M | Scene, ViewLayer | Synchronizing object | Mesh136
Fra:5 Mem:60.55M (Peak 143.53M) | Time:00:00.03 | Mem:0.00M, Peak:0.00M | Scene, ViewLayer | Synchronizing object | Mesh135
Fra:5 Mem:60.54M (Peak 143.53M) | Time:00:00.03 | Mem:0.00M, Peak:0.00M | Scene, ViewLayer | Synchronizing object | Mesh31
Fra:5 Mem:60.67M (Peak 143.53M) | Time:00:00.03 | Mem:0.00M, Peak:0.00M | Scene, ViewLayer | Synchronizing object | Mesh32
Fra:5 Mem:60.75M (Peak 143.53M) | Time:00:00.03 | Mem:0.00M, Peak:0.00M | Scene, ViewLayer | Synchronizing object | Mesh33
Fra:5 Mem:60.75M (Peak 143.53M) | Time:00:00.03 | Mem:0.00M, Peak:0.00M | Scene, ViewLayer | Synchronizing object | Mesh34
Fra:5 Mem:60.71M (Peak 143.53M) | Time:00:00.03 | Mem:0.00M, Peak:0.00M | Scene, ViewLayer | Synchronizing object | Mesh35
Fra:5 Mem:60.69M (Peak 143.53M) | Time:00:00.03 | Mem:0.00M, Peak:0.00M | Scene, ViewLayer | Synchronizing object | Mesh134
Fra:5 Mem:60.74M (Peak 143.53M) | Time:00:00.03 | Mem:0.00M, Peak:0.00M | Scene, ViewLayer | Synchronizing object | Mesh133
Fra:5 Mem:60.76M (Peak 143.53M) | Time:00:00.03 | Mem:0.00M, Peak:0.00M | Scene, ViewLayer | Synchronizing object | Mesh132
Fra:5 Mem:60.85M (Peak 143.53M) | Time:00:00.03 | Mem:0.00M, Peak:0.00M | Scene, ViewLayer | Synchronizing object | Mesh36
Fra:5 Mem:60.85M (Peak 143.53M) | Time:00:00.03 | Mem:0.00M, Peak:0.00M | Scene, ViewLayer | Synchronizing object | Mesh131
Fra:5 Mem:60.87M (Peak 143.53M) | Time:00:00.03 | Mem:0.00M, Peak:0.00M | Scene, ViewLayer | Synchronizing object | Mesh130
Fra:5 Mem:60.89M (Peak 143.53M) | Time:00:00.03 | Mem:0.00M, Peak:0.00M | Scene, ViewLayer | Synchronizing object | Mesh129
Fra:5 Mem:60.97M (Peak 143.53M) | Time:00:00.03 | Mem:0.00M, Peak:0.00M | Scene, ViewLayer | Synchronizing object | Mesh128
Fra:5 Mem:60.97M (Peak 143.53M) | Time:00:00.03 | Mem:0.00M, Peak:0.00M | Scene, ViewLayer | Synchronizing object | Mesh127
Fra:5 Mem:60.98M (Peak 143.53M) | Time:00:00.03 | Mem:0.00M, Peak:0.00M | Scene, ViewLayer | Synchronizing object | Mesh126
Fra:5 Mem:60.90M (Peak 143.53M) | Time:00:00.03 | Mem:0.00M, Peak:0.00M | Scene, ViewLayer | Synchronizing object | Mesh125
Fra:5 Mem:60.91M (Peak 143.53M) | Time:00:00.03 | Mem:0.00M, Peak:0.00M | Scene, ViewLayer | Synchronizing object | Mesh37
Fra:5 Mem:60.95M (Peak 143.53M) | Time:00:00.03 | Mem:0.00M, Peak:0.00M | Scene, ViewLayer | Synchronizing object | Mesh124
Fra:5 Mem:60.97M (Peak 143.53M) | Time:00:00.03 | Mem:0.00M, Peak:0.00M | Scene, ViewLayer | Synchronizing object | Mesh123
Fra:5 Mem:60.99M (Peak 143.53M) | Time:00:00.03 | Mem:0.00M, Peak:0.00M | Scene, ViewLayer | Synchronizing object | Mesh122
Fra:5 Mem:61.07M (Peak 143.53M) | Time:00:00.03 | Mem:0.00M, Peak:0.00M | Scene, ViewLayer | Synchronizing object | Mesh121
Fra:5 Mem:61.08M (Peak 143.53M) | Time:00:00.03 | Mem:0.00M, Peak:0.00M | Scene, ViewLayer | Synchronizing object | Mesh120
Fra:5 Mem:61.08M (Peak 143.53M) | Time:00:00.03 | Mem:0.00M, Peak:0.00M | Scene, ViewLayer | Synchronizing object | Mesh119
Fra:5 Mem:61.07M (Peak 143.53M) | Time:00:00.03 | Mem:0.00M, Peak:0.00M | Scene, ViewLayer | Synchronizing object | Mesh38
Fra:5 Mem:61.10M (Peak 143.53M) | Time:00:00.03 | Mem:0.00M, Peak:0.00M | Scene, ViewLayer | Synchronizing object | Mesh39
Fra:5 Mem:61.24M (Peak 143.53M) | Time:00:00.03 | Mem:0.00M, Peak:0.00M | Scene, ViewLayer | Synchronizing object | Mesh40
Fra:5 Mem:61.25M (Peak 143.53M) | Time:00:00.03 | Mem:0.00M, Peak:0.00M | Scene, ViewLayer | Synchronizing object | Mesh41
Fra:5 Mem:61.28M (Peak 143.53M) | Time:00:00.03 | Mem:0.00M, Peak:0.00M | Scene, ViewLayer | Synchronizing object | Mesh118
Fra:5 Mem:61.28M (Peak 143.53M) | Time:00:00.03 | Mem:0.00M, Peak:0.00M | Scene, ViewLayer | Synchronizing object | Mesh117
Fra:5 Mem:61.21M (Peak 143.53M) | Time:00:00.03 | Mem:0.00M, Peak:0.00M | Scene, ViewLayer | Synchronizing object | Mesh116
Fra:5 Mem:61.21M (Peak 143.53M) | Time:00:00.03 | Mem:0.00M, Peak:0.00M | Scene, ViewLayer | Synchronizing object | Mesh115
Fra:5 Mem:61.45M (Peak 143.53M) | Time:00:00.03 | Mem:0.00M, Peak:0.00M | Scene, ViewLayer | Synchronizing object | Mesh42
Fra:5 Mem:61.65M (Peak 143.53M) | Time:00:00.03 | Mem:0.00M, Peak:0.00M | Scene, ViewLayer | Synchronizing object | Mesh43
Fra:5 Mem:61.69M (Peak 143.53M) | Time:00:00.03 | Mem:0.00M, Peak:0.00M | Scene, ViewLayer | Synchronizing object | Mesh44
Fra:5 Mem:61.70M (Peak 143.53M) | Time:00:00.03 | Mem:0.00M, Peak:0.00M | Scene, ViewLayer | Synchronizing object | Mesh45
Fra:5 Mem:61.81M (Peak 143.53M) | Time:00:00.03 | Mem:0.00M, Peak:0.00M | Scene, ViewLayer | Synchronizing object | Mesh46
Fra:5 Mem:61.81M (Peak 143.53M) | Time:00:00.03 | Mem:0.00M, Peak:0.00M | Scene, ViewLayer | Synchronizing object | Mesh47
Fra:5 Mem:61.83M (Peak 143.53M) | Time:00:00.03 | Mem:0.00M, Peak:0.00M | Scene, ViewLayer | Synchronizing object | Mesh48
Fra:5 Mem:61.87M (Peak 143.53M) | Time:00:00.03 | Mem:0.00M, Peak:0.00M | Scene, ViewLayer | Synchronizing object | Mesh49
Fra:5 Mem:61.80M (Peak 143.53M) | Time:00:00.03 | Mem:0.00M, Peak:0.00M | Scene, ViewLayer | Synchronizing object | Mesh114
Fra:5 Mem:61.80M (Peak 143.53M) | Time:00:00.03 | Mem:0.00M, Peak:0.00M | Scene, ViewLayer | Synchronizing object | Mesh50
Fra:5 Mem:61.85M (Peak 143.53M) | Time:00:00.03 | Mem:0.00M, Peak:0.00M | Scene, ViewLayer | Synchronizing object | Mesh51
Fra:5 Mem:61.84M (Peak 143.53M) | Time:00:00.03 | Mem:0.00M, Peak:0.00M | Scene, ViewLayer | Synchronizing object | Mesh52
Fra:5 Mem:61.87M (Peak 143.53M) | Time:00:00.03 | Mem:0.00M, Peak:0.00M | Scene, ViewLayer | Synchronizing object | Mesh53
Fra:5 Mem:61.92M (Peak 143.53M) | Time:00:00.03 | Mem:0.00M, Peak:0.00M | Scene, ViewLayer | Synchronizing object | Mesh54
Fra:5 Mem:61.91M (Peak 143.53M) | Time:00:00.03 | Mem:0.00M, Peak:0.00M | Scene, ViewLayer | Synchronizing object | Mesh113
Fra:5 Mem:61.89M (Peak 143.53M) | Time:00:00.03 | Mem:0.00M, Peak:0.00M | Scene, ViewLayer | Synchronizing object | Mesh55
Fra:5 Mem:61.92M (Peak 143.53M) | Time:00:00.03 | Mem:0.00M, Peak:0.00M | Scene, ViewLayer | Synchronizing object | Mesh56
Fra:5 Mem:61.91M (Peak 143.53M) | Time:00:00.03 | Mem:0.00M, Peak:0.00M | Scene, ViewLayer | Synchronizing object | Mesh112
Fra:5 Mem:61.91M (Peak 143.53M) | Time:00:00.03 | Mem:0.00M, Peak:0.00M | Scene, ViewLayer | Synchronizing object | Mesh57
Fra:5 Mem:62.01M (Peak 143.53M) | Time:00:00.03 | Mem:0.00M, Peak:0.00M | Scene, ViewLayer | Synchronizing object | Mesh111
Fra:5 Mem:62.00M (Peak 143.53M) | Time:00:00.03 | Mem:0.00M, Peak:0.00M | Scene, ViewLayer | Synchronizing object | Mesh58
Fra:5 Mem:62.11M (Peak 143.53M) | Time:00:00.03 | Mem:0.00M, Peak:0.00M | Scene, ViewLayer | Synchronizing object | Mesh59
Fra:5 Mem:62.29M (Peak 143.53M) | Time:00:00.03 | Mem:0.00M, Peak:0.00M | Scene, ViewLayer | Synchronizing object | Mesh60
Fra:5 Mem:62.29M (Peak 143.53M) | Time:00:00.03 | Mem:0.00M, Peak:0.00M | Scene, ViewLayer | Synchronizing object | Mesh61
Fra:5 Mem:62.26M (Peak 143.53M) | Time:00:00.03 | Mem:0.00M, Peak:0.00M | Scene, ViewLayer | Synchronizing object | Mesh110
Fra:5 Mem:62.46M (Peak 143.53M) | Time:00:00.03 | Mem:0.00M, Peak:0.00M | Scene, ViewLayer | Synchronizing object | Mesh109
Fra:5 Mem:62.61M (Peak 143.53M) | Time:00:00.03 | Mem:0.00M, Peak:0.00M | Scene, ViewLayer | Synchronizing object | Mesh108
Fra:5 Mem:62.63M (Peak 143.53M) | Time:00:00.03 | Mem:0.00M, Peak:0.00M | Scene, ViewLayer | Synchronizing object | Mesh107
Fra:5 Mem:62.60M (Peak 143.53M) | Time:00:00.03 | Mem:0.00M, Peak:0.00M | Scene, ViewLayer | Synchronizing object | Mesh106
Fra:5 Mem:62.53M (Peak 143.53M) | Time:00:00.03 | Mem:0.00M, Peak:0.00M | Scene, ViewLayer | Synchronizing object | Mesh62
Fra:5 Mem:62.75M (Peak 143.53M) | Time:00:00.03 | Mem:0.00M, Peak:0.00M | Scene, ViewLayer | Synchronizing object | Mesh63
Fra:5 Mem:62.80M (Peak 143.53M) | Time:00:00.03 | Mem:0.00M, Peak:0.00M | Scene, ViewLayer | Synchronizing object | Mesh64
Fra:5 Mem:62.89M (Peak 143.53M) | Time:00:00.03 | Mem:0.00M, Peak:0.00M | Scene, ViewLayer | Synchronizing object | Mesh65
Fra:5 Mem:63.02M (Peak 143.53M) | Time:00:00.03 | Mem:0.00M, Peak:0.00M | Scene, ViewLayer | Synchronizing object | Mesh66
Fra:5 Mem:63.05M (Peak 143.53M) | Time:00:00.03 | Mem:0.00M, Peak:0.00M | Scene, ViewLayer | Synchronizing object | Mesh67
Fra:5 Mem:63.41M (Peak 143.53M) | Time:00:00.03 | Mem:0.00M, Peak:0.00M | Scene, ViewLayer | Synchronizing object | Mesh68
Fra:5 Mem:63.17M (Peak 143.53M) | Time:00:00.03 | Mem:0.00M, Peak:0.00M | Scene, ViewLayer | Synchronizing object | Mesh69
Fra:5 Mem:63.11M (Peak 143.53M) | Time:00:00.03 | Mem:0.00M, Peak:0.00M | Scene, ViewLayer | Synchronizing object | Mesh105
Fra:5 Mem:63.72M (Peak 143.53M) | Time:00:00.03 | Mem:0.00M, Peak:0.00M | Scene, ViewLayer | Synchronizing object | Mesh104
Fra:5 Mem:63.52M (Peak 143.53M) | Time:00:00.03 | Mem:0.00M, Peak:0.00M | Scene, ViewLayer | Synchronizing object | Mesh103
Fra:5 Mem:63.50M (Peak 143.53M) | Time:00:00.03 | Mem:0.00M, Peak:0.00M | Scene, ViewLayer | Synchronizing object | Mesh70
Fra:5 Mem:63.74M (Peak 143.53M) | Time:00:00.03 | Mem:0.00M, Peak:0.00M | Scene, ViewLayer | Synchronizing object | Mesh102
Fra:5 Mem:63.70M (Peak 143.53M) | Time:00:00.03 | Mem:0.00M, Peak:0.00M | Scene, ViewLayer | Synchronizing object | Mesh71
Fra:5 Mem:63.71M (Peak 143.53M) | Time:00:00.03 | Mem:0.00M, Peak:0.00M | Scene, ViewLayer | Synchronizing object | Mesh101
Fra:5 Mem:63.77M (Peak 143.53M) | Time:00:00.03 | Mem:0.00M, Peak:0.00M | Scene, ViewLayer | Synchronizing object | Mesh72
Fra:5 Mem:63.95M (Peak 143.53M) | Time:00:00.03 | Mem:0.00M, Peak:0.00M | Scene, ViewLayer | Synchronizing object | Mesh100
Fra:5 Mem:64.40M (Peak 143.53M) | Time:00:00.03 | Mem:0.00M, Peak:0.00M | Scene, ViewLayer | Synchronizing object | Mesh99
Fra:5 Mem:64.43M (Peak 143.53M) | Time:00:00.03 | Mem:0.00M, Peak:0.00M | Scene, ViewLayer | Synchronizing object | Mesh98
Fra:5 Mem:64.46M (Peak 143.53M) | Time:00:00.04 | Mem:0.00M, Peak:0.00M | Scene, ViewLayer | Synchronizing object | Mesh97
Fra:5 Mem:64.47M (Peak 143.53M) | Time:00:00.04 | Mem:0.00M, Peak:0.00M | Scene, ViewLayer | Synchronizing object | Mesh96
Fra:5 Mem:64.28M (Peak 143.53M) | Time:00:00.04 | Mem:0.00M, Peak:0.00M | Scene, ViewLayer | Synchronizing object | Mesh73
Fra:5 Mem:64.26M (Peak 143.53M) | Time:00:00.04 | Mem:0.00M, Peak:0.00M | Scene, ViewLayer | Synchronizing object | Mesh74
Fra:5 Mem:64.21M (Peak 143.53M) | Time:00:00.04 | Mem:0.00M, Peak:0.00M | Scene, ViewLayer | Synchronizing object | Mesh95
Fra:5 Mem:64.27M (Peak 143.53M) | Time:00:00.04 | Mem:0.00M, Peak:0.00M | Scene, ViewLayer | Synchronizing object | Mesh75
Fra:5 Mem:64.29M (Peak 143.53M) | Time:00:00.04 | Mem:0.00M, Peak:0.00M | Scene, ViewLayer | Synchronizing object | Mesh76
Fra:5 Mem:64.40M (Peak 143.53M) | Time:00:00.04 | Mem:0.00M, Peak:0.00M | Scene, ViewLayer | Synchronizing object | Mesh77
Fra:5 Mem:64.32M (Peak 143.53M) | Time:00:00.04 | Mem:0.00M, Peak:0.00M | Scene, ViewLayer | Synchronizing object | Mesh94
Fra:5 Mem:64.44M (Peak 143.53M) | Time:00:00.04 | Mem:0.00M, Peak:0.00M | Scene, ViewLayer | Synchronizing object | Mesh93
Fra:5 Mem:64.46M (Peak 143.53M) | Time:00:00.04 | Mem:0.00M, Peak:0.00M | Scene, ViewLayer | Synchronizing object | Mesh92
Fra:5 Mem:64.48M (Peak 143.53M) | Time:00:00.04 | Mem:0.00M, Peak:0.00M | Scene, ViewLayer | Synchronizing object | Mesh91
Fra:5 Mem:64.48M (Peak 143.53M) | Time:00:00.04 | Mem:0.00M, Peak:0.00M | Scene, ViewLayer | Synchronizing object | Mesh90
Fra:5 Mem:64.43M (Peak 143.53M) | Time:00:00.04 | Mem:0.00M, Peak:0.00M | Scene, ViewLayer | Synchronizing object | Mesh89
Fra:5 Mem:64.42M (Peak 143.53M) | Time:00:00.04 | Mem:0.00M, Peak:0.00M | Scene, ViewLayer | Synchronizing object | Mesh78
Fra:5 Mem:64.43M (Peak 143.53M) | Time:00:00.04 | Mem:0.00M, Peak:0.00M | Scene, ViewLayer | Synchronizing object | Mesh88
Fra:5 Mem:64.43M (Peak 143.53M) | Time:00:00.04 | Mem:0.00M, Peak:0.00M | Scene, ViewLayer | Synchronizing object | Mesh79
Fra:5 Mem:64.45M (Peak 143.53M) | Time:00:00.04 | Mem:0.00M, Peak:0.00M | Scene, ViewLayer | Synchronizing object | Mesh87
Fra:5 Mem:64.52M (Peak 143.53M) | Time:00:00.04 | Mem:0.00M, Peak:0.00M | Scene, ViewLayer | Synchronizing object | Mesh86
Fra:5 Mem:64.54M (Peak 143.53M) | Time:00:00.04 | Mem:0.00M, Peak:0.00M | Scene, ViewLayer | Synchronizing object | Mesh80
Fra:5 Mem:64.57M (Peak 143.53M) | Time:00:00.04 | Mem:0.00M, Peak:0.00M | Scene, ViewLayer | Synchronizing object | Mesh81
Fra:5 Mem:64.95M (Peak 143.53M) | Time:00:00.04 | Mem:0.00M, Peak:0.00M | Scene, ViewLayer | Synchronizing object | Mesh85
Fra:5 Mem:65.10M (Peak 143.53M) | Time:00:00.04 | Mem:0.00M, Peak:0.00M | Scene, ViewLayer | Synchronizing object | Mesh84
Fra:5 Mem:65.02M (Peak 143.53M) | Time:00:00.04 | Mem:0.00M, Peak:0.00M | Scene, ViewLayer | Synchronizing object | Mesh82
Fra:5 Mem:65.15M (Peak 143.53M) | Time:00:00.04 | Mem:0.00M, Peak:0.00M | Scene, ViewLayer | Synchronizing object | Mesh83
Fra:5 Mem:65.14M (Peak 143.53M) | Time:00:00.04 | Mem:0.00M, Peak:0.00M | Scene, ViewLayer | Initializing
Fra:5 Mem:56.30M (Peak 143.53M) | Time:00:00.04 | Mem:0.00M, Peak:0.00M | Scene, ViewLayer | Waiting for render to start
Fra:5 Mem:56.31M (Peak 143.53M) | Time:00:00.04 | Mem:0.00M, Peak:0.00M | Scene, ViewLayer | Loading render kernels (may take a few minutes the first time)
Fra:5 Mem:56.31M (Peak 143.53M) | Time:00:00.04 | Mem:0.00M, Peak:0.00M | Scene, ViewLayer | Updating Scene
Fra:5 Mem:56.31M (Peak 143.53M) | Time:00:00.04 | Mem:0.00M, Peak:0.00M | Scene, ViewLayer | Updating Shaders
Fra:5 Mem:56.40M (Peak 143.53M) | Time:00:00.04 | Mem:0.02M, Peak:0.02M | Scene, ViewLayer | Updating Procedurals
Fra:5 Mem:56.40M (Peak 143.53M) | Time:00:00.04 | Mem:0.02M, Peak:0.02M | Scene, ViewLayer | Updating Background
Fra:5 Mem:56.40M (Peak 143.53M) | Time:00:00.04 | Mem:0.02M, Peak:0.02M | Scene, ViewLayer | Updating Camera
Fra:5 Mem:56.40M (Peak 143.53M) | Time:00:00.04 | Mem:0.02M, Peak:0.02M | Scene, ViewLayer | Updating Meshes Flags
Fra:5 Mem:56.40M (Peak 143.53M) | Time:00:00.04 | Mem:0.02M, Peak:0.02M | Scene, ViewLayer | Updating Objects
Fra:5 Mem:56.40M (Peak 143.53M) | Time:00:00.04 | Mem:0.02M, Peak:0.02M | Scene, ViewLayer | Updating Objects | Copying Transformations to device
Fra:5 Mem:56.44M (Peak 143.53M) | Time:00:00.04 | Mem:0.05M, Peak:0.05M | Scene, ViewLayer | Updating Objects | Applying Static Transformations
Fra:5 Mem:56.44M (Peak 143.53M) | Time:00:00.04 | Mem:0.05M, Peak:0.05M | Scene, ViewLayer | Updating Particle Systems
Fra:5 Mem:56.44M (Peak 143.53M) | Time:00:00.04 | Mem:0.05M, Peak:0.05M | Scene, ViewLayer | Updating Particle Systems | Copying Particles to device
Fra:5 Mem:56.44M (Peak 143.53M) | Time:00:00.04 | Mem:0.05M, Peak:0.05M | Scene, ViewLayer | Updating Meshes
Fra:5 Mem:57.55M (Peak 143.53M) | Time:00:00.05 | Mem:0.05M, Peak:0.05M | Scene, ViewLayer | Updating Mesh | Computing attributes
Fra:5 Mem:59.61M (Peak 143.53M) | Time:00:00.05 | Mem:0.07M, Peak:0.07M | Scene, ViewLayer | Updating Mesh | Copying Attributes to device
Fra:5 Mem:59.59M (Peak 143.53M) | Time:00:00.05 | Mem:2.10M, Peak:2.10M | Scene, ViewLayer | Updating Scene BVH | Building
Fra:5 Mem:59.59M (Peak 143.53M) | Time:00:00.05 | Mem:2.10M, Peak:2.10M | Scene, ViewLayer | Updating Scene BVH | Building BVH
Fra:5 Mem:59.59M (Peak 143.53M) | Time:00:00.05 | Mem:4.30M, Peak:4.30M | Scene, ViewLayer | Updating Scene BVH | Building BVH 0%
Fra:5 Mem:59.59M (Peak 143.53M) | Time:00:00.07 | Mem:6.93M, Peak:9.14M | Scene, ViewLayer | Updating Scene BVH | Copying BVH to device
Fra:5 Mem:59.59M (Peak 143.53M) | Time:00:00.07 | Mem:6.93M, Peak:9.14M | Scene, ViewLayer | Updating Mesh | Computing normals
Fra:5 Mem:66.39M (Peak 143.53M) | Time:00:00.07 | Mem:6.93M, Peak:9.14M | Scene, ViewLayer | Updating Mesh | Copying Mesh to device
Fra:5 Mem:66.39M (Peak 143.53M) | Time:00:00.07 | Mem:13.73M, Peak:13.73M | Scene, ViewLayer | Updating Objects Flags
Fra:5 Mem:66.39M (Peak 143.53M) | Time:00:00.07 | Mem:13.73M, Peak:13.73M | Scene, ViewLayer | Updating Primitive Offsets
Fra:5 Mem:66.39M (Peak 143.53M) | Time:00:00.07 | Mem:13.73M, Peak:13.73M | Scene, ViewLayer | Updating Images
Fra:5 Mem:66.39M (Peak 143.53M) | Time:00:00.07 | Mem:13.73M, Peak:13.73M | Scene, ViewLayer | Updating Camera Volume
Fra:5 Mem:66.39M (Peak 143.53M) | Time:00:00.07 | Mem:13.73M, Peak:13.73M | Scene, ViewLayer | Updating Lookup Tables
Fra:5 Mem:66.39M (Peak 143.53M) | Time:00:00.07 | Mem:13.81M, Peak:13.81M | Scene, ViewLayer | Updating Lights
Fra:5 Mem:66.39M (Peak 143.53M) | Time:00:00.07 | Mem:13.81M, Peak:13.81M | Scene, ViewLayer | Updating Lights | Computing tree
Fra:5 Mem:66.39M (Peak 143.53M) | Time:00:00.07 | Mem:13.81M, Peak:13.81M | Scene, ViewLayer | Updating Integrator
Fra:5 Mem:66.39M (Peak 143.53M) | Time:00:00.07 | Mem:13.81M, Peak:13.81M | Scene, ViewLayer | Updating Film
Fra:5 Mem:66.39M (Peak 143.53M) | Time:00:00.07 | Mem:13.73M, Peak:13.81M | Scene, ViewLayer | Updating Lookup Tables
Fra:5 Mem:66.39M (Peak 143.53M) | Time:00:00.07 | Mem:13.82M, Peak:13.82M | Scene, ViewLayer | Updating Baking
Fra:5 Mem:66.39M (Peak 143.53M) | Time:00:00.07 | Mem:13.82M, Peak:13.82M | Scene, ViewLayer | Updating Device | Writing constant memory
Fra:5 Mem:66.40M (Peak 143.53M) | Time:00:00.07 | Mem:13.82M, Peak:13.82M | Scene, ViewLayer | Loading denoising kernels (may take a few minutes the first time)
Fra:5 Mem:66.40M (Peak 143.53M) | Time:00:00.07 | Mem:13.82M, Peak:13.82M | Scene, ViewLayer | Sample 0/2
Fra:5 Mem:103.98M (Peak 143.53M) | Time:00:00.19 | Remaining:00:00.12 | Mem:51.39M, Peak:51.39M | Scene, ViewLayer | Sample 1/2
Fra:5 Mem:119.80M (Peak 143.53M) | Time:00:09.39 | Mem:51.39M, Peak:51.39M | Scene, ViewLayer | Sample 2/2
Fra:5 Mem:119.80M (Peak 143.53M) | Time:00:09.39 | Mem:51.39M, Peak:51.39M | Scene, ViewLayer | Finished
Append frame 5
Time: 00:09.44 (Saving: 00:00.05)

Fra:6 Mem:55.82M (Peak 143.53M) | Time:00:00.01 | Mem:0.00M, Peak:0.00M | Scene, ViewLayer | Synchronizing object | Mesh1
Fra:6 Mem:55.86M (Peak 143.53M) | Time:00:00.01 | Mem:0.00M, Peak:0.00M | Scene, ViewLayer | Synchronizing object | Mesh2
Fra:6 Mem:55.93M (Peak 143.53M) | Time:00:00.02 | Mem:0.00M, Peak:0.00M | Scene, ViewLayer | Synchronizing object | Mesh3
Fra:6 Mem:56.04M (Peak 143.53M) | Time:00:00.02 | Mem:0.00M, Peak:0.00M | Scene, ViewLayer | Synchronizing object | Mesh168
Fra:6 Mem:56.06M (Peak 143.53M) | Time:00:00.02 | Mem:0.00M, Peak:0.00M | Scene, ViewLayer | Synchronizing object | Mesh4
Fra:6 Mem:56.08M (Peak 143.53M) | Time:00:00.02 | Mem:0.00M, Peak:0.00M | Scene, ViewLayer | Synchronizing object | Mesh5
Fra:6 Mem:56.09M (Peak 143.53M) | Time:00:00.02 | Mem:0.00M, Peak:0.00M | Scene, ViewLayer | Synchronizing object | Mesh167
Fra:6 Mem:56.12M (Peak 143.53M) | Time:00:00.02 | Mem:0.00M, Peak:0.00M | Scene, ViewLayer | Synchronizing object | Mesh6
Fra:6 Mem:56.64M (Peak 143.53M) | Time:00:00.02 | Mem:0.00M, Peak:0.00M | Scene, ViewLayer | Synchronizing object | Mesh7
Fra:6 Mem:58.53M (Peak 143.53M) | Time:00:00.02 | Mem:0.00M, Peak:0.00M | Scene, ViewLayer | Synchronizing object | Mesh166
Fra:6 Mem:58.59M (Peak 143.53M) | Time:00:00.02 | Mem:0.00M, Peak:0.00M | Scene, ViewLayer | Synchronizing object | Mesh165
Fra:6 Mem:58.62M (Peak 143.53M) | Time:00:00.02 | Mem:0.00M, Peak:0.00M | Scene, ViewLayer | Synchronizing object | Mesh164
Fra:6 Mem:58.63M (Peak 143.53M) | Time:00:00.02 | Mem:0.00M, Peak:0.00M | Scene, ViewLayer | Synchronizing object | Mesh163
Fra:6 Mem:58.71M (Peak 143.53M) | Time:00:00.02 | Mem:0.00M, Peak:0.00M | Scene, ViewLayer | Synchronizing object | Mesh162
Fra:6 Mem:58.50M (Peak 143.53M) | Time:00:00.02 | Mem:0.00M, Peak:0.00M | Scene, ViewLayer | Synchronizing object | Mesh161
Fra:6 Mem:58.72M (Peak 143.53M) | Time:00:00.02 | Mem:0.00M, Peak:0.00M | Scene, ViewLayer | Synchronizing object | Mesh160
Fra:6 Mem:57.96M (Peak 143.53M) | Time:00:00.02 | Mem:0.00M, Peak:0.00M | Scene, ViewLayer | Synchronizing object | Mesh159
Fra:6 Mem:57.80M (Peak 143.53M) | Time:00:00.02 | Mem:0.00M, Peak:0.00M | Scene, ViewLayer | Synchronizing object | Mesh8
Fra:6 Mem:58.45M (Peak 143.53M) | Time:00:00.02 | Mem:0.00M, Peak:0.00M | Scene, ViewLayer | Synchronizing object | Mesh9
Fra:6 Mem:58.73M (Peak 143.53M) | Time:00:00.02 | Mem:0.00M, Peak:0.00M | Scene, ViewLayer | Synchronizing object | Mesh10
Fra:6 Mem:58.88M (Peak 143.53M) | Time:00:00.02 | Mem:0.00M, Peak:0.00M | Scene, ViewLayer | Synchronizing object | Mesh11
Fra:6 Mem:58.96M (Peak 143.53M) | Time:00:00.02 | Mem:0.00M, Peak:0.00M | Scene, ViewLayer | Synchronizing object | Mesh12
Fra:6 Mem:58.97M (Peak 143.53M) | Time:00:00.02 | Mem:0.00M, Peak:0.00M | Scene, ViewLayer | Synchronizing object | Mesh13
Fra:6 Mem:59.11M (Peak 143.53M) | Time:00:00.02 | Mem:0.00M, Peak:0.00M | Scene, ViewLayer | Synchronizing object | Mesh14
Fra:6 Mem:59.18M (Peak 143.53M) | Time:00:00.02 | Mem:0.00M, Peak:0.00M | Scene, ViewLayer | Synchronizing object | Mesh15
Fra:6 Mem:60.44M (Peak 143.53M) | Time:00:00.02 | Mem:0.00M, Peak:0.00M | Scene, ViewLayer | Synchronizing object | Mesh158
Fra:6 Mem:60.52M (Peak 143.53M) | Time:00:00.03 | Mem:0.00M, Peak:0.00M | Scene, ViewLayer | Synchronizing object | Mesh157
Fra:6 Mem:60.55M (Peak 143.53M) | Time:00:00.03 | Mem:0.00M, Peak:0.00M | Scene, ViewLayer | Synchronizing object | Mesh156
Fra:6 Mem:60.56M (Peak 143.53M) | Time:00:00.03 | Mem:0.00M, Peak:0.00M | Scene, ViewLayer | Synchronizing object | Mesh155
Fra:6 Mem:60.64M (Peak 143.53M) | Time:00:00.03 | Mem:0.00M, Peak:0.00M | Scene, ViewLayer | Synchronizing object | Mesh154
Fra:6 Mem:60.25M (Peak 143.53M) | Time:00:00.03 | Mem:0.00M, Peak:0.00M | Scene, ViewLayer | Synchronizing object | Mesh153
Fra:6 Mem:60.65M (Peak 143.53M) | Time:00:00.03 | Mem:0.00M, Peak:0.00M | Scene, ViewLayer | Synchronizing object | Mesh152
Fra:6 Mem:60.66M (Peak 143.53M) | Time:00:00.03 | Mem:0.00M, Peak:0.00M | Scene, ViewLayer | Synchronizing object | Mesh151
Fra:6 Mem:60.53M (Peak 143.53M) | Time:00:00.03 | Mem:0.00M, Peak:0.00M | Scene, ViewLayer | Synchronizing object | Mesh150
Fra:6 Mem:59.89M (Peak 143.53M) | Time:00:00.03 | Mem:0.00M, Peak:0.00M | Scene, ViewLayer | Synchronizing object | Mesh149
Fra:6 Mem:59.89M (Peak 143.53M) | Time:00:00.03 | Mem:0.00M, Peak:0.00M | Scene, ViewLayer | Synchronizing object | Mesh148
Fra:6 Mem:59.82M (Peak 143.53M) | Time:00:00.03 | Mem:0.00M, Peak:0.00M | Scene, ViewLayer | Synchronizing object | Mesh16
Fra:6 Mem:59.75M (Peak 143.53M) | Time:00:00.03 | Mem:0.00M, Peak:0.00M | Scene, ViewLayer | Synchronizing object | Mesh147
Fra:6 Mem:59.80M (Peak 143.53M) | Time:00:00.03 | Mem:0.00M, Peak:0.00M | Scene, ViewLayer | Synchronizing object | Mesh146
Fra:6 Mem:59.83M (Peak 143.53M) | Time:00:00.03 | Mem:0.00M, Peak:0.00M | Scene, ViewLayer | Synchronizing object | Mesh145
Fra:6 Mem:59.83M (Peak 143.53M) | Time:00:00.03 | Mem:0.00M, Peak:0.00M | Scene, ViewLayer | Synchronizing object | Mesh144
Fra:6 Mem:59.87M (Peak 143.53M) | Time:00:00.03 | Mem:0.00M, Peak:0.00M | Scene, ViewLayer | Synchronizing object | Mesh143
Fra:6 Mem:59.87M (Peak 143.53M) | Time:00:00.03 | Mem:0.00M, Peak:0.00M | Scene, ViewLayer | Synchronizing object | Mesh142
Fra:6 Mem:59.88M (Peak 143.53M) | Time:00:00.03 | Mem:0.00M, Peak:0.00M | Scene, ViewLayer | Synchronizing object | Mesh17
Fra:6 Mem:59.92M (Peak 143.53M) | Time:00:00.03 | Mem:0.00M, Peak:0.00M | Scene, ViewLayer | Synchronizing object | Mesh18
Fra:6 Mem:59.99M (Peak 143.53M) | Time:00:00.03 | Mem:0.00M, Peak:0.00M | Scene, ViewLayer | Synchronizing object | Mesh19
Fra:6 Mem:60.05M (Peak 143.53M) | Time:00:00.03 | Mem:0.00M, Peak:0.00M | Scene, ViewLayer | Synchronizing object | Mesh20
Fra:6 Mem:60.05M (Peak 143.53M) | Time:00:00.03 | Mem:0.00M, Peak:0.00M | Scene, ViewLayer | Synchronizing object | Mesh141
Fra:6 Mem:60.07M (Peak 143.53M) | Time:00:00.03 | Mem:0.00M, Peak:0.00M | Scene, ViewLayer | Synchronizing object | Mesh140
Fra:6 Mem:60.05M (Peak 143.53M) | Time:00:00.03 | Mem:0.00M, Peak:0.00M | Scene, ViewLayer | Synchronizing object | Mesh21
Fra:6 Mem:60.13M (Peak 143.53M) | Time:00:00.03 | Mem:0.00M, Peak:0.00M | Scene, ViewLayer | Synchronizing object | Mesh22
Fra:6 Mem:60.27M (Peak 143.53M) | Time:00:00.03 | Mem:0.00M, Peak:0.00M | Scene, ViewLayer | Synchronizing object | Mesh139
Fra:6 Mem:60.28M (Peak 143.53M) | Time:00:00.03 | Mem:0.00M, Peak:0.00M | Scene, ViewLayer | Synchronizing object | Mesh138
Fra:6 Mem:60.24M (Peak 143.53M) | Time:00:00.03 | Mem:0.00M, Peak:0.00M | Scene, ViewLayer | Synchronizing object | Mesh23
Fra:6 Mem:60.32M (Peak 143.53M) | Time:00:00.03 | Mem:0.00M, Peak:0.00M | Scene, ViewLayer | Synchronizing object | Mesh24
Fra:6 Mem:60.28M (Peak 143.53M) | Time:00:00.03 | Mem:0.00M, Peak:0.00M | Scene, ViewLayer | Synchronizing object | Mesh25
Fra:6 Mem:60.27M (Peak 143.53M) | Time:00:00.03 | Mem:0.00M, Peak:0.00M | Scene, ViewLayer | Synchronizing object | Mesh137
Fra:6 Mem:60.53M (Peak 143.53M) | Time:00:00.03 | Mem:0.00M, Peak:0.00M | Scene, ViewLayer | Synchronizing object | Mesh26
Fra:6 Mem:60.44M (Peak 143.53M) | Time:00:00.03 | Mem:0.00M, Peak:0.00M | Scene, ViewLayer | Synchronizing object | Mesh136
Fra:6 Mem:60.44M (Peak 143.53M) | Time:00:00.03 | Mem:0.00M, Peak:0.00M | Scene, ViewLayer | Synchronizing object | Mesh135
Fra:6 Mem:60.52M (Peak 143.53M) | Time:00:00.03 | Mem:0.00M, Peak:0.00M | Scene, ViewLayer | Synchronizing object | Mesh27
Fra:6 Mem:60.50M (Peak 143.53M) | Time:00:00.03 | Mem:0.00M, Peak:0.00M | Scene, ViewLayer | Synchronizing object | Mesh134
Fra:6 Mem:60.50M (Peak 143.53M) | Time:00:00.03 | Mem:0.00M, Peak:0.00M | Scene, ViewLayer | Synchronizing object | Mesh28
Fra:6 Mem:60.51M (Peak 143.53M) | Time:00:00.03 | Mem:0.00M, Peak:0.00M | Scene, ViewLayer | Synchronizing object | Mesh29
Fra:6 Mem:60.52M (Peak 143.53M) | Time:00:00.03 | Mem:0.00M, Peak:0.00M | Scene, ViewLayer | Synchronizing object | Mesh133
Fra:6 Mem:60.53M (Peak 143.53M) | Time:00:00.03 | Mem:0.00M, Peak:0.00M | Scene, ViewLayer | Synchronizing object | Mesh30
Fra:6 Mem:60.56M (Peak 143.53M) | Time:00:00.03 | Mem:0.00M, Peak:0.00M | Scene, ViewLayer | Synchronizing object | Mesh132
Fra:6 Mem:60.63M (Peak 143.53M) | Time:00:00.03 | Mem:0.00M, Peak:0.00M | Scene, ViewLayer | Synchronizing object | Mesh31
Fra:6 Mem:60.76M (Peak 143.53M) | Time:00:00.03 | Mem:0.00M, Peak:0.00M | Scene, ViewLayer | Synchronizing object | Mesh32
Fra:6 Mem:60.80M (Peak 143.53M) | Time:00:00.03 | Mem:0.00M, Peak:0.00M | Scene, ViewLayer | Synchronizing object | Mesh33
Fra:6 Mem:60.74M (Peak 143.53M) | Time:00:00.03 | Mem:0.00M, Peak:0.00M | Scene, ViewLayer | Synchronizing object | Mesh34
Fra:6 Mem:60.75M (Peak 143.53M) | Time:00:00.03 | Mem:0.00M, Peak:0.00M | Scene, ViewLayer | Synchronizing object | Mesh131
Fra:6 Mem:60.75M (Peak 143.53M) | Time:00:00.03 | Mem:0.00M, Peak:0.00M | Scene, ViewLayer | Synchronizing object | Mesh130
Fra:6 Mem:60.75M (Peak 143.53M) | Time:00:00.03 | Mem:0.00M, Peak:0.00M | Scene, ViewLayer | Synchronizing object | Mesh35
Fra:6 Mem:60.79M (Peak 143.53M) | Time:00:00.03 | Mem:0.00M, Peak:0.00M | Scene, ViewLayer | Synchronizing object | Mesh129
Fra:6 Mem:60.81M (Peak 143.53M) | Time:00:00.03 | Mem:0.00M, Peak:0.00M | Scene, ViewLayer | Synchronizing object | Mesh128
Fra:6 Mem:60.87M (Peak 143.53M) | Time:00:00.03 | Mem:0.00M, Peak:0.00M | Scene, ViewLayer | Synchronizing object | Mesh127
Fra:6 Mem:60.88M (Peak 143.53M) | Time:00:00.03 | Mem:0.00M, Peak:0.00M | Scene, ViewLayer | Synchronizing object | Mesh126
Fra:6 Mem:60.87M (Peak 143.53M) | Time:00:00.03 | Mem:0.00M, Peak:0.00M | Scene, ViewLayer | Synchronizing object | Mesh125
Fra:6 Mem:60.84M (Peak 143.53M) | Time:00:00.03 | Mem:0.00M, Peak:0.00M | Scene, ViewLayer | Synchronizing object | Mesh36
Fra:6 Mem:60.89M (Peak 143.53M) | Time:00:00.03 | Mem:0.00M, Peak:0.00M | Scene, ViewLayer | Synchronizing object | Mesh124
Fra:6 Mem:60.91M (Peak 143.53M) | Time:00:00.03 | Mem:0.00M, Peak:0.00M | Scene, ViewLayer | Synchronizing object | Mesh123
Fra:6 Mem:60.92M (Peak 143.53M) | Time:00:00.03 | Mem:0.00M, Peak:0.00M | Scene, ViewLayer | Synchronizing object | Mesh122
Fra:6 Mem:61.01M (Peak 143.53M) | Time:00:00.03 | Mem:0.00M, Peak:0.00M | Scene, ViewLayer | Synchronizing object | Mesh121
Fra:6 Mem:61.02M (Peak 143.53M) | Time:00:00.03 | Mem:0.00M, Peak:0.00M | Scene, ViewLayer | Synchronizing object | Mesh120
Fra:6 Mem:61.02M (Peak 143.53M) | Time:00:00.03 | Mem:0.00M, Peak:0.00M | Scene, ViewLayer | Synchronizing object | Mesh119
Fra:6 Mem:60.98M (Peak 143.53M) | Time:00:00.03 | Mem:0.00M, Peak:0.00M | Scene, ViewLayer | Synchronizing object | Mesh37
Fra:6 Mem:61.21M (Peak 143.53M) | Time:00:00.03 | Mem:0.00M, Peak:0.00M | Scene, ViewLayer | Synchronizing object | Mesh38
Fra:6 Mem:61.19M (Peak 143.53M) | Time:00:00.03 | Mem:0.00M, Peak:0.00M | Scene, ViewLayer | Synchronizing object | Mesh39
Fra:6 Mem:61.11M (Peak 143.53M) | Time:00:00.03 | Mem:0.00M, Peak:0.00M | Scene, ViewLayer | Synchronizing object | Mesh118
Fra:6 Mem:61.12M (Peak 143.53M) | Time:00:00.03 | Mem:0.00M, Peak:0.00M | Scene, ViewLayer | Synchronizing object | Mesh117
Fra:6 Mem:61.17M (Peak 143.53M) | Time:00:00.03 | Mem:0.00M, Peak:0.00M | Scene, ViewLayer | Synchronizing object | Mesh116
Fra:6 Mem:61.13M (Peak 143.53M) | Time:00:00.03 | Mem:0.00M, Peak:0.00M | Scene, ViewLayer | Synchronizing object | Mesh40
Fra:6 Mem:61.13M (Peak 143.53M) | Time:00:00.03 | Mem:0.00M, Peak:0.00M | Scene, ViewLayer | Synchronizing object | Mesh115
Fra:6 Mem:61.28M (Peak 143.53M) | Time:00:00.03 | Mem:0.00M, Peak:0.00M | Scene, ViewLayer | Synchronizing object | Mesh41
Fra:6 Mem:61.65M (Peak 143.53M) | Time:00:00.03 | Mem:0.00M, Peak:0.00M | Scene, ViewLayer | Synchronizing object | Mesh114
Fra:6 Mem:61.63M (Peak 143.53M) | Time:00:00.03 | Mem:0.00M, Peak:0.00M | Scene, ViewLayer | Synchronizing object | Mesh42
Fra:6 Mem:61.68M (Peak 143.53M) | Time:00:00.03 | Mem:0.00M, Peak:0.00M | Scene, ViewLayer | Synchronizing object | Mesh113
Fra:6 Mem:61.69M (Peak 143.53M) | Time:00:00.03 | Mem:0.00M, Peak:0.00M | Scene, ViewLayer | Synchronizing object | Mesh43
Fra:6 Mem:61.73M (Peak 143.53M) | Time:00:00.03 | Mem:0.00M, Peak:0.00M | Scene, ViewLayer | Synchronizing object | Mesh112
Fra:6 Mem:61.75M (Peak 143.53M) | Time:00:00.03 | Mem:0.00M, Peak:0.00M | Scene, ViewLayer | Synchronizing object | Mesh44
Fra:6 Mem:61.75M (Peak 143.53M) | Time:00:00.03 | Mem:0.00M, Peak:0.00M | Scene, ViewLayer | Synchronizing object | Mesh45
Fra:6 Mem:61.74M (Peak 143.53M) | Time:00:00.03 | Mem:0.00M, Peak:0.00M | Scene, ViewLayer | Synchronizing object | Mesh111
Fra:6 Mem:61.87M (Peak 143.53M) | Time:00:00.03 | Mem:0.00M, Peak:0.00M | Scene, ViewLayer | Synchronizing object | Mesh46
Fra:6 Mem:61.88M (Peak 143.53M) | Time:00:00.03 | Mem:0.00M, Peak:0.00M | Scene, ViewLayer | Synchronizing object | Mesh47
Fra:6 Mem:61.93M (Peak 143.53M) | Time:00:00.03 | Mem:0.00M, Peak:0.00M | Scene, ViewLayer | Synchronizing object | Mesh48
Fra:6 Mem:61.90M (Peak 143.53M) | Time:00:00.03 | Mem:0.00M, Peak:0.00M | Scene, ViewLayer | Synchronizing object | Mesh49
Fra:6 Mem:61.97M (Peak 143.53M) | Time:00:00.03 | Mem:0.00M, Peak:0.00M | Scene, ViewLayer | Synchronizing object | Mesh50
Fra:6 Mem:62.01M (Peak 143.53M) | Time:00:00.03 | Mem:0.00M, Peak:0.00M | Scene, ViewLayer | Synchronizing object | Mesh51
Fra:6 Mem:62.09M (Peak 143.53M) | Time:00:00.03 | Mem:0.00M, Peak:0.00M | Scene, ViewLayer | Synchronizing object | Mesh52
Fra:6 Mem:62.11M (Peak 143.53M) | Time:00:00.03 | Mem:0.00M, Peak:0.00M | Scene, ViewLayer | Synchronizing object | Mesh53
Fra:6 Mem:62.11M (Peak 143.53M) | Time:00:00.03 | Mem:0.00M, Peak:0.00M | Scene, ViewLayer | Synchronizing object | Mesh54
Fra:6 Mem:62.12M (Peak 143.53M) | Time:00:00.03 | Mem:0.00M, Peak:0.00M | Scene, ViewLayer | Synchronizing object | Mesh55
Fra:6 Mem:62.01M (Peak 143.53M) | Time:00:00.03 | Mem:0.00M, Peak:0.00M | Scene, ViewLayer | Synchronizing object | Mesh56
Fra:6 Mem:62.01M (Peak 143.53M) | Time:00:00.03 | Mem:0.00M, Peak:0.00M | Scene, ViewLayer | Synchronizing object | Mesh57
Fra:6 Mem:62.06M (Peak 143.53M) | Time:00:00.03 | Mem:0.00M, Peak:0.00M | Scene, ViewLayer | Synchronizing object | Mesh110
Fra:6 Mem:62.13M (Peak 143.53M) | Time:00:00.03 | Mem:0.00M, Peak:0.00M | Scene, ViewLayer | Synchronizing object | Mesh58
Fra:6 Mem:62.19M (Peak 143.53M) | Time:00:00.03 | Mem:0.00M, Peak:0.00M | Scene, ViewLayer | Synchronizing object | Mesh109
Fra:6 Mem:62.16M (Peak 143.53M) | Time:00:00.03 | Mem:0.00M, Peak:0.00M | Scene, ViewLayer | Synchronizing object | Mesh59
Fra:6 Mem:62.15M (Peak 143.53M) | Time:00:00.03 | Mem:0.00M, Peak:0.00M | Scene, ViewLayer | Synchronizing object | Mesh108
Fra:6 Mem:62.27M (Peak 143.53M) | Time:00:00.03 | Mem:0.00M, Peak:0.00M | Scene, ViewLayer | Synchronizing object | Mesh107
Fra:6 Mem:62.23M (Peak 143.53M) | Time:00:00.03 | Mem:0.00M, Peak:0.00M | Scene, ViewLayer | Synchronizing object | Mesh60
Fra:6 Mem:62.37M (Peak 143.53M) | Time:00:00.03 | Mem:0.00M, Peak:0.00M | Scene, ViewLayer | Synchronizing object | Mesh106
Fra:6 Mem:62.60M (Peak 143.53M) | Time:00:00.03 | Mem:0.00M, Peak:0.00M | Scene, ViewLayer | Synchronizing object | Mesh61
Fra:6 Mem:62.78M (Peak 143.53M) | Time:00:00.03 | Mem:0.00M, Peak:0.00M | Scene, ViewLayer | Synchronizing object | Mesh62
Fra:6 Mem:62.81M (Peak 143.53M) | Time:00:00.03 | Mem:0.00M, Peak:0.00M | Scene, ViewLayer | Synchronizing object | Mesh63
Fra:6 Mem:63.11M (Peak 143.53M) | Time:00:00.03 | Mem:0.00M, Peak:0.00M | Scene, ViewLayer | Synchronizing object | Mesh64
Fra:6 Mem:63.18M (Peak 143.53M) | Time:00:00.03 | Mem:0.00M, Peak:0.00M | Scene, ViewLayer | Synchronizing object | Mesh65
Fra:6 Mem:63.24M (Peak 143.53M) | Time:00:00.03 | Mem:0.00M, Peak:0.00M | Scene, ViewLayer | Synchronizing object | Mesh66
Fra:6 Mem:63.24M (Peak 143.53M) | Time:00:00.03 | Mem:0.00M, Peak:0.00M | Scene, ViewLayer | Synchronizing object | Mesh67
Fra:6 Mem:63.29M (Peak 143.53M) | Time:00:00.03 | Mem:0.00M, Peak:0.00M | Scene, ViewLayer | Synchronizing object | Mesh105
Fra:6 Mem:63.23M (Peak 143.53M) | Time:00:00.03 | Mem:0.00M, Peak:0.00M | Scene, ViewLayer | Synchronizing object | Mesh68
Fra:6 Mem:63.47M (Peak 143.53M) | Time:00:00.04 | Mem:0.00M, Peak:0.00M | Scene, ViewLayer | Synchronizing object | Mesh69
Fra:6 Mem:63.52M (Peak 143.53M) | Time:00:00.04 | Mem:0.00M, Peak:0.00M | Scene, ViewLayer | Synchronizing object | Mesh104
Fra:6 Mem:63.75M (Peak 143.53M) | Time:00:00.04 | Mem:0.00M, Peak:0.00M | Scene, ViewLayer | Synchronizing object | Mesh103
Fra:6 Mem:63.78M (Peak 143.53M) | Time:00:00.04 | Mem:0.00M, Peak:0.00M | Scene, ViewLayer | Synchronizing object | Mesh102
Fra:6 Mem:63.79M (Peak 143.53M) | Time:00:00.04 | Mem:0.00M, Peak:0.00M | Scene, ViewLayer | Synchronizing object | Mesh101
Fra:6 Mem:63.59M (Peak 143.53M) | Time:00:00.04 | Mem:0.00M, Peak:0.00M | Scene, ViewLayer | Synchronizing object | Mesh100
Fra:6 Mem:63.55M (Peak 143.53M) | Time:00:00.04 | Mem:0.00M, Peak:0.00M | Scene, ViewLayer | Synchronizing object | Mesh70
Fra:6 Mem:63.81M (Peak 143.53M) | Time:00:00.04 | Mem:0.00M, Peak:0.00M | Scene, ViewLayer | Synchronizing object | Mesh71
Fra:6 Mem:63.89M (Peak 143.53M) | Time:00:00.04 | Mem:0.00M, Peak:0.00M | Scene, ViewLayer | Synchronizing object | Mesh72
Fra:6 Mem:63.86M (Peak 143.53M) | Time:00:00.04 | Mem:0.00M, Peak:0.00M | Scene, ViewLayer | Synchronizing object | Mesh99
Fra:6 Mem:64.16M (Peak 143.53M) | Time:00:00.04 | Mem:0.00M, Peak:0.00M | Scene, ViewLayer | Synchronizing object | Mesh98
Fra:6 Mem:64.46M (Peak 143.53M) | Time:00:00.04 | Mem:0.00M, Peak:0.00M | Scene, ViewLayer | Synchronizing object | Mesh97
Fra:6 Mem:64.47M (Peak 143.53M) | Time:00:00.04 | Mem:0.00M, Peak:0.00M | Scene, ViewLayer | Synchronizing object | Mesh96
Fra:6 Mem:64.17M (Peak 143.53M) | Time:00:00.04 | Mem:0.00M, Peak:0.00M | Scene, ViewLayer | Synchronizing object | Mesh95
Fra:6 Mem:64.25M (Peak 143.53M) | Time:00:00.04 | Mem:0.00M, Peak:0.00M | Scene, ViewLayer | Synchronizing object | Mesh73
Fra:6 Mem:64.35M (Peak 143.53M) | Time:00:00.04 | Mem:0.00M, Peak:0.00M | Scene, ViewLayer | Synchronizing object | Mesh74
Fra:6 Mem:64.26M (Peak 143.53M) | Time:00:00.04 | Mem:0.00M, Peak:0.00M | Scene, ViewLayer | Synchronizing object | Mesh75
Fra:6 Mem:64.26M (Peak 143.53M) | Time:00:00.04 | Mem:0.00M, Peak:0.00M | Scene, ViewLayer | Synchronizing object | Mesh94
Fra:6 Mem:64.29M (Peak 143.53M) | Time:00:00.04 | Mem:0.00M, Peak:0.00M | Scene, ViewLayer | Synchronizing object | Mesh76
Fra:6 Mem:64.34M (Peak 143.53M) | Time:00:00.04 | Mem:0.00M, Peak:0.00M | Scene, ViewLayer | Synchronizing object | Mesh93
Fra:6 Mem:64.37M (Peak 143.53M) | Time:00:00.04 | Mem:0.00M, Peak:0.00M | Scene, ViewLayer | Synchronizing object | Mesh92
Fra:6 Mem:64.44M (Peak 143.53M) | Time:00:00.04 | Mem:0.00M, Peak:0.00M | Scene, ViewLayer | Synchronizing object | Mesh91
Fra:6 Mem:64.45M (Peak 143.53M) | Time:00:00.04 | Mem:0.00M, Peak:0.00M | Scene, ViewLayer | Synchronizing object | Mesh90
Fra:6 Mem:64.45M (Peak 143.53M) | Time:00:00.04 | Mem:0.00M, Peak:0.00M | Scene, ViewLayer | Synchronizing object | Mesh89
Fra:6 Mem:64.46M (Peak 143.53M) | Time:00:00.04 | Mem:0.00M, Peak:0.00M | Scene, ViewLayer | Synchronizing object | Mesh88
Fra:6 Mem:64.41M (Peak 143.53M) | Time:00:00.04 | Mem:0.00M, Peak:0.00M | Scene, ViewLayer | Synchronizing object | Mesh87
Fra:6 Mem:64.41M (Peak 143.53M) | Time:00:00.04 | Mem:0.00M, Peak:0.00M | Scene, ViewLayer | Synchronizing object | Mesh77
Fra:6 Mem:64.40M (Peak 143.53M) | Time:00:00.04 | Mem:0.00M, Peak:0.00M | Scene, ViewLayer | Synchronizing object | Mesh86
Fra:6 Mem:64.56M (Peak 143.53M) | Time:00:00.04 | Mem:0.00M, Peak:0.00M | Scene, ViewLayer | Synchronizing object | Mesh78
Fra:6 Mem:64.66M (Peak 143.53M) | Time:00:00.04 | Mem:0.00M, Peak:0.00M | Scene, ViewLayer | Synchronizing object | Mesh79
Fra:6 Mem:64.64M (Peak 143.53M) | Time:00:00.04 | Mem:0.00M, Peak:0.00M | Scene, ViewLayer | Synchronizing object | Mesh80
Fra:6 Mem:64.56M (Peak 143.53M) | Time:00:00.04 | Mem:0.00M, Peak:0.00M | Scene, ViewLayer | Synchronizing object | Mesh85
Fra:6 Mem:64.56M (Peak 143.53M) | Time:00:00.04 | Mem:0.00M, Peak:0.00M | Scene, ViewLayer | Synchronizing object | Mesh81
Fra:6 Mem:65.06M (Peak 143.53M) | Time:00:00.04 | Mem:0.00M, Peak:0.00M | Scene, ViewLayer | Synchronizing object | Mesh84
Fra:6 Mem:65.12M (Peak 143.53M) | Time:00:00.04 | Mem:0.00M, Peak:0.00M | Scene, ViewLayer | Synchronizing object | Mesh83
Fra:6 Mem:65.35M (Peak 143.53M) | Time:00:00.04 | Mem:0.00M, Peak:0.00M | Scene, ViewLayer | Synchronizing object | Mesh82
Fra:6 Mem:65.14M (Peak 143.53M) | Time:00:00.04 | Mem:0.00M, Peak:0.00M | Scene, ViewLayer | Initializing
Fra:6 Mem:56.30M (Peak 143.53M) | Time:00:00.05 | Mem:0.00M, Peak:0.00M | Scene, ViewLayer | Waiting for render to start
Fra:6 Mem:56.31M (Peak 143.53M) | Time:00:00.05 | Mem:0.00M, Peak:0.00M | Scene, ViewLayer | Loading render kernels (may take a few minutes the first time)
Fra:6 Mem:56.31M (Peak 143.53M) | Time:00:00.05 | Mem:0.00M, Peak:0.00M | Scene, ViewLayer | Updating Scene
Fra:6 Mem:56.31M (Peak 143.53M) | Time:00:00.05 | Mem:0.00M, Peak:0.00M | Scene, ViewLayer | Updating Shaders
Fra:6 Mem:56.40M (Peak 143.53M) | Time:00:00.05 | Mem:0.02M, Peak:0.02M | Scene, ViewLayer | Updating Procedurals
Fra:6 Mem:56.40M (Peak 143.53M) | Time:00:00.05 | Mem:0.02M, Peak:0.02M | Scene, ViewLayer | Updating Background
Fra:6 Mem:56.40M (Peak 143.53M) | Time:00:00.05 | Mem:0.02M, Peak:0.02M | Scene, ViewLayer | Updating Camera
Fra:6 Mem:56.40M (Peak 143.53M) | Time:00:00.05 | Mem:0.02M, Peak:0.02M | Scene, ViewLayer | Updating Meshes Flags
Fra:6 Mem:56.40M (Peak 143.53M) | Time:00:00.05 | Mem:0.02M, Peak:0.02M | Scene, ViewLayer | Updating Objects
Fra:6 Mem:56.40M (Peak 143.53M) | Time:00:00.05 | Mem:0.02M, Peak:0.02M | Scene, ViewLayer | Updating Objects | Copying Transformations to device
Fra:6 Mem:56.44M (Peak 143.53M) | Time:00:00.05 | Mem:0.05M, Peak:0.05M | Scene, ViewLayer | Updating Objects | Applying Static Transformations
Fra:6 Mem:56.44M (Peak 143.53M) | Time:00:00.05 | Mem:0.05M, Peak:0.05M | Scene, ViewLayer | Updating Particle Systems
Fra:6 Mem:56.44M (Peak 143.53M) | Time:00:00.05 | Mem:0.05M, Peak:0.05M | Scene, ViewLayer | Updating Particle Systems | Copying Particles to device
Fra:6 Mem:56.44M (Peak 143.53M) | Time:00:00.05 | Mem:0.05M, Peak:0.05M | Scene, ViewLayer | Updating Meshes
Fra:6 Mem:57.55M (Peak 143.53M) | Time:00:00.05 | Mem:0.05M, Peak:0.05M | Scene, ViewLayer | Updating Mesh | Computing attributes
Fra:6 Mem:59.61M (Peak 143.53M) | Time:00:00.05 | Mem:0.07M, Peak:0.07M | Scene, ViewLayer | Updating Mesh | Copying Attributes to device
Fra:6 Mem:59.59M (Peak 143.53M) | Time:00:00.05 | Mem:2.10M, Peak:2.10M | Scene, ViewLayer | Updating Scene BVH | Building
Fra:6 Mem:59.59M (Peak 143.53M) | Time:00:00.05 | Mem:2.10M, Peak:2.10M | Scene, ViewLayer | Updating Scene BVH | Building BVH
Fra:6 Mem:59.59M (Peak 143.53M) | Time:00:00.05 | Mem:4.30M, Peak:4.30M | Scene, ViewLayer | Updating Scene BVH | Building BVH 0%
Fra:6 Mem:59.59M (Peak 143.53M) | Time:00:00.07 | Mem:6.93M, Peak:9.14M | Scene, ViewLayer | Updating Scene BVH | Copying BVH to device
Fra:6 Mem:59.59M (Peak 143.53M) | Time:00:00.07 | Mem:6.93M, Peak:9.14M | Scene, ViewLayer | Updating Mesh | Computing normals
Fra:6 Mem:66.39M (Peak 143.53M) | Time:00:00.07 | Mem:6.93M, Peak:9.14M | Scene, ViewLayer | Updating Mesh | Copying Mesh to device
Fra:6 Mem:66.39M (Peak 143.53M) | Time:00:00.07 | Mem:13.73M, Peak:13.73M | Scene, ViewLayer | Updating Objects Flags
Fra:6 Mem:66.39M (Peak 143.53M) | Time:00:00.07 | Mem:13.73M, Peak:13.73M | Scene, ViewLayer | Updating Primitive Offsets
Fra:6 Mem:66.39M (Peak 143.53M) | Time:00:00.07 | Mem:13.73M, Peak:13.73M | Scene, ViewLayer | Updating Images
Fra:6 Mem:66.39M (Peak 143.53M) | Time:00:00.07 | Mem:13.73M, Peak:13.73M | Scene, ViewLayer | Updating Camera Volume
Fra:6 Mem:66.39M (Peak 143.53M) | Time:00:00.07 | Mem:13.73M, Peak:13.73M | Scene, ViewLayer | Updating Lookup Tables
Fra:6 Mem:66.39M (Peak 143.53M) | Time:00:00.07 | Mem:13.81M, Peak:13.81M | Scene, ViewLayer | Updating Lights
Fra:6 Mem:66.39M (Peak 143.53M) | Time:00:00.07 | Mem:13.81M, Peak:13.81M | Scene, ViewLayer | Updating Lights | Computing tree
Fra:6 Mem:66.39M (Peak 143.53M) | Time:00:00.07 | Mem:13.81M, Peak:13.81M | Scene, ViewLayer | Updating Integrator
Fra:6 Mem:66.39M (Peak 143.53M) | Time:00:00.07 | Mem:13.81M, Peak:13.81M | Scene, ViewLayer | Updating Film
Fra:6 Mem:66.39M (Peak 143.53M) | Time:00:00.07 | Mem:13.73M, Peak:13.81M | Scene, ViewLayer | Updating Lookup Tables
Fra:6 Mem:66.39M (Peak 143.53M) | Time:00:00.07 | Mem:13.82M, Peak:13.82M | Scene, ViewLayer | Updating Baking
Fra:6 Mem:66.39M (Peak 143.53M) | Time:00:00.07 | Mem:13.82M, Peak:13.82M | Scene, ViewLayer | Updating Device | Writing constant memory
Fra:6 Mem:66.40M (Peak 143.53M) | Time:00:00.07 | Mem:13.82M, Peak:13.82M | Scene, ViewLayer | Loading denoising kernels (may take a few minutes the first time)
Fra:6 Mem:66.40M (Peak 143.53M) | Time:00:00.07 | Mem:13.82M, Peak:13.82M | Scene, ViewLayer | Sample 0/2
Fra:6 Mem:103.98M (Peak 143.53M) | Time:00:00.20 | Remaining:00:00.12 | Mem:51.39M, Peak:51.39M | Scene, ViewLayer | Sample 1/2
Fra:6 Mem:119.80M (Peak 143.53M) | Time:00:09.41 | Mem:51.39M, Peak:51.39M | Scene, ViewLayer | Sample 2/2
Fra:6 Mem:119.80M (Peak 143.53M) | Time:00:09.41 | Mem:51.39M, Peak:51.39M | Scene, ViewLayer | Finished
Append frame 6
Time: 00:09.46 (Saving: 00:00.05)

Fra:7 Mem:55.82M (Peak 143.53M) | Time:00:00.02 | Mem:0.00M, Peak:0.00M | Scene, ViewLayer | Synchronizing object | Mesh1
Fra:7 Mem:55.86M (Peak 143.53M) | Time:00:00.02 | Mem:0.00M, Peak:0.00M | Scene, ViewLayer | Synchronizing object | Mesh2
Fra:7 Mem:55.93M (Peak 143.53M) | Time:00:00.02 | Mem:0.00M, Peak:0.00M | Scene, ViewLayer | Synchronizing object | Mesh3
Fra:7 Mem:56.01M (Peak 143.53M) | Time:00:00.02 | Mem:0.00M, Peak:0.00M | Scene, ViewLayer | Synchronizing object | Mesh4
Fra:7 Mem:56.02M (Peak 143.53M) | Time:00:00.02 | Mem:0.00M, Peak:0.00M | Scene, ViewLayer | Synchronizing object | Mesh168
Fra:7 Mem:56.12M (Peak 143.53M) | Time:00:00.02 | Mem:0.00M, Peak:0.00M | Scene, ViewLayer | Synchronizing object | Mesh5
Fra:7 Mem:56.13M (Peak 143.53M) | Time:00:00.02 | Mem:0.00M, Peak:0.00M | Scene, ViewLayer | Synchronizing object | Mesh6
Fra:7 Mem:56.11M (Peak 143.53M) | Time:00:00.02 | Mem:0.00M, Peak:0.00M | Scene, ViewLayer | Synchronizing object | Mesh167
Fra:7 Mem:56.82M (Peak 143.53M) | Time:00:00.02 | Mem:0.00M, Peak:0.00M | Scene, ViewLayer | Synchronizing object | Mesh7
Fra:7 Mem:58.53M (Peak 143.53M) | Time:00:00.02 | Mem:0.00M, Peak:0.00M | Scene, ViewLayer | Synchronizing object | Mesh166
Fra:7 Mem:58.59M (Peak 143.53M) | Time:00:00.02 | Mem:0.00M, Peak:0.00M | Scene, ViewLayer | Synchronizing object | Mesh165
Fra:7 Mem:58.62M (Peak 143.53M) | Time:00:00.02 | Mem:0.00M, Peak:0.00M | Scene, ViewLayer | Synchronizing object | Mesh164
Fra:7 Mem:58.63M (Peak 143.53M) | Time:00:00.02 | Mem:0.00M, Peak:0.00M | Scene, ViewLayer | Synchronizing object | Mesh163
Fra:7 Mem:58.44M (Peak 143.53M) | Time:00:00.02 | Mem:0.00M, Peak:0.00M | Scene, ViewLayer | Synchronizing object | Mesh162
Fra:7 Mem:57.89M (Peak 143.53M) | Time:00:00.02 | Mem:0.00M, Peak:0.00M | Scene, ViewLayer | Synchronizing object | Mesh161
Fra:7 Mem:57.78M (Peak 143.53M) | Time:00:00.02 | Mem:0.00M, Peak:0.00M | Scene, ViewLayer | Synchronizing object | Mesh8
Fra:7 Mem:57.80M (Peak 143.53M) | Time:00:00.02 | Mem:0.00M, Peak:0.00M | Scene, ViewLayer | Synchronizing object | Mesh160
Fra:7 Mem:57.87M (Peak 143.53M) | Time:00:00.02 | Mem:0.00M, Peak:0.00M | Scene, ViewLayer | Synchronizing object | Mesh159
Fra:7 Mem:57.89M (Peak 143.53M) | Time:00:00.02 | Mem:0.00M, Peak:0.00M | Scene, ViewLayer | Synchronizing object | Mesh9
Fra:7 Mem:58.18M (Peak 143.53M) | Time:00:00.02 | Mem:0.00M, Peak:0.00M | Scene, ViewLayer | Synchronizing object | Mesh10
Fra:7 Mem:58.63M (Peak 143.53M) | Time:00:00.02 | Mem:0.00M, Peak:0.00M | Scene, ViewLayer | Synchronizing object | Mesh11
Fra:7 Mem:58.71M (Peak 143.53M) | Time:00:00.02 | Mem:0.00M, Peak:0.00M | Scene, ViewLayer | Synchronizing object | Mesh12
Fra:7 Mem:58.88M (Peak 143.53M) | Time:00:00.02 | Mem:0.00M, Peak:0.00M | Scene, ViewLayer | Synchronizing object | Mesh13
Fra:7 Mem:58.91M (Peak 143.53M) | Time:00:00.02 | Mem:0.00M, Peak:0.00M | Scene, ViewLayer | Synchronizing object | Mesh14
Fra:7 Mem:59.06M (Peak 143.53M) | Time:00:00.02 | Mem:0.00M, Peak:0.00M | Scene, ViewLayer | Synchronizing object | Mesh15
Fra:7 Mem:60.44M (Peak 143.53M) | Time:00:00.03 | Mem:0.00M, Peak:0.00M | Scene, ViewLayer | Synchronizing object | Mesh158
Fra:7 Mem:60.44M (Peak 143.53M) | Time:00:00.03 | Mem:0.00M, Peak:0.00M | Scene, ViewLayer | Synchronizing object | Mesh157
Fra:7 Mem:60.47M (Peak 143.53M) | Time:00:00.03 | Mem:0.00M, Peak:0.00M | Scene, ViewLayer | Synchronizing object | Mesh156
Fra:7 Mem:59.68M (Peak 143.53M) | Time:00:00.03 | Mem:0.00M, Peak:0.00M | Scene, ViewLayer | Synchronizing object | Mesh155
Fra:7 Mem:59.76M (Peak 143.53M) | Time:00:00.03 | Mem:0.00M, Peak:0.00M | Scene, ViewLayer | Synchronizing object | Mesh154
Fra:7 Mem:59.65M (Peak 143.53M) | Time:00:00.03 | Mem:0.00M, Peak:0.00M | Scene, ViewLayer | Synchronizing object | Mesh16
Fra:7 Mem:59.68M (Peak 143.53M) | Time:00:00.03 | Mem:0.00M, Peak:0.00M | Scene, ViewLayer | Synchronizing object | Mesh153
Fra:7 Mem:59.75M (Peak 143.53M) | Time:00:00.03 | Mem:0.00M, Peak:0.00M | Scene, ViewLayer | Synchronizing object | Mesh17
Fra:7 Mem:59.75M (Peak 143.53M) | Time:00:00.03 | Mem:0.00M, Peak:0.00M | Scene, ViewLayer | Synchronizing object | Mesh18
Fra:7 Mem:59.72M (Peak 143.53M) | Time:00:00.03 | Mem:0.00M, Peak:0.00M | Scene, ViewLayer | Synchronizing object | Mesh152
Fra:7 Mem:59.77M (Peak 143.53M) | Time:00:00.03 | Mem:0.00M, Peak:0.00M | Scene, ViewLayer | Synchronizing object | Mesh151
Fra:7 Mem:59.81M (Peak 143.53M) | Time:00:00.03 | Mem:0.00M, Peak:0.00M | Scene, ViewLayer | Synchronizing object | Mesh150
Fra:7 Mem:59.81M (Peak 143.53M) | Time:00:00.03 | Mem:0.00M, Peak:0.00M | Scene, ViewLayer | Synchronizing object | Mesh19
Fra:7 Mem:59.81M (Peak 143.53M) | Time:00:00.03 | Mem:0.00M, Peak:0.00M | Scene, ViewLayer | Synchronizing object | Mesh149
Fra:7 Mem:59.81M (Peak 143.53M) | Time:00:00.03 | Mem:0.00M, Peak:0.00M | Scene, ViewLayer | Synchronizing object | Mesh20
Fra:7 Mem:59.81M (Peak 143.53M) | Time:00:00.03 | Mem:0.00M, Peak:0.00M | Scene, ViewLayer | Synchronizing object | Mesh148
Fra:7 Mem:60.04M (Peak 143.53M) | Time:00:00.03 | Mem:0.00M, Peak:0.00M | Scene, ViewLayer | Synchronizing object | Mesh147
Fra:7 Mem:60.04M (Peak 143.53M) | Time:00:00.03 | Mem:0.00M, Peak:0.00M | Scene, ViewLayer | Synchronizing object | Mesh146
Fra:7 Mem:60.04M (Peak 143.53M) | Time:00:00.03 | Mem:0.00M, Peak:0.00M | Scene, ViewLayer | Synchronizing object | Mesh145
Fra:7 Mem:59.96M (Peak 143.53M) | Time:00:00.03 | Mem:0.00M, Peak:0.00M | Scene, ViewLayer | Synchronizing object | Mesh21
Fra:7 Mem:59.95M (Peak 143.53M) | Time:00:00.03 | Mem:0.00M, Peak:0.00M | Scene, ViewLayer | Synchronizing object | Mesh144
Fra:7 Mem:59.96M (Peak 143.53M) | Time:00:00.03 | Mem:0.00M, Peak:0.00M | Scene, ViewLayer | Synchronizing object | Mesh143
Fra:7 Mem:59.99M (Peak 143.53M) | Time:00:00.03 | Mem:0.00M, Peak:0.00M | Scene, ViewLayer | Synchronizing object | Mesh142
Fra:7 Mem:60.00M (Peak 143.53M) | Time:00:00.03 | Mem:0.00M, Peak:0.00M | Scene, ViewLayer | Synchronizing object | Mesh22
Fra:7 Mem:60.18M (Peak 143.53M) | Time:00:00.03 | Mem:0.00M, Peak:0.00M | Scene, ViewLayer | Synchronizing object | Mesh141
Fra:7 Mem:60.13M (Peak 143.53M) | Time:00:00.03 | Mem:0.00M, Peak:0.00M | Scene, ViewLayer | Synchronizing object | Mesh23
Fra:7 Mem:60.20M (Peak 143.53M) | Time:00:00.03 | Mem:0.00M, Peak:0.00M | Scene, ViewLayer | Synchronizing object | Mesh24
Fra:7 Mem:60.17M (Peak 143.53M) | Time:00:00.03 | Mem:0.00M, Peak:0.00M | Scene, ViewLayer | Synchronizing object | Mesh140
Fra:7 Mem:60.23M (Peak 143.53M) | Time:00:00.03 | Mem:0.00M, Peak:0.00M | Scene, ViewLayer | Synchronizing object | Mesh25
Fra:7 Mem:60.37M (Peak 143.53M) | Time:00:00.03 | Mem:0.00M, Peak:0.00M | Scene, ViewLayer | Synchronizing object | Mesh139
Fra:7 Mem:60.38M (Peak 143.53M) | Time:00:00.03 | Mem:0.00M, Peak:0.00M | Scene, ViewLayer | Synchronizing object | Mesh138
Fra:7 Mem:60.35M (Peak 143.53M) | Time:00:00.03 | Mem:0.00M, Peak:0.00M | Scene, ViewLayer | Synchronizing object | Mesh26
Fra:7 Mem:60.39M (Peak 143.53M) | Time:00:00.03 | Mem:0.00M, Peak:0.00M | Scene, ViewLayer | Synchronizing object | Mesh137
Fra:7 Mem:60.38M (Peak 143.53M) | Time:00:00.03 | Mem:0.00M, Peak:0.00M | Scene, ViewLayer | Synchronizing object | Mesh27
Fra:7 Mem:60.47M (Peak 143.53M) | Time:00:00.03 | Mem:0.00M, Peak:0.00M | Scene, ViewLayer | Synchronizing object | Mesh28
Fra:7 Mem:60.49M (Peak 143.53M) | Time:00:00.03 | Mem:0.00M, Peak:0.00M | Scene, ViewLayer | Synchronizing object | Mesh29
Fra:7 Mem:60.51M (Peak 143.53M) | Time:00:00.03 | Mem:0.00M, Peak:0.00M | Scene, ViewLayer | Synchronizing object | Mesh30
Fra:7 Mem:60.66M (Peak 143.53M) | Time:00:00.03 | Mem:0.00M, Peak:0.00M | Scene, ViewLayer | Synchronizing object | Mesh31
Fra:7 Mem:60.69M (Peak 143.53M) | Time:00:00.03 | Mem:0.00M, Peak:0.00M | Scene, ViewLayer | Synchronizing object | Mesh32
Fra:7 Mem:60.67M (Peak 143.53M) | Time:00:00.03 | Mem:0.00M, Peak:0.00M | Scene, ViewLayer | Synchronizing object | Mesh33
Fra:7 Mem:60.65M (Peak 143.53M) | Time:00:00.03 | Mem:0.00M, Peak:0.00M | Scene, ViewLayer | Synchronizing object | Mesh136
Fra:7 Mem:60.65M (Peak 143.53M) | Time:00:00.03 | Mem:0.00M, Peak:0.00M | Scene, ViewLayer | Synchronizing object | Mesh34
Fra:7 Mem:60.65M (Peak 143.53M) | Time:00:00.03 | Mem:0.00M, Peak:0.00M | Scene, ViewLayer | Synchronizing object | Mesh135
Fra:7 Mem:60.71M (Peak 143.53M) | Time:00:00.03 | Mem:0.00M, Peak:0.00M | Scene, ViewLayer | Synchronizing object | Mesh35
Fra:7 Mem:60.81M (Peak 143.53M) | Time:00:00.03 | Mem:0.00M, Peak:0.00M | Scene, ViewLayer | Synchronizing object | Mesh134
Fra:7 Mem:60.81M (Peak 143.53M) | Time:00:00.03 | Mem:0.00M, Peak:0.00M | Scene, ViewLayer | Synchronizing object | Mesh133
Fra:7 Mem:60.81M (Peak 143.53M) | Time:00:00.03 | Mem:0.00M, Peak:0.00M | Scene, ViewLayer | Synchronizing object | Mesh132
Fra:7 Mem:60.80M (Peak 143.53M) | Time:00:00.03 | Mem:0.00M, Peak:0.00M | Scene, ViewLayer | Synchronizing object | Mesh36
Fra:7 Mem:60.96M (Peak 143.53M) | Time:00:00.03 | Mem:0.00M, Peak:0.00M | Scene, ViewLayer | Synchronizing object | Mesh131
Fra:7 Mem:60.96M (Peak 143.53M) | Time:00:00.03 | Mem:0.00M, Peak:0.00M | Scene, ViewLayer | Synchronizing object | Mesh130
Fra:7 Mem:60.97M (Peak 143.53M) | Time:00:00.03 | Mem:0.00M, Peak:0.00M | Scene, ViewLayer | Synchronizing object | Mesh129
Fra:7 Mem:60.97M (Peak 143.53M) | Time:00:00.03 | Mem:0.00M, Peak:0.00M | Scene, ViewLayer | Synchronizing object | Mesh128
Fra:7 Mem:60.97M (Peak 143.53M) | Time:00:00.03 | Mem:0.00M, Peak:0.00M | Scene, ViewLayer | Synchronizing object | Mesh127
Fra:7 Mem:60.95M (Peak 143.53M) | Time:00:00.03 | Mem:0.00M, Peak:0.00M | Scene, ViewLayer | Synchronizing object | Mesh126
Fra:7 Mem:60.90M (Peak 143.53M) | Time:00:00.03 | Mem:0.00M, Peak:0.00M | Scene, ViewLayer | Synchronizing object | Mesh125
Fra:7 Mem:60.91M (Peak 143.53M) | Time:00:00.03 | Mem:0.00M, Peak:0.00M | Scene, ViewLayer | Synchronizing object | Mesh37
Fra:7 Mem:60.95M (Peak 143.53M) | Time:00:00.03 | Mem:0.00M, Peak:0.00M | Scene, ViewLayer | Synchronizing object | Mesh124
Fra:7 Mem:60.97M (Peak 143.53M) | Time:00:00.03 | Mem:0.00M, Peak:0.00M | Scene, ViewLayer | Synchronizing object | Mesh123
Fra:7 Mem:60.98M (Peak 143.53M) | Time:00:00.03 | Mem:0.00M, Peak:0.00M | Scene, ViewLayer | Synchronizing object | Mesh122
Fra:7 Mem:61.07M (Peak 143.53M) | Time:00:00.03 | Mem:0.00M, Peak:0.00M | Scene, ViewLayer | Synchronizing object | Mesh121
Fra:7 Mem:61.08M (Peak 143.53M) | Time:00:00.03 | Mem:0.00M, Peak:0.00M | Scene, ViewLayer | Synchronizing object | Mesh120
Fra:7 Mem:61.08M (Peak 143.53M) | Time:00:00.03 | Mem:0.00M, Peak:0.00M | Scene, ViewLayer | Synchronizing object | Mesh119
Fra:7 Mem:61.09M (Peak 143.53M) | Time:00:00.03 | Mem:0.00M, Peak:0.00M | Scene, ViewLayer | Synchronizing object | Mesh38
Fra:7 Mem:61.11M (Peak 143.53M) | Time:00:00.03 | Mem:0.00M, Peak:0.00M | Scene, ViewLayer | Synchronizing object | Mesh39
Fra:7 Mem:61.24M (Peak 143.53M) | Time:00:00.03 | Mem:0.00M, Peak:0.00M | Scene, ViewLayer | Synchronizing object | Mesh40
Fra:7 Mem:61.21M (Peak 143.53M) | Time:00:00.03 | Mem:0.00M, Peak:0.00M | Scene, ViewLayer | Synchronizing object | Mesh41
Fra:7 Mem:61.19M (Peak 143.53M) | Time:00:00.03 | Mem:0.00M, Peak:0.00M | Scene, ViewLayer | Synchronizing object | Mesh118
Fra:7 Mem:61.21M (Peak 143.53M) | Time:00:00.03 | Mem:0.00M, Peak:0.00M | Scene, ViewLayer | Synchronizing object | Mesh117
Fra:7 Mem:61.29M (Peak 143.53M) | Time:00:00.03 | Mem:0.00M, Peak:0.00M | Scene, ViewLayer | Synchronizing object | Mesh116
Fra:7 Mem:61.30M (Peak 143.53M) | Time:00:00.03 | Mem:0.00M, Peak:0.00M | Scene, ViewLayer | Synchronizing object | Mesh115
Fra:7 Mem:61.45M (Peak 143.53M) | Time:00:00.03 | Mem:0.00M, Peak:0.00M | Scene, ViewLayer | Synchronizing object | Mesh42
Fra:7 Mem:61.65M (Peak 143.53M) | Time:00:00.03 | Mem:0.00M, Peak:0.00M | Scene, ViewLayer | Synchronizing object | Mesh43
Fra:7 Mem:61.79M (Peak 143.53M) | Time:00:00.03 | Mem:0.00M, Peak:0.00M | Scene, ViewLayer | Synchronizing object | Mesh44
Fra:7 Mem:61.80M (Peak 143.53M) | Time:00:00.03 | Mem:0.00M, Peak:0.00M | Scene, ViewLayer | Synchronizing object | Mesh45
Fra:7 Mem:61.81M (Peak 143.53M) | Time:00:00.03 | Mem:0.00M, Peak:0.00M | Scene, ViewLayer | Synchronizing object | Mesh46
Fra:7 Mem:61.70M (Peak 143.53M) | Time:00:00.03 | Mem:0.00M, Peak:0.00M | Scene, ViewLayer | Synchronizing object | Mesh114
Fra:7 Mem:61.72M (Peak 143.53M) | Time:00:00.03 | Mem:0.00M, Peak:0.00M | Scene, ViewLayer | Synchronizing object | Mesh47
Fra:7 Mem:61.77M (Peak 143.53M) | Time:00:00.03 | Mem:0.00M, Peak:0.00M | Scene, ViewLayer | Synchronizing object | Mesh48
Fra:7 Mem:61.84M (Peak 143.53M) | Time:00:00.03 | Mem:0.00M, Peak:0.00M | Scene, ViewLayer | Synchronizing object | Mesh49
Fra:7 Mem:61.88M (Peak 143.53M) | Time:00:00.03 | Mem:0.00M, Peak:0.00M | Scene, ViewLayer | Synchronizing object | Mesh50
Fra:7 Mem:61.83M (Peak 143.53M) | Time:00:00.03 | Mem:0.00M, Peak:0.00M | Scene, ViewLayer | Synchronizing object | Mesh113
Fra:7 Mem:61.86M (Peak 143.53M) | Time:00:00.03 | Mem:0.00M, Peak:0.00M | Scene, ViewLayer | Synchronizing object | Mesh51
Fra:7 Mem:61.87M (Peak 143.53M) | Time:00:00.03 | Mem:0.00M, Peak:0.00M | Scene, ViewLayer | Synchronizing object | Mesh52
Fra:7 Mem:61.85M (Peak 143.53M) | Time:00:00.03 | Mem:0.00M, Peak:0.00M | Scene, ViewLayer | Synchronizing object | Mesh112
Fra:7 Mem:61.89M (Peak 143.53M) | Time:00:00.03 | Mem:0.00M, Peak:0.00M | Scene, ViewLayer | Synchronizing object | Mesh53
Fra:7 Mem:61.90M (Peak 143.53M) | Time:00:00.03 | Mem:0.00M, Peak:0.00M | Scene, ViewLayer | Synchronizing object | Mesh54
Fra:7 Mem:61.92M (Peak 143.53M) | Time:00:00.03 | Mem:0.00M, Peak:0.00M | Scene, ViewLayer | Synchronizing object | Mesh111
Fra:7 Mem:62.02M (Peak 143.53M) | Time:00:00.03 | Mem:0.00M, Peak:0.00M | Scene, ViewLayer | Synchronizing object | Mesh55
Fra:7 Mem:62.04M (Peak 143.53M) | Time:00:00.03 | Mem:0.00M, Peak:0.00M | Scene, ViewLayer | Synchronizing object | Mesh56
Fra:7 Mem:62.08M (Peak 143.53M) | Time:00:00.03 | Mem:0.00M, Peak:0.00M | Scene, ViewLayer | Synchronizing object | Mesh57
Fra:7 Mem:62.10M (Peak 143.53M) | Time:00:00.03 | Mem:0.00M, Peak:0.00M | Scene, ViewLayer | Synchronizing object | Mesh58
Fra:7 Mem:62.25M (Peak 143.53M) | Time:00:00.03 | Mem:0.00M, Peak:0.00M | Scene, ViewLayer | Synchronizing object | Mesh59
Fra:7 Mem:62.16M (Peak 143.53M) | Time:00:00.03 | Mem:0.00M, Peak:0.00M | Scene, ViewLayer | Synchronizing object | Mesh110
Fra:7 Mem:62.19M (Peak 143.53M) | Time:00:00.03 | Mem:0.00M, Peak:0.00M | Scene, ViewLayer | Synchronizing object | Mesh60
Fra:7 Mem:62.34M (Peak 143.53M) | Time:00:00.03 | Mem:0.00M, Peak:0.00M | Scene, ViewLayer | Synchronizing object | Mesh61
Fra:7 Mem:62.32M (Peak 143.53M) | Time:00:00.03 | Mem:0.00M, Peak:0.00M | Scene, ViewLayer | Synchronizing object | Mesh109
Fra:7 Mem:62.42M (Peak 143.53M) | Time:00:00.03 | Mem:0.00M, Peak:0.00M | Scene, ViewLayer | Synchronizing object | Mesh108
Fra:7 Mem:62.48M (Peak 143.53M) | Time:00:00.03 | Mem:0.00M, Peak:0.00M | Scene, ViewLayer | Synchronizing object | Mesh107
Fra:7 Mem:62.65M (Peak 143.53M) | Time:00:00.03 | Mem:0.00M, Peak:0.00M | Scene, ViewLayer | Synchronizing object | Mesh106
Fra:7 Mem:62.76M (Peak 143.53M) | Time:00:00.04 | Mem:0.00M, Peak:0.00M | Scene, ViewLayer | Synchronizing object | Mesh62
Fra:7 Mem:62.89M (Peak 143.53M) | Time:00:00.04 | Mem:0.00M, Peak:0.00M | Scene, ViewLayer | Synchronizing object | Mesh63
Fra:7 Mem:62.91M (Peak 143.53M) | Time:00:00.04 | Mem:0.00M, Peak:0.00M | Scene, ViewLayer | Synchronizing object | Mesh64
Fra:7 Mem:63.05M (Peak 143.53M) | Time:00:00.04 | Mem:0.00M, Peak:0.00M | Scene, ViewLayer | Synchronizing object | Mesh65
Fra:7 Mem:62.88M (Peak 143.53M) | Time:00:00.04 | Mem:0.00M, Peak:0.00M | Scene, ViewLayer | Synchronizing object | Mesh66
Fra:7 Mem:62.94M (Peak 143.53M) | Time:00:00.04 | Mem:0.00M, Peak:0.00M | Scene, ViewLayer | Synchronizing object | Mesh67
Fra:7 Mem:63.41M (Peak 143.53M) | Time:00:00.04 | Mem:0.00M, Peak:0.00M | Scene, ViewLayer | Synchronizing object | Mesh68
Fra:7 Mem:63.17M (Peak 143.53M) | Time:00:00.04 | Mem:0.00M, Peak:0.00M | Scene, ViewLayer | Synchronizing object | Mesh69
Fra:7 Mem:63.11M (Peak 143.53M) | Time:00:00.04 | Mem:0.00M, Peak:0.00M | Scene, ViewLayer | Synchronizing object | Mesh105
Fra:7 Mem:63.75M (Peak 143.53M) | Time:00:00.04 | Mem:0.00M, Peak:0.00M | Scene, ViewLayer | Synchronizing object | Mesh104
Fra:7 Mem:63.75M (Peak 143.53M) | Time:00:00.04 | Mem:0.00M, Peak:0.00M | Scene, ViewLayer | Synchronizing object | Mesh103
Fra:7 Mem:63.55M (Peak 143.53M) | Time:00:00.04 | Mem:0.00M, Peak:0.00M | Scene, ViewLayer | Synchronizing object | Mesh102
Fra:7 Mem:63.49M (Peak 143.53M) | Time:00:00.04 | Mem:0.00M, Peak:0.00M | Scene, ViewLayer | Synchronizing object | Mesh70
Fra:7 Mem:63.50M (Peak 143.53M) | Time:00:00.04 | Mem:0.00M, Peak:0.00M | Scene, ViewLayer | Synchronizing object | Mesh101
Fra:7 Mem:63.79M (Peak 143.53M) | Time:00:00.04 | Mem:0.00M, Peak:0.00M | Scene, ViewLayer | Synchronizing object | Mesh71
Fra:7 Mem:63.75M (Peak 143.53M) | Time:00:00.04 | Mem:0.00M, Peak:0.00M | Scene, ViewLayer | Synchronizing object | Mesh100
Fra:7 Mem:63.85M (Peak 143.53M) | Time:00:00.04 | Mem:0.00M, Peak:0.00M | Scene, ViewLayer | Synchronizing object | Mesh72
Fra:7 Mem:64.12M (Peak 143.53M) | Time:00:00.04 | Mem:0.00M, Peak:0.00M | Scene, ViewLayer | Synchronizing object | Mesh99
Fra:7 Mem:64.19M (Peak 143.53M) | Time:00:00.04 | Mem:0.00M, Peak:0.00M | Scene, ViewLayer | Synchronizing object | Mesh98
Fra:7 Mem:64.46M (Peak 143.53M) | Time:00:00.04 | Mem:0.00M, Peak:0.00M | Scene, ViewLayer | Synchronizing object | Mesh97
Fra:7 Mem:64.47M (Peak 143.53M) | Time:00:00.04 | Mem:0.00M, Peak:0.00M | Scene, ViewLayer | Synchronizing object | Mesh96
Fra:7 Mem:64.17M (Peak 143.53M) | Time:00:00.04 | Mem:0.00M, Peak:0.00M | Scene, ViewLayer | Synchronizing object | Mesh95
Fra:7 Mem:64.18M (Peak 143.53M) | Time:00:00.04 | Mem:0.00M, Peak:0.00M | Scene, ViewLayer | Synchronizing object | Mesh73
Fra:7 Mem:64.28M (Peak 143.53M) | Time:00:00.04 | Mem:0.00M, Peak:0.00M | Scene, ViewLayer | Synchronizing object | Mesh74
Fra:7 Mem:64.35M (Peak 143.53M) | Time:00:00.04 | Mem:0.00M, Peak:0.00M | Scene, ViewLayer | Synchronizing object | Mesh75
Fra:7 Mem:64.36M (Peak 143.53M) | Time:00:00.04 | Mem:0.00M, Peak:0.00M | Scene, ViewLayer | Synchronizing object | Mesh76
Fra:7 Mem:64.32M (Peak 143.53M) | Time:00:00.04 | Mem:0.00M, Peak:0.00M | Scene, ViewLayer | Synchronizing object | Mesh94
Fra:7 Mem:64.41M (Peak 143.53M) | Time:00:00.04 | Mem:0.00M, Peak:0.00M | Scene, ViewLayer | Synchronizing object | Mesh93
Fra:7 Mem:64.41M (Peak 143.53M) | Time:00:00.04 | Mem:0.00M, Peak:0.00M | Scene, ViewLayer | Synchronizing object | Mesh92
Fra:7 Mem:64.38M (Peak 143.53M) | Time:00:00.04 | Mem:0.00M, Peak:0.00M | Scene, ViewLayer | Synchronizing object | Mesh91
Fra:7 Mem:64.39M (Peak 143.53M) | Time:00:00.04 | Mem:0.00M, Peak:0.00M | Scene, ViewLayer | Synchronizing object | Mesh90
Fra:7 Mem:64.39M (Peak 143.53M) | Time:00:00.04 | Mem:0.00M, Peak:0.00M | Scene, ViewLayer | Synchronizing object | Mesh89
Fra:7 Mem:64.40M (Peak 143.53M) | Time:00:00.04 | Mem:0.00M, Peak:0.00M | Scene, ViewLayer | Synchronizing object | Mesh88
Fra:7 Mem:64.40M (Peak 143.53M) | Time:00:00.04 | Mem:0.00M, Peak:0.00M | Scene, ViewLayer | Synchronizing object | Mesh87
Fra:7 Mem:64.41M (Peak 143.53M) | Time:00:00.04 | Mem:0.00M, Peak:0.00M | Scene, ViewLayer | Synchronizing object | Mesh77
Fra:7 Mem:64.45M (Peak 143.53M) | Time:00:00.04 | Mem:0.00M, Peak:0.00M | Scene, ViewLayer | Synchronizing object | Mesh86
Fra:7 Mem:64.56M (Peak 143.53M) | Time:00:00.04 | Mem:0.00M, Peak:0.00M | Scene, ViewLayer | Synchronizing object | Mesh78
Fra:7 Mem:64.57M (Peak 143.53M) | Time:00:00.04 | Mem:0.00M, Peak:0.00M | Scene, ViewLayer | Synchronizing object | Mesh79
Fra:7 Mem:64.69M (Peak 143.53M) | Time:00:00.04 | Mem:0.00M, Peak:0.00M | Scene, ViewLayer | Synchronizing object | Mesh80
Fra:7 Mem:64.69M (Peak 143.53M) | Time:00:00.04 | Mem:0.00M, Peak:0.00M | Scene, ViewLayer | Synchronizing object | Mesh81
Fra:7 Mem:64.88M (Peak 143.53M) | Time:00:00.04 | Mem:0.00M, Peak:0.00M | Scene, ViewLayer | Synchronizing object | Mesh85
Fra:7 Mem:64.94M (Peak 143.53M) | Time:00:00.04 | Mem:0.00M, Peak:0.00M | Scene, ViewLayer | Synchronizing object | Mesh84
Fra:7 Mem:65.30M (Peak 143.53M) | Time:00:00.04 | Mem:0.00M, Peak:0.00M | Scene, ViewLayer | Synchronizing object | Mesh83
Fra:7 Mem:65.17M (Peak 143.53M) | Time:00:00.04 | Mem:0.00M, Peak:0.00M | Scene, ViewLayer | Synchronizing object | Mesh82
Fra:7 Mem:65.14M (Peak 143.53M) | Time:00:00.04 | Mem:0.00M, Peak:0.00M | Scene, ViewLayer | Initializing
Fra:7 Mem:56.30M (Peak 143.53M) | Time:00:00.05 | Mem:0.00M, Peak:0.00M | Scene, ViewLayer | Waiting for render to start
Fra:7 Mem:56.31M (Peak 143.53M) | Time:00:00.05 | Mem:0.00M, Peak:0.00M | Scene, ViewLayer | Loading render kernels (may take a few minutes the first time)
Fra:7 Mem:56.31M (Peak 143.53M) | Time:00:00.05 | Mem:0.00M, Peak:0.00M | Scene, ViewLayer | Updating Scene
Fra:7 Mem:56.31M (Peak 143.53M) | Time:00:00.05 | Mem:0.00M, Peak:0.00M | Scene, ViewLayer | Updating Shaders
Fra:7 Mem:56.40M (Peak 143.53M) | Time:00:00.05 | Mem:0.02M, Peak:0.02M | Scene, ViewLayer | Updating Procedurals
Fra:7 Mem:56.40M (Peak 143.53M) | Time:00:00.05 | Mem:0.02M, Peak:0.02M | Scene, ViewLayer | Updating Background
Fra:7 Mem:56.40M (Peak 143.53M) | Time:00:00.05 | Mem:0.02M, Peak:0.02M | Scene, ViewLayer | Updating Camera
Fra:7 Mem:56.40M (Peak 143.53M) | Time:00:00.05 | Mem:0.02M, Peak:0.02M | Scene, ViewLayer | Updating Meshes Flags
Fra:7 Mem:56.40M (Peak 143.53M) | Time:00:00.05 | Mem:0.02M, Peak:0.02M | Scene, ViewLayer | Updating Objects
Fra:7 Mem:56.40M (Peak 143.53M) | Time:00:00.05 | Mem:0.02M, Peak:0.02M | Scene, ViewLayer | Updating Objects | Copying Transformations to device
Fra:7 Mem:56.44M (Peak 143.53M) | Time:00:00.05 | Mem:0.05M, Peak:0.05M | Scene, ViewLayer | Updating Objects | Applying Static Transformations
Fra:7 Mem:56.44M (Peak 143.53M) | Time:00:00.05 | Mem:0.05M, Peak:0.05M | Scene, ViewLayer | Updating Particle Systems
Fra:7 Mem:56.44M (Peak 143.53M) | Time:00:00.05 | Mem:0.05M, Peak:0.05M | Scene, ViewLayer | Updating Particle Systems | Copying Particles to device
Fra:7 Mem:56.44M (Peak 143.53M) | Time:00:00.05 | Mem:0.05M, Peak:0.05M | Scene, ViewLayer | Updating Meshes
Fra:7 Mem:57.55M (Peak 143.53M) | Time:00:00.05 | Mem:0.05M, Peak:0.05M | Scene, ViewLayer | Updating Mesh | Computing attributes
Fra:7 Mem:59.61M (Peak 143.53M) | Time:00:00.05 | Mem:0.07M, Peak:0.07M | Scene, ViewLayer | Updating Mesh | Copying Attributes to device
Fra:7 Mem:59.59M (Peak 143.53M) | Time:00:00.05 | Mem:2.10M, Peak:2.10M | Scene, ViewLayer | Updating Scene BVH | Building
Fra:7 Mem:59.59M (Peak 143.53M) | Time:00:00.05 | Mem:2.10M, Peak:2.10M | Scene, ViewLayer | Updating Scene BVH | Building BVH
Fra:7 Mem:59.59M (Peak 143.53M) | Time:00:00.05 | Mem:4.30M, Peak:4.30M | Scene, ViewLayer | Updating Scene BVH | Building BVH 0%
Fra:7 Mem:59.59M (Peak 143.53M) | Time:00:00.07 | Mem:6.93M, Peak:9.14M | Scene, ViewLayer | Updating Scene BVH | Copying BVH to device
Fra:7 Mem:59.59M (Peak 143.53M) | Time:00:00.07 | Mem:6.93M, Peak:9.14M | Scene, ViewLayer | Updating Mesh | Computing normals
Fra:7 Mem:66.39M (Peak 143.53M) | Time:00:00.07 | Mem:6.93M, Peak:9.14M | Scene, ViewLayer | Updating Mesh | Copying Mesh to device
Fra:7 Mem:66.39M (Peak 143.53M) | Time:00:00.07 | Mem:13.73M, Peak:13.73M | Scene, ViewLayer | Updating Objects Flags
Fra:7 Mem:66.39M (Peak 143.53M) | Time:00:00.07 | Mem:13.73M, Peak:13.73M | Scene, ViewLayer | Updating Primitive Offsets
Fra:7 Mem:66.39M (Peak 143.53M) | Time:00:00.07 | Mem:13.73M, Peak:13.73M | Scene, ViewLayer | Updating Images
Fra:7 Mem:66.39M (Peak 143.53M) | Time:00:00.07 | Mem:13.73M, Peak:13.73M | Scene, ViewLayer | Updating Camera Volume
Fra:7 Mem:66.39M (Peak 143.53M) | Time:00:00.07 | Mem:13.73M, Peak:13.73M | Scene, ViewLayer | Updating Lookup Tables
Fra:7 Mem:66.39M (Peak 143.53M) | Time:00:00.07 | Mem:13.81M, Peak:13.81M | Scene, ViewLayer | Updating Lights
Fra:7 Mem:66.39M (Peak 143.53M) | Time:00:00.07 | Mem:13.81M, Peak:13.81M | Scene, ViewLayer | Updating Lights | Computing tree
Fra:7 Mem:66.39M (Peak 143.53M) | Time:00:00.07 | Mem:13.81M, Peak:13.81M | Scene, ViewLayer | Updating Integrator
Fra:7 Mem:66.39M (Peak 143.53M) | Time:00:00.07 | Mem:13.81M, Peak:13.81M | Scene, ViewLayer | Updating Film
Fra:7 Mem:66.39M (Peak 143.53M) | Time:00:00.07 | Mem:13.73M, Peak:13.81M | Scene, ViewLayer | Updating Lookup Tables
Fra:7 Mem:66.39M (Peak 143.53M) | Time:00:00.07 | Mem:13.82M, Peak:13.82M | Scene, ViewLayer | Updating Baking
Fra:7 Mem:66.39M (Peak 143.53M) | Time:00:00.07 | Mem:13.82M, Peak:13.82M | Scene, ViewLayer | Updating Device | Writing constant memory
Fra:7 Mem:66.40M (Peak 143.53M) | Time:00:00.07 | Mem:13.82M, Peak:13.82M | Scene, ViewLayer | Loading denoising kernels (may take a few minutes the first time)
Fra:7 Mem:66.40M (Peak 143.53M) | Time:00:00.07 | Mem:13.82M, Peak:13.82M | Scene, ViewLayer | Sample 0/2
Fra:7 Mem:103.98M (Peak 143.53M) | Time:00:00.20 | Remaining:00:00.13 | Mem:51.39M, Peak:51.39M | Scene, ViewLayer | Sample 1/2
Fra:7 Mem:119.80M (Peak 143.53M) | Time:00:09.43 | Mem:51.39M, Peak:51.39M | Scene, ViewLayer | Sample 2/2
Fra:7 Mem:119.80M (Peak 143.53M) | Time:00:09.43 | Mem:51.39M, Peak:51.39M | Scene, ViewLayer | Finished
Append frame 7
Time: 00:09.48 (Saving: 00:00.05)

Fra:8 Mem:55.82M (Peak 143.53M) | Time:00:00.01 | Mem:0.00M, Peak:0.00M | Scene, ViewLayer | Synchronizing object | Mesh1
Fra:8 Mem:55.85M (Peak 143.53M) | Time:00:00.01 | Mem:0.00M, Peak:0.00M | Scene, ViewLayer | Synchronizing object | Mesh2
Fra:8 Mem:55.92M (Peak 143.53M) | Time:00:00.01 | Mem:0.00M, Peak:0.00M | Scene, ViewLayer | Synchronizing object | Mesh3
Fra:8 Mem:56.01M (Peak 143.53M) | Time:00:00.01 | Mem:0.00M, Peak:0.00M | Scene, ViewLayer | Synchronizing object | Mesh4
Fra:8 Mem:56.01M (Peak 143.53M) | Time:00:00.01 | Mem:0.00M, Peak:0.00M | Scene, ViewLayer | Synchronizing object | Mesh5
Fra:8 Mem:56.05M (Peak 143.53M) | Time:00:00.01 | Mem:0.00M, Peak:0.00M | Scene, ViewLayer | Synchronizing object | Mesh6
Fra:8 Mem:56.18M (Peak 143.53M) | Time:00:00.01 | Mem:0.00M, Peak:0.00M | Scene, ViewLayer | Synchronizing object | Mesh168
Fra:8 Mem:56.31M (Peak 143.53M) | Time:00:00.01 | Mem:0.00M, Peak:0.00M | Scene, ViewLayer | Synchronizing object | Mesh167
Fra:8 Mem:56.36M (Peak 143.53M) | Time:00:00.01 | Mem:0.00M, Peak:0.00M | Scene, ViewLayer | Synchronizing object | Mesh7
Fra:8 Mem:58.45M (Peak 143.53M) | Time:00:00.02 | Mem:0.00M, Peak:0.00M | Scene, ViewLayer | Synchronizing object | Mesh8
Fra:8 Mem:57.69M (Peak 143.53M) | Time:00:00.02 | Mem:0.00M, Peak:0.00M | Scene, ViewLayer | Synchronizing object | Mesh9
Fra:8 Mem:57.58M (Peak 143.53M) | Time:00:00.02 | Mem:0.00M, Peak:0.00M | Scene, ViewLayer | Synchronizing object | Mesh166
Fra:8 Mem:57.61M (Peak 143.53M) | Time:00:00.02 | Mem:0.00M, Peak:0.00M | Scene, ViewLayer | Synchronizing object | Mesh10
Fra:8 Mem:57.60M (Peak 143.53M) | Time:00:00.02 | Mem:0.00M, Peak:0.00M | Scene, ViewLayer | Synchronizing object | Mesh165
Fra:8 Mem:57.67M (Peak 143.53M) | Time:00:00.02 | Mem:0.00M, Peak:0.00M | Scene, ViewLayer | Synchronizing object | Mesh164
Fra:8 Mem:57.71M (Peak 143.53M) | Time:00:00.02 | Mem:0.00M, Peak:0.00M | Scene, ViewLayer | Synchronizing object | Mesh163
Fra:8 Mem:57.87M (Peak 143.53M) | Time:00:00.02 | Mem:0.00M, Peak:0.00M | Scene, ViewLayer | Synchronizing object | Mesh162
Fra:8 Mem:57.87M (Peak 143.53M) | Time:00:00.02 | Mem:0.00M, Peak:0.00M | Scene, ViewLayer | Synchronizing object | Mesh11
Fra:8 Mem:58.01M (Peak 143.53M) | Time:00:00.02 | Mem:0.00M, Peak:0.00M | Scene, ViewLayer | Synchronizing object | Mesh12
Fra:8 Mem:57.93M (Peak 143.53M) | Time:00:00.02 | Mem:0.00M, Peak:0.00M | Scene, ViewLayer | Synchronizing object | Mesh161
Fra:8 Mem:57.93M (Peak 143.53M) | Time:00:00.02 | Mem:0.00M, Peak:0.00M | Scene, ViewLayer | Synchronizing object | Mesh13
Fra:8 Mem:58.01M (Peak 143.53M) | Time:00:00.02 | Mem:0.00M, Peak:0.00M | Scene, ViewLayer | Synchronizing object | Mesh14
Fra:8 Mem:58.09M (Peak 143.53M) | Time:00:00.02 | Mem:0.00M, Peak:0.00M | Scene, ViewLayer | Synchronizing object | Mesh15
Fra:8 Mem:58.06M (Peak 143.53M) | Time:00:00.02 | Mem:0.00M, Peak:0.00M | Scene, ViewLayer | Synchronizing object | Mesh160
Fra:8 Mem:58.42M (Peak 143.53M) | Time:00:00.02 | Mem:0.00M, Peak:0.00M | Scene, ViewLayer | Synchronizing object | Mesh159
Fra:8 Mem:60.44M (Peak 143.53M) | Time:00:00.02 | Mem:0.00M, Peak:0.00M | Scene, ViewLayer | Synchronizing object | Mesh16
Fra:8 Mem:60.48M (Peak 143.53M) | Time:00:00.02 | Mem:0.00M, Peak:0.00M | Scene, ViewLayer | Synchronizing object | Mesh17
Fra:8 Mem:60.45M (Peak 143.53M) | Time:00:00.02 | Mem:0.00M, Peak:0.00M | Scene, ViewLayer | Synchronizing object | Mesh18
Fra:8 Mem:60.28M (Peak 143.53M) | Time:00:00.02 | Mem:0.00M, Peak:0.00M | Scene, ViewLayer | Synchronizing object | Mesh19
Fra:8 Mem:60.28M (Peak 143.53M) | Time:00:00.02 | Mem:0.00M, Peak:0.00M | Scene, ViewLayer | Synchronizing object | Mesh20
Fra:8 Mem:59.55M (Peak 143.53M) | Time:00:00.02 | Mem:0.00M, Peak:0.00M | Scene, ViewLayer | Synchronizing object | Mesh158
Fra:8 Mem:59.56M (Peak 143.53M) | Time:00:00.02 | Mem:0.00M, Peak:0.00M | Scene, ViewLayer | Synchronizing object | Mesh21
Fra:8 Mem:59.63M (Peak 143.53M) | Time:00:00.02 | Mem:0.00M, Peak:0.00M | Scene, ViewLayer | Synchronizing object | Mesh22
Fra:8 Mem:59.85M (Peak 143.53M) | Time:00:00.02 | Mem:0.00M, Peak:0.00M | Scene, ViewLayer | Synchronizing object | Mesh23
Fra:8 Mem:59.88M (Peak 143.53M) | Time:00:00.02 | Mem:0.00M, Peak:0.00M | Scene, ViewLayer | Synchronizing object | Mesh24
Fra:8 Mem:59.77M (Peak 143.53M) | Time:00:00.02 | Mem:0.00M, Peak:0.00M | Scene, ViewLayer | Synchronizing object | Mesh25
Fra:8 Mem:59.75M (Peak 143.53M) | Time:00:00.02 | Mem:0.00M, Peak:0.00M | Scene, ViewLayer | Synchronizing object | Mesh157
Fra:8 Mem:59.84M (Peak 143.53M) | Time:00:00.02 | Mem:0.00M, Peak:0.00M | Scene, ViewLayer | Synchronizing object | Mesh156
Fra:8 Mem:59.94M (Peak 143.53M) | Time:00:00.02 | Mem:0.00M, Peak:0.00M | Scene, ViewLayer | Synchronizing object | Mesh155
Fra:8 Mem:60.02M (Peak 143.53M) | Time:00:00.02 | Mem:0.00M, Peak:0.00M | Scene, ViewLayer | Synchronizing object | Mesh154
Fra:8 Mem:60.00M (Peak 143.53M) | Time:00:00.02 | Mem:0.00M, Peak:0.00M | Scene, ViewLayer | Synchronizing object | Mesh26
Fra:8 Mem:60.10M (Peak 143.53M) | Time:00:00.03 | Mem:0.00M, Peak:0.00M | Scene, ViewLayer | Synchronizing object | Mesh27
Fra:8 Mem:60.13M (Peak 143.53M) | Time:00:00.03 | Mem:0.00M, Peak:0.00M | Scene, ViewLayer | Synchronizing object | Mesh28
Fra:8 Mem:60.10M (Peak 143.53M) | Time:00:00.03 | Mem:0.00M, Peak:0.00M | Scene, ViewLayer | Synchronizing object | Mesh29
Fra:8 Mem:60.07M (Peak 143.53M) | Time:00:00.03 | Mem:0.00M, Peak:0.00M | Scene, ViewLayer | Synchronizing object | Mesh30
Fra:8 Mem:60.08M (Peak 143.53M) | Time:00:00.03 | Mem:0.00M, Peak:0.00M | Scene, ViewLayer | Synchronizing object | Mesh153
Fra:8 Mem:60.16M (Peak 143.53M) | Time:00:00.03 | Mem:0.00M, Peak:0.00M | Scene, ViewLayer | Synchronizing object | Mesh31
Fra:8 Mem:60.26M (Peak 143.53M) | Time:00:00.03 | Mem:0.00M, Peak:0.00M | Scene, ViewLayer | Synchronizing object | Mesh32
Fra:8 Mem:60.26M (Peak 143.53M) | Time:00:00.03 | Mem:0.00M, Peak:0.00M | Scene, ViewLayer | Synchronizing object | Mesh152
Fra:8 Mem:60.26M (Peak 143.53M) | Time:00:00.03 | Mem:0.00M, Peak:0.00M | Scene, ViewLayer | Synchronizing object | Mesh33
Fra:8 Mem:60.26M (Peak 143.53M) | Time:00:00.03 | Mem:0.00M, Peak:0.00M | Scene, ViewLayer | Synchronizing object | Mesh34
Fra:8 Mem:60.27M (Peak 143.53M) | Time:00:00.03 | Mem:0.00M, Peak:0.00M | Scene, ViewLayer | Synchronizing object | Mesh35
Fra:8 Mem:60.35M (Peak 143.53M) | Time:00:00.03 | Mem:0.00M, Peak:0.00M | Scene, ViewLayer | Synchronizing object | Mesh150
Fra:8 Mem:60.41M (Peak 143.53M) | Time:00:00.03 | Mem:0.00M, Peak:0.00M | Scene, ViewLayer | Synchronizing object | Mesh149
Fra:8 Mem:60.41M (Peak 143.53M) | Time:00:00.03 | Mem:0.00M, Peak:0.00M | Scene, ViewLayer | Synchronizing object | Mesh148
Fra:8 Mem:60.40M (Peak 143.53M) | Time:00:00.03 | Mem:0.00M, Peak:0.00M | Scene, ViewLayer | Synchronizing object | Mesh36
Fra:8 Mem:60.49M (Peak 143.53M) | Time:00:00.03 | Mem:0.00M, Peak:0.00M | Scene, ViewLayer | Synchronizing object | Mesh147
Fra:8 Mem:60.57M (Peak 143.53M) | Time:00:00.03 | Mem:0.00M, Peak:0.00M | Scene, ViewLayer | Synchronizing object | Mesh146
Fra:8 Mem:60.57M (Peak 143.53M) | Time:00:00.03 | Mem:0.00M, Peak:0.00M | Scene, ViewLayer | Synchronizing object | Mesh145
Fra:8 Mem:60.57M (Peak 143.53M) | Time:00:00.03 | Mem:0.00M, Peak:0.00M | Scene, ViewLayer | Synchronizing object | Mesh144
Fra:8 Mem:60.48M (Peak 143.53M) | Time:00:00.03 | Mem:0.00M, Peak:0.00M | Scene, ViewLayer | Synchronizing object | Mesh143
Fra:8 Mem:60.49M (Peak 143.53M) | Time:00:00.03 | Mem:0.00M, Peak:0.00M | Scene, ViewLayer | Synchronizing object | Mesh37
Fra:8 Mem:60.48M (Peak 143.53M) | Time:00:00.03 | Mem:0.00M, Peak:0.00M | Scene, ViewLayer | Synchronizing object | Mesh142
Fra:8 Mem:60.69M (Peak 143.53M) | Time:00:00.03 | Mem:0.00M, Peak:0.00M | Scene, ViewLayer | Synchronizing object | Mesh38
Fra:8 Mem:60.61M (Peak 143.53M) | Time:00:00.03 | Mem:0.00M, Peak:0.00M | Scene, ViewLayer | Synchronizing object | Mesh141
Fra:8 Mem:60.64M (Peak 143.53M) | Time:00:00.03 | Mem:0.00M, Peak:0.00M | Scene, ViewLayer | Synchronizing object | Mesh39
Fra:8 Mem:60.73M (Peak 143.53M) | Time:00:00.03 | Mem:0.00M, Peak:0.00M | Scene, ViewLayer | Synchronizing object | Mesh140
Fra:8 Mem:60.76M (Peak 143.53M) | Time:00:00.03 | Mem:0.00M, Peak:0.00M | Scene, ViewLayer | Synchronizing object | Mesh40
Fra:8 Mem:60.75M (Peak 143.53M) | Time:00:00.03 | Mem:0.00M, Peak:0.00M | Scene, ViewLayer | Synchronizing object | Mesh41
Fra:8 Mem:60.90M (Peak 143.53M) | Time:00:00.03 | Mem:0.00M, Peak:0.00M | Scene, ViewLayer | Synchronizing object | Mesh139
Fra:8 Mem:60.92M (Peak 143.53M) | Time:00:00.03 | Mem:0.00M, Peak:0.00M | Scene, ViewLayer | Synchronizing object | Mesh138
Fra:8 Mem:60.82M (Peak 143.53M) | Time:00:00.03 | Mem:0.00M, Peak:0.00M | Scene, ViewLayer | Synchronizing object | Mesh42
Fra:8 Mem:60.96M (Peak 143.53M) | Time:00:00.03 | Mem:0.00M, Peak:0.00M | Scene, ViewLayer | Synchronizing object | Mesh43
Fra:8 Mem:61.05M (Peak 143.53M) | Time:00:00.03 | Mem:0.00M, Peak:0.00M | Scene, ViewLayer | Synchronizing object | Mesh44
Fra:8 Mem:61.02M (Peak 143.53M) | Time:00:00.03 | Mem:0.00M, Peak:0.00M | Scene, ViewLayer | Synchronizing object | Mesh45
Fra:8 Mem:61.01M (Peak 143.53M) | Time:00:00.03 | Mem:0.00M, Peak:0.00M | Scene, ViewLayer | Synchronizing object | Mesh137
Fra:8 Mem:61.03M (Peak 143.53M) | Time:00:00.03 | Mem:0.00M, Peak:0.00M | Scene, ViewLayer | Synchronizing object | Mesh46
Fra:8 Mem:61.08M (Peak 143.53M) | Time:00:00.03 | Mem:0.00M, Peak:0.00M | Scene, ViewLayer | Synchronizing object | Mesh47
Fra:8 Mem:61.12M (Peak 143.53M) | Time:00:00.03 | Mem:0.00M, Peak:0.00M | Scene, ViewLayer | Synchronizing object | Mesh48
Fra:8 Mem:61.19M (Peak 143.53M) | Time:00:00.03 | Mem:0.00M, Peak:0.00M | Scene, ViewLayer | Synchronizing object | Mesh49
Fra:8 Mem:61.31M (Peak 143.53M) | Time:00:00.03 | Mem:0.00M, Peak:0.00M | Scene, ViewLayer | Synchronizing object | Mesh50
Fra:8 Mem:61.32M (Peak 143.53M) | Time:00:00.03 | Mem:0.00M, Peak:0.00M | Scene, ViewLayer | Synchronizing object | Mesh51
Fra:8 Mem:61.32M (Peak 143.53M) | Time:00:00.03 | Mem:0.00M, Peak:0.00M | Scene, ViewLayer | Synchronizing object | Mesh52
Fra:8 Mem:61.26M (Peak 143.53M) | Time:00:00.03 | Mem:0.00M, Peak:0.00M | Scene, ViewLayer | Synchronizing object | Mesh53
Fra:8 Mem:61.33M (Peak 143.53M) | Time:00:00.03 | Mem:0.00M, Peak:0.00M | Scene, ViewLayer | Synchronizing object | Mesh54
Fra:8 Mem:61.23M (Peak 143.53M) | Time:00:00.03 | Mem:0.00M, Peak:0.00M | Scene, ViewLayer | Synchronizing object | Mesh136
Fra:8 Mem:61.24M (Peak 143.53M) | Time:00:00.03 | Mem:0.00M, Peak:0.00M | Scene, ViewLayer | Synchronizing object | Mesh135
Fra:8 Mem:61.30M (Peak 143.53M) | Time:00:00.03 | Mem:0.00M, Peak:0.00M | Scene, ViewLayer | Synchronizing object | Mesh55
Fra:8 Mem:61.36M (Peak 143.53M) | Time:00:00.03 | Mem:0.00M, Peak:0.00M | Scene, ViewLayer | Synchronizing object | Mesh56
Fra:8 Mem:61.36M (Peak 143.53M) | Time:00:00.03 | Mem:0.00M, Peak:0.00M | Scene, ViewLayer | Synchronizing object | Mesh57
Fra:8 Mem:61.38M (Peak 143.53M) | Time:00:00.03 | Mem:0.00M, Peak:0.00M | Scene, ViewLayer | Synchronizing object | Mesh134
Fra:8 Mem:61.38M (Peak 143.53M) | Time:00:00.03 | Mem:0.00M, Peak:0.00M | Scene, ViewLayer | Synchronizing object | Mesh58
Fra:8 Mem:61.38M (Peak 143.53M) | Time:00:00.03 | Mem:0.00M, Peak:0.00M | Scene, ViewLayer | Synchronizing object | Mesh133
Fra:8 Mem:61.41M (Peak 143.53M) | Time:00:00.03 | Mem:0.00M, Peak:0.00M | Scene, ViewLayer | Synchronizing object | Mesh132
Fra:8 Mem:61.51M (Peak 143.53M) | Time:00:00.03 | Mem:0.00M, Peak:0.00M | Scene, ViewLayer | Synchronizing object | Mesh59
Fra:8 Mem:61.49M (Peak 143.53M) | Time:00:00.03 | Mem:0.00M, Peak:0.00M | Scene, ViewLayer | Synchronizing object | Mesh131
Fra:8 Mem:61.51M (Peak 143.53M) | Time:00:00.03 | Mem:0.00M, Peak:0.00M | Scene, ViewLayer | Synchronizing object | Mesh130
Fra:8 Mem:61.55M (Peak 143.53M) | Time:00:00.03 | Mem:0.00M, Peak:0.00M | Scene, ViewLayer | Synchronizing object | Mesh129
Fra:8 Mem:61.55M (Peak 143.53M) | Time:00:00.03 | Mem:0.00M, Peak:0.00M | Scene, ViewLayer | Synchronizing object | Mesh128
Fra:8 Mem:61.51M (Peak 143.53M) | Time:00:00.03 | Mem:0.00M, Peak:0.00M | Scene, ViewLayer | Synchronizing object | Mesh127
Fra:8 Mem:61.50M (Peak 143.53M) | Time:00:00.03 | Mem:0.00M, Peak:0.00M | Scene, ViewLayer | Synchronizing object | Mesh60
Fra:8 Mem:61.62M (Peak 143.53M) | Time:00:00.03 | Mem:0.00M, Peak:0.00M | Scene, ViewLayer | Synchronizing object | Mesh126
Fra:8 Mem:61.65M (Peak 143.53M) | Time:00:00.03 | Mem:0.00M, Peak:0.00M | Scene, ViewLayer | Synchronizing object | Mesh125
Fra:8 Mem:61.66M (Peak 143.53M) | Time:00:00.03 | Mem:0.00M, Peak:0.00M | Scene, ViewLayer | Synchronizing object | Mesh61
Fra:8 Mem:61.66M (Peak 143.53M) | Time:00:00.03 | Mem:0.00M, Peak:0.00M | Scene, ViewLayer | Synchronizing object | Mesh124
Fra:8 Mem:61.71M (Peak 143.53M) | Time:00:00.03 | Mem:0.00M, Peak:0.00M | Scene, ViewLayer | Synchronizing object | Mesh123
Fra:8 Mem:61.76M (Peak 143.53M) | Time:00:00.03 | Mem:0.00M, Peak:0.00M | Scene, ViewLayer | Synchronizing object | Mesh122
Fra:8 Mem:61.80M (Peak 143.53M) | Time:00:00.03 | Mem:0.00M, Peak:0.00M | Scene, ViewLayer | Synchronizing object | Mesh121
Fra:8 Mem:61.82M (Peak 143.53M) | Time:00:00.03 | Mem:0.00M, Peak:0.00M | Scene, ViewLayer | Synchronizing object | Mesh120
Fra:8 Mem:61.97M (Peak 143.53M) | Time:00:00.03 | Mem:0.00M, Peak:0.00M | Scene, ViewLayer | Synchronizing object | Mesh119
Fra:8 Mem:62.00M (Peak 143.53M) | Time:00:00.03 | Mem:0.00M, Peak:0.00M | Scene, ViewLayer | Synchronizing object | Mesh62
Fra:8 Mem:62.04M (Peak 143.53M) | Time:00:00.03 | Mem:0.00M, Peak:0.00M | Scene, ViewLayer | Synchronizing object | Mesh63
Fra:8 Mem:62.07M (Peak 143.53M) | Time:00:00.03 | Mem:0.00M, Peak:0.00M | Scene, ViewLayer | Synchronizing object | Mesh64
Fra:8 Mem:62.02M (Peak 143.53M) | Time:00:00.03 | Mem:0.00M, Peak:0.00M | Scene, ViewLayer | Synchronizing object | Mesh65
Fra:8 Mem:62.04M (Peak 143.53M) | Time:00:00.03 | Mem:0.00M, Peak:0.00M | Scene, ViewLayer | Synchronizing object | Mesh118
Fra:8 Mem:62.07M (Peak 143.53M) | Time:00:00.03 | Mem:0.00M, Peak:0.00M | Scene, ViewLayer | Synchronizing object | Mesh117
Fra:8 Mem:62.07M (Peak 143.53M) | Time:00:00.03 | Mem:0.00M, Peak:0.00M | Scene, ViewLayer | Synchronizing object | Mesh66
Fra:8 Mem:62.08M (Peak 143.53M) | Time:00:00.03 | Mem:0.00M, Peak:0.00M | Scene, ViewLayer | Synchronizing object | Mesh67
Fra:8 Mem:62.09M (Peak 143.53M) | Time:00:00.03 | Mem:0.00M, Peak:0.00M | Scene, ViewLayer | Synchronizing object | Mesh116
Fra:8 Mem:62.18M (Peak 143.53M) | Time:00:00.03 | Mem:0.00M, Peak:0.00M | Scene, ViewLayer | Synchronizing object | Mesh115
Fra:8 Mem:62.84M (Peak 143.53M) | Time:00:00.03 | Mem:0.00M, Peak:0.00M | Scene, ViewLayer | Synchronizing object | Mesh114
Fra:8 Mem:62.68M (Peak 143.53M) | Time:00:00.03 | Mem:0.00M, Peak:0.00M | Scene, ViewLayer | Synchronizing object | Mesh68
Fra:8 Mem:62.63M (Peak 143.53M) | Time:00:00.03 | Mem:0.00M, Peak:0.00M | Scene, ViewLayer | Synchronizing object | Mesh113
Fra:8 Mem:62.71M (Peak 143.53M) | Time:00:00.03 | Mem:0.00M, Peak:0.00M | Scene, ViewLayer | Synchronizing object | Mesh112
Fra:8 Mem:62.77M (Peak 143.53M) | Time:00:00.03 | Mem:0.00M, Peak:0.00M | Scene, ViewLayer | Synchronizing object | Mesh111
Fra:8 Mem:62.82M (Peak 143.53M) | Time:00:00.03 | Mem:0.00M, Peak:0.00M | Scene, ViewLayer | Synchronizing object | Mesh69
Fra:8 Mem:63.29M (Peak 143.53M) | Time:00:00.03 | Mem:0.00M, Peak:0.00M | Scene, ViewLayer | Synchronizing object | Mesh110
Fra:8 Mem:63.29M (Peak 143.53M) | Time:00:00.03 | Mem:0.00M, Peak:0.00M | Scene, ViewLayer | Synchronizing object | Mesh109
Fra:8 Mem:63.09M (Peak 143.53M) | Time:00:00.03 | Mem:0.00M, Peak:0.00M | Scene, ViewLayer | Synchronizing object | Mesh108
Fra:8 Mem:63.07M (Peak 143.53M) | Time:00:00.03 | Mem:0.00M, Peak:0.00M | Scene, ViewLayer | Synchronizing object | Mesh70
Fra:8 Mem:63.31M (Peak 143.53M) | Time:00:00.03 | Mem:0.00M, Peak:0.00M | Scene, ViewLayer | Synchronizing object | Mesh107
Fra:8 Mem:63.28M (Peak 143.53M) | Time:00:00.03 | Mem:0.00M, Peak:0.00M | Scene, ViewLayer | Synchronizing object | Mesh71
Fra:8 Mem:63.29M (Peak 143.53M) | Time:00:00.03 | Mem:0.00M, Peak:0.00M | Scene, ViewLayer | Synchronizing object | Mesh72
Fra:8 Mem:63.43M (Peak 143.53M) | Time:00:00.03 | Mem:0.00M, Peak:0.00M | Scene, ViewLayer | Synchronizing object | Mesh106
Fra:8 Mem:64.11M (Peak 143.53M) | Time:00:00.03 | Mem:0.00M, Peak:0.00M | Scene, ViewLayer | Synchronizing object | Mesh73
Fra:8 Mem:64.09M (Peak 143.53M) | Time:00:00.03 | Mem:0.00M, Peak:0.00M | Scene, ViewLayer | Synchronizing object | Mesh74
Fra:8 Mem:63.85M (Peak 143.53M) | Time:00:00.03 | Mem:0.00M, Peak:0.00M | Scene, ViewLayer | Synchronizing object | Mesh75
Fra:8 Mem:63.86M (Peak 143.53M) | Time:00:00.03 | Mem:0.00M, Peak:0.00M | Scene, ViewLayer | Synchronizing object | Mesh76
Fra:8 Mem:63.85M (Peak 143.53M) | Time:00:00.03 | Mem:0.00M, Peak:0.00M | Scene, ViewLayer | Synchronizing object | Mesh105
Fra:8 Mem:64.11M (Peak 143.53M) | Time:00:00.03 | Mem:0.00M, Peak:0.00M | Scene, ViewLayer | Synchronizing object | Mesh77
Fra:8 Mem:64.25M (Peak 143.53M) | Time:00:00.04 | Mem:0.00M, Peak:0.00M | Scene, ViewLayer | Synchronizing object | Mesh78
Fra:8 Mem:64.25M (Peak 143.53M) | Time:00:00.04 | Mem:0.00M, Peak:0.00M | Scene, ViewLayer | Synchronizing object | Mesh79
Fra:8 Mem:64.28M (Peak 143.53M) | Time:00:00.04 | Mem:0.00M, Peak:0.00M | Scene, ViewLayer | Synchronizing object | Mesh80
Fra:8 Mem:64.28M (Peak 143.53M) | Time:00:00.04 | Mem:0.00M, Peak:0.00M | Scene, ViewLayer | Synchronizing object | Mesh81
Fra:8 Mem:64.37M (Peak 143.53M) | Time:00:00.04 | Mem:0.00M, Peak:0.00M | Scene, ViewLayer | Synchronizing object | Mesh104
Fra:8 Mem:64.39M (Peak 143.53M) | Time:00:00.04 | Mem:0.00M, Peak:0.00M | Scene, ViewLayer | Synchronizing object | Mesh103
Fra:8 Mem:64.29M (Peak 143.53M) | Time:00:00.04 | Mem:0.00M, Peak:0.00M | Scene, ViewLayer | Synchronizing object | Mesh102
Fra:8 Mem:64.32M (Peak 143.53M) | Time:00:00.04 | Mem:0.00M, Peak:0.00M | Scene, ViewLayer | Synchronizing object | Mesh101
Fra:8 Mem:64.55M (Peak 143.53M) | Time:00:00.04 | Mem:0.00M, Peak:0.00M | Scene, ViewLayer | Synchronizing object | Mesh100
Fra:8 Mem:64.45M (Peak 143.53M) | Time:00:00.04 | Mem:0.00M, Peak:0.00M | Scene, ViewLayer | Synchronizing object | Mesh82
Fra:8 Mem:64.39M (Peak 143.53M) | Time:00:00.04 | Mem:0.00M, Peak:0.00M | Scene, ViewLayer | Synchronizing object | Mesh99
Fra:8 Mem:64.50M (Peak 143.53M) | Time:00:00.04 | Mem:0.00M, Peak:0.00M | Scene, ViewLayer | Synchronizing object | Mesh83
Fra:8 Mem:64.50M (Peak 143.53M) | Time:00:00.04 | Mem:0.00M, Peak:0.00M | Scene, ViewLayer | Synchronizing object | Mesh98
Fra:8 Mem:64.52M (Peak 143.53M) | Time:00:00.04 | Mem:0.00M, Peak:0.00M | Scene, ViewLayer | Synchronizing object | Mesh97
Fra:8 Mem:64.51M (Peak 143.53M) | Time:00:00.04 | Mem:0.00M, Peak:0.00M | Scene, ViewLayer | Synchronizing object | Mesh84
Fra:8 Mem:64.51M (Peak 143.53M) | Time:00:00.04 | Mem:0.00M, Peak:0.00M | Scene, ViewLayer | Synchronizing object | Mesh96
Fra:8 Mem:64.76M (Peak 143.53M) | Time:00:00.04 | Mem:0.00M, Peak:0.00M | Scene, ViewLayer | Synchronizing object | Mesh85
Fra:8 Mem:65.00M (Peak 143.53M) | Time:00:00.04 | Mem:0.00M, Peak:0.00M | Scene, ViewLayer | Synchronizing object | Mesh86
Fra:8 Mem:65.02M (Peak 143.53M) | Time:00:00.04 | Mem:0.00M, Peak:0.00M | Scene, ViewLayer | Synchronizing object | Mesh95
Fra:8 Mem:65.19M (Peak 143.53M) | Time:00:00.04 | Mem:0.00M, Peak:0.00M | Scene, ViewLayer | Synchronizing object | Mesh94
Fra:8 Mem:65.09M (Peak 143.53M) | Time:00:00.04 | Mem:0.00M, Peak:0.00M | Scene, ViewLayer | Synchronizing object | Mesh87
Fra:8 Mem:65.08M (Peak 143.53M) | Time:00:00.04 | Mem:0.00M, Peak:0.00M | Scene, ViewLayer | Synchronizing object | Mesh88
Fra:8 Mem:65.08M (Peak 143.53M) | Time:00:00.04 | Mem:0.00M, Peak:0.00M | Scene, ViewLayer | Synchronizing object | Mesh89
Fra:8 Mem:65.09M (Peak 143.53M) | Time:00:00.04 | Mem:0.00M, Peak:0.00M | Scene, ViewLayer | Synchronizing object | Mesh90
Fra:8 Mem:65.10M (Peak 143.53M) | Time:00:00.04 | Mem:0.00M, Peak:0.00M | Scene, ViewLayer | Synchronizing object | Mesh91
Fra:8 Mem:65.12M (Peak 143.53M) | Time:00:00.04 | Mem:0.00M, Peak:0.00M | Scene, ViewLayer | Synchronizing object | Mesh92
Fra:8 Mem:65.14M (Peak 143.53M) | Time:00:00.04 | Mem:0.00M, Peak:0.00M | Scene, ViewLayer | Initializing
Fra:8 Mem:56.30M (Peak 143.53M) | Time:00:00.04 | Mem:0.00M, Peak:0.00M | Scene, ViewLayer | Waiting for render to start
Fra:8 Mem:56.31M (Peak 143.53M) | Time:00:00.04 | Mem:0.00M, Peak:0.00M | Scene, ViewLayer | Loading render kernels (may take a few minutes the first time)
Fra:8 Mem:56.31M (Peak 143.53M) | Time:00:00.04 | Mem:0.00M, Peak:0.00M | Scene, ViewLayer | Updating Scene
Fra:8 Mem:56.31M (Peak 143.53M) | Time:00:00.04 | Mem:0.00M, Peak:0.00M | Scene, ViewLayer | Updating Shaders
Fra:8 Mem:56.40M (Peak 143.53M) | Time:00:00.04 | Mem:0.02M, Peak:0.02M | Scene, ViewLayer | Updating Procedurals
Fra:8 Mem:56.40M (Peak 143.53M) | Time:00:00.04 | Mem:0.02M, Peak:0.02M | Scene, ViewLayer | Updating Background
Fra:8 Mem:56.40M (Peak 143.53M) | Time:00:00.04 | Mem:0.02M, Peak:0.02M | Scene, ViewLayer | Updating Camera
Fra:8 Mem:56.40M (Peak 143.53M) | Time:00:00.04 | Mem:0.02M, Peak:0.02M | Scene, ViewLayer | Updating Meshes Flags
Fra:8 Mem:56.40M (Peak 143.53M) | Time:00:00.04 | Mem:0.02M, Peak:0.02M | Scene, ViewLayer | Updating Objects
Fra:8 Mem:56.40M (Peak 143.53M) | Time:00:00.04 | Mem:0.02M, Peak:0.02M | Scene, ViewLayer | Updating Objects | Copying Transformations to device
Fra:8 Mem:56.44M (Peak 143.53M) | Time:00:00.04 | Mem:0.05M, Peak:0.05M | Scene, ViewLayer | Updating Objects | Applying Static Transformations
Fra:8 Mem:56.44M (Peak 143.53M) | Time:00:00.04 | Mem:0.05M, Peak:0.05M | Scene, ViewLayer | Updating Particle Systems
Fra:8 Mem:56.44M (Peak 143.53M) | Time:00:00.04 | Mem:0.05M, Peak:0.05M | Scene, ViewLayer | Updating Particle Systems | Copying Particles to device
Fra:8 Mem:56.44M (Peak 143.53M) | Time:00:00.04 | Mem:0.05M, Peak:0.05M | Scene, ViewLayer | Updating Meshes
Fra:8 Mem:57.55M (Peak 143.53M) | Time:00:00.05 | Mem:0.05M, Peak:0.05M | Scene, ViewLayer | Updating Mesh | Computing attributes
Fra:8 Mem:59.61M (Peak 143.53M) | Time:00:00.05 | Mem:0.07M, Peak:0.07M | Scene, ViewLayer | Updating Mesh | Copying Attributes to device
Fra:8 Mem:59.59M (Peak 143.53M) | Time:00:00.05 | Mem:2.10M, Peak:2.10M | Scene, ViewLayer | Updating Scene BVH | Building
Fra:8 Mem:59.59M (Peak 143.53M) | Time:00:00.05 | Mem:2.10M, Peak:2.10M | Scene, ViewLayer | Updating Scene BVH | Building BVH
Fra:8 Mem:59.59M (Peak 143.53M) | Time:00:00.05 | Mem:4.30M, Peak:4.30M | Scene, ViewLayer | Updating Scene BVH | Building BVH 0%
Fra:8 Mem:59.59M (Peak 143.53M) | Time:00:00.07 | Mem:6.93M, Peak:9.14M | Scene, ViewLayer | Updating Scene BVH | Copying BVH to device
Fra:8 Mem:59.59M (Peak 143.53M) | Time:00:00.07 | Mem:6.93M, Peak:9.14M | Scene, ViewLayer | Updating Mesh | Computing normals
Fra:8 Mem:66.39M (Peak 143.53M) | Time:00:00.07 | Mem:6.93M, Peak:9.14M | Scene, ViewLayer | Updating Mesh | Copying Mesh to device
Fra:8 Mem:66.39M (Peak 143.53M) | Time:00:00.07 | Mem:13.73M, Peak:13.73M | Scene, ViewLayer | Updating Objects Flags
Fra:8 Mem:66.39M (Peak 143.53M) | Time:00:00.07 | Mem:13.73M, Peak:13.73M | Scene, ViewLayer | Updating Primitive Offsets
Fra:8 Mem:66.39M (Peak 143.53M) | Time:00:00.07 | Mem:13.73M, Peak:13.73M | Scene, ViewLayer | Updating Images
Fra:8 Mem:66.39M (Peak 143.53M) | Time:00:00.07 | Mem:13.73M, Peak:13.73M | Scene, ViewLayer | Updating Camera Volume
Fra:8 Mem:66.39M (Peak 143.53M) | Time:00:00.07 | Mem:13.73M, Peak:13.73M | Scene, ViewLayer | Updating Lookup Tables
Fra:8 Mem:66.39M (Peak 143.53M) | Time:00:00.07 | Mem:13.81M, Peak:13.81M | Scene, ViewLayer | Updating Lights
Fra:8 Mem:66.39M (Peak 143.53M) | Time:00:00.07 | Mem:13.81M, Peak:13.81M | Scene, ViewLayer | Updating Lights | Computing tree
Fra:8 Mem:66.39M (Peak 143.53M) | Time:00:00.07 | Mem:13.81M, Peak:13.81M | Scene, ViewLayer | Updating Integrator
Fra:8 Mem:66.39M (Peak 143.53M) | Time:00:00.07 | Mem:13.81M, Peak:13.81M | Scene, ViewLayer | Updating Film
Fra:8 Mem:66.39M (Peak 143.53M) | Time:00:00.07 | Mem:13.73M, Peak:13.81M | Scene, ViewLayer | Updating Lookup Tables
Fra:8 Mem:66.39M (Peak 143.53M) | Time:00:00.07 | Mem:13.82M, Peak:13.82M | Scene, ViewLayer | Updating Baking
Fra:8 Mem:66.39M (Peak 143.53M) | Time:00:00.07 | Mem:13.82M, Peak:13.82M | Scene, ViewLayer | Updating Device | Writing constant memory
Fra:8 Mem:66.40M (Peak 143.53M) | Time:00:00.07 | Mem:13.82M, Peak:13.82M | Scene, ViewLayer | Loading denoising kernels (may take a few minutes the first time)
Fra:8 Mem:66.40M (Peak 143.53M) | Time:00:00.07 | Mem:13.82M, Peak:13.82M | Scene, ViewLayer | Sample 0/2
Fra:8 Mem:103.98M (Peak 143.53M) | Time:00:00.21 | Remaining:00:00.14 | Mem:51.39M, Peak:51.39M | Scene, ViewLayer | Sample 1/2
Fra:8 Mem:119.80M (Peak 143.53M) | Time:00:09.47 | Mem:51.39M, Peak:51.39M | Scene, ViewLayer | Sample 2/2
Fra:8 Mem:119.80M (Peak 143.53M) | Time:00:09.47 | Mem:51.39M, Peak:51.39M | Scene, ViewLayer | Finished
Append frame 8
Time: 00:09.52 (Saving: 00:00.05)

Fra:9 Mem:55.82M (Peak 143.53M) | Time:00:00.01 | Mem:0.00M, Peak:0.00M | Scene, ViewLayer | Synchronizing object | Mesh1
Fra:9 Mem:55.86M (Peak 143.53M) | Time:00:00.01 | Mem:0.00M, Peak:0.00M | Scene, ViewLayer | Synchronizing object | Mesh2
Fra:9 Mem:55.92M (Peak 143.53M) | Time:00:00.01 | Mem:0.00M, Peak:0.00M | Scene, ViewLayer | Synchronizing object | Mesh3
Fra:9 Mem:56.01M (Peak 143.53M) | Time:00:00.01 | Mem:0.00M, Peak:0.00M | Scene, ViewLayer | Synchronizing object | Mesh4
Fra:9 Mem:56.02M (Peak 143.53M) | Time:00:00.01 | Mem:0.00M, Peak:0.00M | Scene, ViewLayer | Synchronizing object | Mesh5
Fra:9 Mem:56.05M (Peak 143.53M) | Time:00:00.01 | Mem:0.00M, Peak:0.00M | Scene, ViewLayer | Synchronizing object | Mesh6
Fra:9 Mem:56.06M (Peak 143.53M) | Time:00:00.01 | Mem:0.00M, Peak:0.00M | Scene, ViewLayer | Synchronizing object | Mesh168
Fra:9 Mem:56.31M (Peak 143.53M) | Time:00:00.01 | Mem:0.00M, Peak:0.00M | Scene, ViewLayer | Synchronizing object | Mesh167
Fra:9 Mem:56.36M (Peak 143.53M) | Time:00:00.01 | Mem:0.00M, Peak:0.00M | Scene, ViewLayer | Synchronizing object | Mesh7
Fra:9 Mem:58.26M (Peak 143.53M) | Time:00:00.02 | Mem:0.00M, Peak:0.00M | Scene, ViewLayer | Synchronizing object | Mesh166
Fra:9 Mem:58.51M (Peak 143.53M) | Time:00:00.02 | Mem:0.00M, Peak:0.00M | Scene, ViewLayer | Synchronizing object | Mesh165
Fra:9 Mem:58.54M (Peak 143.53M) | Time:00:00.02 | Mem:0.00M, Peak:0.00M | Scene, ViewLayer | Synchronizing object | Mesh164
Fra:9 Mem:57.75M (Peak 143.53M) | Time:00:00.02 | Mem:0.00M, Peak:0.00M | Scene, ViewLayer | Synchronizing object | Mesh163
Fra:9 Mem:57.84M (Peak 143.53M) | Time:00:00.02 | Mem:0.00M, Peak:0.00M | Scene, ViewLayer | Synchronizing object | Mesh162
Fra:9 Mem:57.71M (Peak 143.53M) | Time:00:00.02 | Mem:0.00M, Peak:0.00M | Scene, ViewLayer | Synchronizing object | Mesh8
Fra:9 Mem:57.76M (Peak 143.53M) | Time:00:00.02 | Mem:0.00M, Peak:0.00M | Scene, ViewLayer | Synchronizing object | Mesh161
Fra:9 Mem:57.81M (Peak 143.53M) | Time:00:00.02 | Mem:0.00M, Peak:0.00M | Scene, ViewLayer | Synchronizing object | Mesh9
Fra:9 Mem:57.83M (Peak 143.53M) | Time:00:00.02 | Mem:0.00M, Peak:0.00M | Scene, ViewLayer | Synchronizing object | Mesh160
Fra:9 Mem:57.86M (Peak 143.53M) | Time:00:00.02 | Mem:0.00M, Peak:0.00M | Scene, ViewLayer | Synchronizing object | Mesh10
Fra:9 Mem:57.92M (Peak 143.53M) | Time:00:00.02 | Mem:0.00M, Peak:0.00M | Scene, ViewLayer | Synchronizing object | Mesh159
Fra:9 Mem:58.54M (Peak 143.53M) | Time:00:00.02 | Mem:0.00M, Peak:0.00M | Scene, ViewLayer | Synchronizing object | Mesh11
Fra:9 Mem:58.63M (Peak 143.53M) | Time:00:00.02 | Mem:0.00M, Peak:0.00M | Scene, ViewLayer | Synchronizing object | Mesh12
Fra:9 Mem:58.75M (Peak 143.53M) | Time:00:00.02 | Mem:0.00M, Peak:0.00M | Scene, ViewLayer | Synchronizing object | Mesh13
Fra:9 Mem:58.83M (Peak 143.53M) | Time:00:00.02 | Mem:0.00M, Peak:0.00M | Scene, ViewLayer | Synchronizing object | Mesh14
Fra:9 Mem:58.90M (Peak 143.53M) | Time:00:00.02 | Mem:0.00M, Peak:0.00M | Scene, ViewLayer | Synchronizing object | Mesh15
Fra:9 Mem:60.17M (Peak 143.53M) | Time:00:00.02 | Mem:0.00M, Peak:0.00M | Scene, ViewLayer | Synchronizing object | Mesh158
Fra:9 Mem:59.64M (Peak 143.53M) | Time:00:00.02 | Mem:0.00M, Peak:0.00M | Scene, ViewLayer | Synchronizing object | Mesh157
Fra:9 Mem:59.46M (Peak 143.53M) | Time:00:00.02 | Mem:0.00M, Peak:0.00M | Scene, ViewLayer | Synchronizing object | Mesh16
Fra:9 Mem:59.54M (Peak 143.53M) | Time:00:00.02 | Mem:0.00M, Peak:0.00M | Scene, ViewLayer | Synchronizing object | Mesh156
Fra:9 Mem:59.59M (Peak 143.53M) | Time:00:00.03 | Mem:0.00M, Peak:0.00M | Scene, ViewLayer | Synchronizing object | Mesh155
Fra:9 Mem:59.63M (Peak 143.53M) | Time:00:00.03 | Mem:0.00M, Peak:0.00M | Scene, ViewLayer | Synchronizing object | Mesh154
Fra:9 Mem:59.62M (Peak 143.53M) | Time:00:00.03 | Mem:0.00M, Peak:0.00M | Scene, ViewLayer | Synchronizing object | Mesh17
Fra:9 Mem:59.66M (Peak 143.53M) | Time:00:00.03 | Mem:0.00M, Peak:0.00M | Scene, ViewLayer | Synchronizing object | Mesh18
Fra:9 Mem:59.76M (Peak 143.53M) | Time:00:00.03 | Mem:0.00M, Peak:0.00M | Scene, ViewLayer | Synchronizing object | Mesh19
Fra:9 Mem:59.77M (Peak 143.53M) | Time:00:00.03 | Mem:0.00M, Peak:0.00M | Scene, ViewLayer | Synchronizing object | Mesh20
Fra:9 Mem:59.93M (Peak 143.53M) | Time:00:00.03 | Mem:0.00M, Peak:0.00M | Scene, ViewLayer | Synchronizing object | Mesh153
Fra:9 Mem:59.89M (Peak 143.53M) | Time:00:00.03 | Mem:0.00M, Peak:0.00M | Scene, ViewLayer | Synchronizing object | Mesh21
Fra:9 Mem:59.88M (Peak 143.53M) | Time:00:00.03 | Mem:0.00M, Peak:0.00M | Scene, ViewLayer | Synchronizing object | Mesh152
Fra:9 Mem:59.87M (Peak 143.53M) | Time:00:00.03 | Mem:0.00M, Peak:0.00M | Scene, ViewLayer | Synchronizing object | Mesh151
Fra:9 Mem:59.88M (Peak 143.53M) | Time:00:00.03 | Mem:0.00M, Peak:0.00M | Scene, ViewLayer | Synchronizing object | Mesh150
Fra:9 Mem:59.89M (Peak 143.53M) | Time:00:00.03 | Mem:0.00M, Peak:0.00M | Scene, ViewLayer | Synchronizing object | Mesh149
Fra:9 Mem:59.89M (Peak 143.53M) | Time:00:00.03 | Mem:0.00M, Peak:0.00M | Scene, ViewLayer | Synchronizing object | Mesh148
Fra:9 Mem:60.09M (Peak 143.53M) | Time:00:00.03 | Mem:0.00M, Peak:0.00M | Scene, ViewLayer | Synchronizing object | Mesh147
Fra:9 Mem:60.03M (Peak 143.53M) | Time:00:00.03 | Mem:0.00M, Peak:0.00M | Scene, ViewLayer | Synchronizing object | Mesh23
Fra:9 Mem:60.05M (Peak 143.53M) | Time:00:00.03 | Mem:0.00M, Peak:0.00M | Scene, ViewLayer | Synchronizing object | Mesh146
Fra:9 Mem:60.04M (Peak 143.53M) | Time:00:00.03 | Mem:0.00M, Peak:0.00M | Scene, ViewLayer | Synchronizing object | Mesh24
Fra:9 Mem:60.05M (Peak 143.53M) | Time:00:00.03 | Mem:0.00M, Peak:0.00M | Scene, ViewLayer | Synchronizing object | Mesh145
Fra:9 Mem:60.07M (Peak 143.53M) | Time:00:00.03 | Mem:0.00M, Peak:0.00M | Scene, ViewLayer | Synchronizing object | Mesh25
Fra:9 Mem:60.06M (Peak 143.53M) | Time:00:00.03 | Mem:0.00M, Peak:0.00M | Scene, ViewLayer | Synchronizing object | Mesh144
Fra:9 Mem:60.10M (Peak 143.53M) | Time:00:00.03 | Mem:0.00M, Peak:0.00M | Scene, ViewLayer | Synchronizing object | Mesh143
Fra:9 Mem:60.15M (Peak 143.53M) | Time:00:00.03 | Mem:0.00M, Peak:0.00M | Scene, ViewLayer | Synchronizing object | Mesh142
Fra:9 Mem:60.29M (Peak 143.53M) | Time:00:00.03 | Mem:0.00M, Peak:0.00M | Scene, ViewLayer | Synchronizing object | Mesh26
Fra:9 Mem:60.21M (Peak 143.53M) | Time:00:00.03 | Mem:0.00M, Peak:0.00M | Scene, ViewLayer | Synchronizing object | Mesh141
Fra:9 Mem:60.26M (Peak 143.53M) | Time:00:00.03 | Mem:0.00M, Peak:0.00M | Scene, ViewLayer | Synchronizing object | Mesh27
Fra:9 Mem:60.32M (Peak 143.53M) | Time:00:00.03 | Mem:0.00M, Peak:0.00M | Scene, ViewLayer | Synchronizing object | Mesh28
Fra:9 Mem:60.32M (Peak 143.53M) | Time:00:00.03 | Mem:0.00M, Peak:0.00M | Scene, ViewLayer | Synchronizing object | Mesh29
Fra:9 Mem:60.32M (Peak 143.53M) | Time:00:00.03 | Mem:0.00M, Peak:0.00M | Scene, ViewLayer | Synchronizing object | Mesh30
Fra:9 Mem:60.35M (Peak 143.53M) | Time:00:00.03 | Mem:0.00M, Peak:0.00M | Scene, ViewLayer | Synchronizing object | Mesh140
Fra:9 Mem:60.36M (Peak 143.53M) | Time:00:00.03 | Mem:0.00M, Peak:0.00M | Scene, ViewLayer | Synchronizing object | Mesh31
Fra:9 Mem:60.54M (Peak 143.53M) | Time:00:00.03 | Mem:0.00M, Peak:0.00M | Scene, ViewLayer | Synchronizing object | Mesh32
Fra:9 Mem:60.53M (Peak 143.53M) | Time:00:00.03 | Mem:0.00M, Peak:0.00M | Scene, ViewLayer | Synchronizing object | Mesh33
Fra:9 Mem:60.53M (Peak 143.53M) | Time:00:00.03 | Mem:0.00M, Peak:0.00M | Scene, ViewLayer | Synchronizing object | Mesh34
Fra:9 Mem:60.61M (Peak 143.53M) | Time:00:00.03 | Mem:0.00M, Peak:0.00M | Scene, ViewLayer | Synchronizing object | Mesh35
Fra:9 Mem:60.59M (Peak 143.53M) | Time:00:00.03 | Mem:0.00M, Peak:0.00M | Scene, ViewLayer | Synchronizing object | Mesh139
Fra:9 Mem:60.64M (Peak 143.53M) | Time:00:00.03 | Mem:0.00M, Peak:0.00M | Scene, ViewLayer | Synchronizing object | Mesh138
Fra:9 Mem:60.69M (Peak 143.53M) | Time:00:00.03 | Mem:0.00M, Peak:0.00M | Scene, ViewLayer | Synchronizing object | Mesh36
Fra:9 Mem:60.79M (Peak 143.53M) | Time:00:00.03 | Mem:0.00M, Peak:0.00M | Scene, ViewLayer | Synchronizing object | Mesh137
Fra:9 Mem:60.79M (Peak 143.53M) | Time:00:00.03 | Mem:0.00M, Peak:0.00M | Scene, ViewLayer | Synchronizing object | Mesh37
Fra:9 Mem:60.89M (Peak 143.53M) | Time:00:00.03 | Mem:0.00M, Peak:0.00M | Scene, ViewLayer | Synchronizing object | Mesh136
Fra:9 Mem:60.83M (Peak 143.53M) | Time:00:00.03 | Mem:0.00M, Peak:0.00M | Scene, ViewLayer | Synchronizing object | Mesh135
Fra:9 Mem:60.83M (Peak 143.53M) | Time:00:00.03 | Mem:0.00M, Peak:0.00M | Scene, ViewLayer | Synchronizing object | Mesh38
Fra:9 Mem:60.86M (Peak 143.53M) | Time:00:00.03 | Mem:0.00M, Peak:0.00M | Scene, ViewLayer | Synchronizing object | Mesh39
Fra:9 Mem:60.95M (Peak 143.53M) | Time:00:00.03 | Mem:0.00M, Peak:0.00M | Scene, ViewLayer | Synchronizing object | Mesh40
Fra:9 Mem:60.92M (Peak 143.53M) | Time:00:00.03 | Mem:0.00M, Peak:0.00M | Scene, ViewLayer | Synchronizing object | Mesh134
Fra:9 Mem:60.92M (Peak 143.53M) | Time:00:00.03 | Mem:0.00M, Peak:0.00M | Scene, ViewLayer | Synchronizing object | Mesh41
Fra:9 Mem:60.94M (Peak 143.53M) | Time:00:00.03 | Mem:0.00M, Peak:0.00M | Scene, ViewLayer | Synchronizing object | Mesh133
Fra:9 Mem:61.00M (Peak 143.53M) | Time:00:00.03 | Mem:0.00M, Peak:0.00M | Scene, ViewLayer | Synchronizing object | Mesh132
Fra:9 Mem:61.12M (Peak 143.53M) | Time:00:00.03 | Mem:0.00M, Peak:0.00M | Scene, ViewLayer | Synchronizing object | Mesh131
Fra:9 Mem:61.12M (Peak 143.53M) | Time:00:00.03 | Mem:0.00M, Peak:0.00M | Scene, ViewLayer | Synchronizing object | Mesh130
Fra:9 Mem:61.04M (Peak 143.53M) | Time:00:00.03 | Mem:0.00M, Peak:0.00M | Scene, ViewLayer | Synchronizing object | Mesh129
Fra:9 Mem:61.04M (Peak 143.53M) | Time:00:00.03 | Mem:0.00M, Peak:0.00M | Scene, ViewLayer | Synchronizing object | Mesh42
Fra:9 Mem:61.08M (Peak 143.53M) | Time:00:00.03 | Mem:0.00M, Peak:0.00M | Scene, ViewLayer | Synchronizing object | Mesh128
Fra:9 Mem:61.16M (Peak 143.53M) | Time:00:00.03 | Mem:0.00M, Peak:0.00M | Scene, ViewLayer | Synchronizing object | Mesh127
Fra:9 Mem:61.16M (Peak 143.53M) | Time:00:00.03 | Mem:0.00M, Peak:0.00M | Scene, ViewLayer | Synchronizing object | Mesh43
Fra:9 Mem:61.18M (Peak 143.53M) | Time:00:00.03 | Mem:0.00M, Peak:0.00M | Scene, ViewLayer | Synchronizing object | Mesh126
Fra:9 Mem:61.19M (Peak 143.53M) | Time:00:00.03 | Mem:0.00M, Peak:0.00M | Scene, ViewLayer | Synchronizing object | Mesh44
Fra:9 Mem:61.19M (Peak 143.53M) | Time:00:00.03 | Mem:0.00M, Peak:0.00M | Scene, ViewLayer | Synchronizing object | Mesh45
Fra:9 Mem:61.20M (Peak 143.53M) | Time:00:00.03 | Mem:0.00M, Peak:0.00M | Scene, ViewLayer | Synchronizing object | Mesh125
Fra:9 Mem:61.21M (Peak 143.53M) | Time:00:00.03 | Mem:0.00M, Peak:0.00M | Scene, ViewLayer | Synchronizing object | Mesh46
Fra:9 Mem:61.23M (Peak 143.53M) | Time:00:00.03 | Mem:0.00M, Peak:0.00M | Scene, ViewLayer | Synchronizing object | Mesh47
Fra:9 Mem:61.23M (Peak 143.53M) | Time:00:00.03 | Mem:0.00M, Peak:0.00M | Scene, ViewLayer | Synchronizing object | Mesh48
Fra:9 Mem:61.23M (Peak 143.53M) | Time:00:00.03 | Mem:0.00M, Peak:0.00M | Scene, ViewLayer | Synchronizing object | Mesh124
Fra:9 Mem:61.27M (Peak 143.53M) | Time:00:00.03 | Mem:0.00M, Peak:0.00M | Scene, ViewLayer | Synchronizing object | Mesh123
Fra:9 Mem:61.27M (Peak 143.53M) | Time:00:00.03 | Mem:0.00M, Peak:0.00M | Scene, ViewLayer | Synchronizing object | Mesh49
Fra:9 Mem:61.31M (Peak 143.53M) | Time:00:00.03 | Mem:0.00M, Peak:0.00M | Scene, ViewLayer | Synchronizing object | Mesh122
Fra:9 Mem:61.33M (Peak 143.53M) | Time:00:00.03 | Mem:0.00M, Peak:0.00M | Scene, ViewLayer | Synchronizing object | Mesh50
Fra:9 Mem:61.33M (Peak 143.53M) | Time:00:00.03 | Mem:0.00M, Peak:0.00M | Scene, ViewLayer | Synchronizing object | Mesh121
Fra:9 Mem:61.35M (Peak 143.53M) | Time:00:00.03 | Mem:0.00M, Peak:0.00M | Scene, ViewLayer | Synchronizing object | Mesh51
Fra:9 Mem:61.35M (Peak 143.53M) | Time:00:00.03 | Mem:0.00M, Peak:0.00M | Scene, ViewLayer | Synchronizing object | Mesh120
Fra:9 Mem:61.35M (Peak 143.53M) | Time:00:00.03 | Mem:0.00M, Peak:0.00M | Scene, ViewLayer | Synchronizing object | Mesh52
Fra:9 Mem:61.37M (Peak 143.53M) | Time:00:00.03 | Mem:0.00M, Peak:0.00M | Scene, ViewLayer | Synchronizing object | Mesh53
Fra:9 Mem:61.37M (Peak 143.53M) | Time:00:00.03 | Mem:0.00M, Peak:0.00M | Scene, ViewLayer | Synchronizing object | Mesh119
Fra:9 Mem:61.38M (Peak 143.53M) | Time:00:00.03 | Mem:0.00M, Peak:0.00M | Scene, ViewLayer | Synchronizing object | Mesh54
Fra:9 Mem:61.50M (Peak 143.53M) | Time:00:00.03 | Mem:0.00M, Peak:0.00M | Scene, ViewLayer | Synchronizing object | Mesh55
Fra:9 Mem:61.53M (Peak 143.53M) | Time:00:00.03 | Mem:0.00M, Peak:0.00M | Scene, ViewLayer | Synchronizing object | Mesh56
Fra:9 Mem:61.53M (Peak 143.53M) | Time:00:00.03 | Mem:0.00M, Peak:0.00M | Scene, ViewLayer | Synchronizing object | Mesh57
Fra:9 Mem:61.71M (Peak 143.53M) | Time:00:00.03 | Mem:0.00M, Peak:0.00M | Scene, ViewLayer | Synchronizing object | Mesh58
Fra:9 Mem:61.74M (Peak 143.53M) | Time:00:00.03 | Mem:0.00M, Peak:0.00M | Scene, ViewLayer | Synchronizing object | Mesh59
Fra:9 Mem:61.65M (Peak 143.53M) | Time:00:00.03 | Mem:0.00M, Peak:0.00M | Scene, ViewLayer | Synchronizing object | Mesh118
Fra:9 Mem:61.70M (Peak 143.53M) | Time:00:00.03 | Mem:0.00M, Peak:0.00M | Scene, ViewLayer | Synchronizing object | Mesh117
Fra:9 Mem:61.66M (Peak 143.53M) | Time:00:00.03 | Mem:0.00M, Peak:0.00M | Scene, ViewLayer | Synchronizing object | Mesh60
Fra:9 Mem:61.65M (Peak 143.53M) | Time:00:00.03 | Mem:0.00M, Peak:0.00M | Scene, ViewLayer | Synchronizing object | Mesh116
Fra:9 Mem:61.76M (Peak 143.53M) | Time:00:00.03 | Mem:0.00M, Peak:0.00M | Scene, ViewLayer | Synchronizing object | Mesh115
Fra:9 Mem:61.91M (Peak 143.53M) | Time:00:00.03 | Mem:0.00M, Peak:0.00M | Scene, ViewLayer | Synchronizing object | Mesh61
Fra:9 Mem:62.43M (Peak 143.53M) | Time:00:00.03 | Mem:0.00M, Peak:0.00M | Scene, ViewLayer | Synchronizing object | Mesh114
Fra:9 Mem:62.31M (Peak 143.53M) | Time:00:00.03 | Mem:0.00M, Peak:0.00M | Scene, ViewLayer | Synchronizing object | Mesh113
Fra:9 Mem:62.28M (Peak 143.53M) | Time:00:00.03 | Mem:0.00M, Peak:0.00M | Scene, ViewLayer | Synchronizing object | Mesh62
Fra:9 Mem:62.33M (Peak 143.53M) | Time:00:00.03 | Mem:0.00M, Peak:0.00M | Scene, ViewLayer | Synchronizing object | Mesh63
Fra:9 Mem:62.32M (Peak 143.53M) | Time:00:00.03 | Mem:0.00M, Peak:0.00M | Scene, ViewLayer | Synchronizing object | Mesh112
Fra:9 Mem:62.37M (Peak 143.53M) | Time:00:00.03 | Mem:0.00M, Peak:0.00M | Scene, ViewLayer | Synchronizing object | Mesh64
Fra:9 Mem:62.42M (Peak 143.53M) | Time:00:00.03 | Mem:0.00M, Peak:0.00M | Scene, ViewLayer | Synchronizing object | Mesh111
Fra:9 Mem:62.45M (Peak 143.53M) | Time:00:00.03 | Mem:0.00M, Peak:0.00M | Scene, ViewLayer | Synchronizing object | Mesh65
Fra:9 Mem:62.60M (Peak 143.53M) | Time:00:00.03 | Mem:0.00M, Peak:0.00M | Scene, ViewLayer | Synchronizing object | Mesh66
Fra:9 Mem:62.61M (Peak 143.53M) | Time:00:00.03 | Mem:0.00M, Peak:0.00M | Scene, ViewLayer | Synchronizing object | Mesh67
Fra:9 Mem:62.91M (Peak 143.53M) | Time:00:00.03 | Mem:0.00M, Peak:0.00M | Scene, ViewLayer | Synchronizing object | Mesh110
Fra:9 Mem:62.78M (Peak 143.53M) | Time:00:00.03 | Mem:0.00M, Peak:0.00M | Scene, ViewLayer | Synchronizing object | Mesh68
Fra:9 Mem:62.89M (Peak 143.53M) | Time:00:00.03 | Mem:0.00M, Peak:0.00M | Scene, ViewLayer | Synchronizing object | Mesh109
Fra:9 Mem:62.89M (Peak 143.53M) | Time:00:00.03 | Mem:0.00M, Peak:0.00M | Scene, ViewLayer | Synchronizing object | Mesh108
Fra:9 Mem:62.83M (Peak 143.53M) | Time:00:00.03 | Mem:0.00M, Peak:0.00M | Scene, ViewLayer | Synchronizing object | Mesh69
Fra:9 Mem:63.06M (Peak 143.53M) | Time:00:00.03 | Mem:0.00M, Peak:0.00M | Scene, ViewLayer | Synchronizing object | Mesh107
Fra:9 Mem:63.14M (Peak 143.53M) | Time:00:00.03 | Mem:0.00M, Peak:0.00M | Scene, ViewLayer | Synchronizing object | Mesh106
Fra:9 Mem:63.39M (Peak 143.53M) | Time:00:00.03 | Mem:0.00M, Peak:0.00M | Scene, ViewLayer | Synchronizing object | Mesh70
Fra:9 Mem:63.86M (Peak 143.53M) | Time:00:00.03 | Mem:0.00M, Peak:0.00M | Scene, ViewLayer | Synchronizing object | Mesh71
Fra:9 Mem:63.88M (Peak 143.53M) | Time:00:00.03 | Mem:0.00M, Peak:0.00M | Scene, ViewLayer | Synchronizing object | Mesh72
Fra:9 Mem:64.12M (Peak 143.53M) | Time:00:00.04 | Mem:0.00M, Peak:0.00M | Scene, ViewLayer | Synchronizing object | Mesh105
Fra:9 Mem:63.90M (Peak 143.53M) | Time:00:00.04 | Mem:0.00M, Peak:0.00M | Scene, ViewLayer | Synchronizing object | Mesh73
Fra:9 Mem:63.91M (Peak 143.53M) | Time:00:00.04 | Mem:0.00M, Peak:0.00M | Scene, ViewLayer | Synchronizing object | Mesh103
Fra:9 Mem:64.01M (Peak 143.53M) | Time:00:00.04 | Mem:0.00M, Peak:0.00M | Scene, ViewLayer | Synchronizing object | Mesh74
Fra:9 Mem:63.98M (Peak 143.53M) | Time:00:00.04 | Mem:0.00M, Peak:0.00M | Scene, ViewLayer | Synchronizing object | Mesh102
Fra:9 Mem:63.99M (Peak 143.53M) | Time:00:00.04 | Mem:0.00M, Peak:0.00M | Scene, ViewLayer | Synchronizing object | Mesh75
Fra:9 Mem:64.00M (Peak 143.53M) | Time:00:00.04 | Mem:0.00M, Peak:0.00M | Scene, ViewLayer | Synchronizing object | Mesh76
Fra:9 Mem:64.03M (Peak 143.53M) | Time:00:00.04 | Mem:0.00M, Peak:0.00M | Scene, ViewLayer | Synchronizing object | Mesh101
Fra:9 Mem:64.08M (Peak 143.53M) | Time:00:00.04 | Mem:0.00M, Peak:0.00M | Scene, ViewLayer | Synchronizing object | Mesh100
Fra:9 Mem:64.17M (Peak 143.53M) | Time:00:00.04 | Mem:0.00M, Peak:0.00M | Scene, ViewLayer | Synchronizing object | Mesh77
Fra:9 Mem:64.24M (Peak 143.53M) | Time:00:00.04 | Mem:0.00M, Peak:0.00M | Scene, ViewLayer | Synchronizing object | Mesh78
Fra:9 Mem:64.19M (Peak 143.53M) | Time:00:00.04 | Mem:0.00M, Peak:0.00M | Scene, ViewLayer | Synchronizing object | Mesh79
Fra:9 Mem:64.17M (Peak 143.53M) | Time:00:00.04 | Mem:0.00M, Peak:0.00M | Scene, ViewLayer | Synchronizing object | Mesh99
Fra:9 Mem:64.30M (Peak 143.53M) | Time:00:00.04 | Mem:0.00M, Peak:0.00M | Scene, ViewLayer | Synchronizing object | Mesh80
Fra:9 Mem:64.30M (Peak 143.53M) | Time:00:00.04 | Mem:0.00M, Peak:0.00M | Scene, ViewLayer | Synchronizing object | Mesh81
Fra:9 Mem:64.28M (Peak 143.53M) | Time:00:00.04 | Mem:0.00M, Peak:0.00M | Scene, ViewLayer | Synchronizing object | Mesh98
Fra:9 Mem:64.58M (Peak 143.53M) | Time:00:00.04 | Mem:0.00M, Peak:0.00M | Scene, ViewLayer | Synchronizing object | Mesh97
Fra:9 Mem:64.59M (Peak 143.53M) | Time:00:00.04 | Mem:0.00M, Peak:0.00M | Scene, ViewLayer | Synchronizing object | Mesh96
Fra:9 Mem:64.74M (Peak 143.53M) | Time:00:00.04 | Mem:0.00M, Peak:0.00M | Scene, ViewLayer | Synchronizing object | Mesh95
Fra:9 Mem:64.67M (Peak 143.53M) | Time:00:00.04 | Mem:0.00M, Peak:0.00M | Scene, ViewLayer | Synchronizing object | Mesh94
Fra:9 Mem:64.57M (Peak 143.53M) | Time:00:00.04 | Mem:0.00M, Peak:0.00M | Scene, ViewLayer | Synchronizing object | Mesh82
Fra:9 Mem:64.57M (Peak 143.53M) | Time:00:00.04 | Mem:0.00M, Peak:0.00M | Scene, ViewLayer | Synchronizing object | Mesh93
Fra:9 Mem:64.63M (Peak 143.53M) | Time:00:00.04 | Mem:0.00M, Peak:0.00M | Scene, ViewLayer | Synchronizing object | Mesh92
Fra:9 Mem:64.70M (Peak 143.53M) | Time:00:00.04 | Mem:0.00M, Peak:0.00M | Scene, ViewLayer | Synchronizing object | Mesh91
Fra:9 Mem:64.70M (Peak 143.53M) | Time:00:00.04 | Mem:0.00M, Peak:0.00M | Scene, ViewLayer | Synchronizing object | Mesh90
Fra:9 Mem:64.71M (Peak 143.53M) | Time:00:00.04 | Mem:0.00M, Peak:0.00M | Scene, ViewLayer | Synchronizing object | Mesh89
Fra:9 Mem:64.67M (Peak 143.53M) | Time:00:00.04 | Mem:0.00M, Peak:0.00M | Scene, ViewLayer | Synchronizing object | Mesh88
Fra:9 Mem:64.66M (Peak 143.53M) | Time:00:00.04 | Mem:0.00M, Peak:0.00M | Scene, ViewLayer | Synchronizing object | Mesh83
Fra:9 Mem:64.67M (Peak 143.53M) | Time:00:00.04 | Mem:0.00M, Peak:0.00M | Scene, ViewLayer | Synchronizing object | Mesh87
Fra:9 Mem:64.78M (Peak 143.53M) | Time:00:00.04 | Mem:0.00M, Peak:0.00M | Scene, ViewLayer | Synchronizing object | Mesh86
Fra:9 Mem:64.82M (Peak 143.53M) | Time:00:00.04 | Mem:0.00M, Peak:0.00M | Scene, ViewLayer | Synchronizing object | Mesh84
Fra:9 Mem:65.10M (Peak 143.53M) | Time:00:00.04 | Mem:0.00M, Peak:0.00M | Scene, ViewLayer | Synchronizing object | Mesh85
Fra:9 Mem:65.14M (Peak 143.53M) | Time:00:00.04 | Mem:0.00M, Peak:0.00M | Scene, ViewLayer | Initializing
Fra:9 Mem:56.30M (Peak 143.53M) | Time:00:00.05 | Mem:0.00M, Peak:0.00M | Scene, ViewLayer | Waiting for render to start
Fra:9 Mem:56.31M (Peak 143.53M) | Time:00:00.05 | Mem:0.00M, Peak:0.00M | Scene, ViewLayer | Loading render kernels (may take a few minutes the first time)
Fra:9 Mem:56.31M (Peak 143.53M) | Time:00:00.05 | Mem:0.00M, Peak:0.00M | Scene, ViewLayer | Updating Scene
Fra:9 Mem:56.31M (Peak 143.53M) | Time:00:00.05 | Mem:0.00M, Peak:0.00M | Scene, ViewLayer | Updating Shaders
Fra:9 Mem:56.40M (Peak 143.53M) | Time:00:00.05 | Mem:0.02M, Peak:0.02M | Scene, ViewLayer | Updating Procedurals
Fra:9 Mem:56.40M (Peak 143.53M) | Time:00:00.05 | Mem:0.02M, Peak:0.02M | Scene, ViewLayer | Updating Background
Fra:9 Mem:56.40M (Peak 143.53M) | Time:00:00.05 | Mem:0.02M, Peak:0.02M | Scene, ViewLayer | Updating Camera
Fra:9 Mem:56.40M (Peak 143.53M) | Time:00:00.05 | Mem:0.02M, Peak:0.02M | Scene, ViewLayer | Updating Meshes Flags
Fra:9 Mem:56.40M (Peak 143.53M) | Time:00:00.05 | Mem:0.02M, Peak:0.02M | Scene, ViewLayer | Updating Objects
Fra:9 Mem:56.40M (Peak 143.53M) | Time:00:00.05 | Mem:0.02M, Peak:0.02M | Scene, ViewLayer | Updating Objects | Copying Transformations to device
Fra:9 Mem:56.44M (Peak 143.53M) | Time:00:00.05 | Mem:0.05M, Peak:0.05M | Scene, ViewLayer | Updating Objects | Applying Static Transformations
Fra:9 Mem:56.44M (Peak 143.53M) | Time:00:00.05 | Mem:0.05M, Peak:0.05M | Scene, ViewLayer | Updating Particle Systems
Fra:9 Mem:56.44M (Peak 143.53M) | Time:00:00.05 | Mem:0.05M, Peak:0.05M | Scene, ViewLayer | Updating Particle Systems | Copying Particles to device
Fra:9 Mem:56.44M (Peak 143.53M) | Time:00:00.05 | Mem:0.05M, Peak:0.05M | Scene, ViewLayer | Updating Meshes
Fra:9 Mem:57.55M (Peak 143.53M) | Time:00:00.05 | Mem:0.05M, Peak:0.05M | Scene, ViewLayer | Updating Mesh | Computing attributes
Fra:9 Mem:59.61M (Peak 143.53M) | Time:00:00.05 | Mem:0.07M, Peak:0.07M | Scene, ViewLayer | Updating Mesh | Copying Attributes to device
Fra:9 Mem:59.59M (Peak 143.53M) | Time:00:00.05 | Mem:2.10M, Peak:2.10M | Scene, ViewLayer | Updating Scene BVH | Building
Fra:9 Mem:59.59M (Peak 143.53M) | Time:00:00.05 | Mem:2.10M, Peak:2.10M | Scene, ViewLayer | Updating Scene BVH | Building BVH
Fra:9 Mem:59.59M (Peak 143.53M) | Time:00:00.05 | Mem:4.30M, Peak:4.30M | Scene, ViewLayer | Updating Scene BVH | Building BVH 0%
Fra:9 Mem:59.59M (Peak 143.53M) | Time:00:00.07 | Mem:6.93M, Peak:9.14M | Scene, ViewLayer | Updating Scene BVH | Copying BVH to device
Fra:9 Mem:59.59M (Peak 143.53M) | Time:00:00.07 | Mem:6.93M, Peak:9.14M | Scene, ViewLayer | Updating Mesh | Computing normals
Fra:9 Mem:66.39M (Peak 143.53M) | Time:00:00.07 | Mem:6.93M, Peak:9.14M | Scene, ViewLayer | Updating Mesh | Copying Mesh to device
Fra:9 Mem:66.39M (Peak 143.53M) | Time:00:00.07 | Mem:13.73M, Peak:13.73M | Scene, ViewLayer | Updating Objects Flags
Fra:9 Mem:66.39M (Peak 143.53M) | Time:00:00.07 | Mem:13.73M, Peak:13.73M | Scene, ViewLayer | Updating Primitive Offsets
Fra:9 Mem:66.39M (Peak 143.53M) | Time:00:00.07 | Mem:13.73M, Peak:13.73M | Scene, ViewLayer | Updating Images
Fra:9 Mem:66.39M (Peak 143.53M) | Time:00:00.07 | Mem:13.73M, Peak:13.73M | Scene, ViewLayer | Updating Camera Volume
Fra:9 Mem:66.39M (Peak 143.53M) | Time:00:00.07 | Mem:13.73M, Peak:13.73M | Scene, ViewLayer | Updating Lookup Tables
Fra:9 Mem:66.39M (Peak 143.53M) | Time:00:00.07 | Mem:13.81M, Peak:13.81M | Scene, ViewLayer | Updating Lights
Fra:9 Mem:66.39M (Peak 143.53M) | Time:00:00.07 | Mem:13.81M, Peak:13.81M | Scene, ViewLayer | Updating Lights | Computing tree
Fra:9 Mem:66.39M (Peak 143.53M) | Time:00:00.07 | Mem:13.81M, Peak:13.81M | Scene, ViewLayer | Updating Integrator
Fra:9 Mem:66.39M (Peak 143.53M) | Time:00:00.07 | Mem:13.81M, Peak:13.81M | Scene, ViewLayer | Updating Film
Fra:9 Mem:66.39M (Peak 143.53M) | Time:00:00.07 | Mem:13.73M, Peak:13.81M | Scene, ViewLayer | Updating Lookup Tables
Fra:9 Mem:66.39M (Peak 143.53M) | Time:00:00.07 | Mem:13.82M, Peak:13.82M | Scene, ViewLayer | Updating Baking
Fra:9 Mem:66.39M (Peak 143.53M) | Time:00:00.07 | Mem:13.82M, Peak:13.82M | Scene, ViewLayer | Updating Device | Writing constant memory
Fra:9 Mem:66.40M (Peak 143.53M) | Time:00:00.07 | Mem:13.82M, Peak:13.82M | Scene, ViewLayer | Loading denoising kernels (may take a few minutes the first time)
Fra:9 Mem:66.40M (Peak 143.53M) | Time:00:00.07 | Mem:13.82M, Peak:13.82M | Scene, ViewLayer | Sample 0/2
Fra:9 Mem:103.98M (Peak 143.53M) | Time:00:00.24 | Remaining:00:00.17 | Mem:51.39M, Peak:51.39M | Scene, ViewLayer | Sample 1/2
Fra:9 Mem:119.80M (Peak 143.53M) | Time:00:09.50 | Mem:51.39M, Peak:51.39M | Scene, ViewLayer | Sample 2/2
Fra:9 Mem:119.80M (Peak 143.53M) | Time:00:09.50 | Mem:51.39M, Peak:51.39M | Scene, ViewLayer | Finished
Append frame 9
Time: 00:09.56 (Saving: 00:00.05)

Fra:10 Mem:55.82M (Peak 143.53M) | Time:00:00.01 | Mem:0.00M, Peak:0.00M | Scene, ViewLayer | Synchronizing object | Mesh1
Fra:10 Mem:55.86M (Peak 143.53M) | Time:00:00.01 | Mem:0.00M, Peak:0.00M | Scene, ViewLayer | Synchronizing object | Mesh2
Fra:10 Mem:55.92M (Peak 143.53M) | Time:00:00.01 | Mem:0.00M, Peak:0.00M | Scene, ViewLayer | Synchronizing object | Mesh3
Fra:10 Mem:56.01M (Peak 143.53M) | Time:00:00.01 | Mem:0.00M, Peak:0.00M | Scene, ViewLayer | Synchronizing object | Mesh4
Fra:10 Mem:56.04M (Peak 143.53M) | Time:00:00.01 | Mem:0.00M, Peak:0.00M | Scene, ViewLayer | Synchronizing object | Mesh168
Fra:10 Mem:56.03M (Peak 143.53M) | Time:00:00.01 | Mem:0.00M, Peak:0.00M | Scene, ViewLayer | Synchronizing object | Mesh5
Fra:10 Mem:56.11M (Peak 143.53M) | Time:00:00.01 | Mem:0.00M, Peak:0.00M | Scene, ViewLayer | Synchronizing object | Mesh6
Fra:10 Mem:56.22M (Peak 143.53M) | Time:00:00.01 | Mem:0.00M, Peak:0.00M | Scene, ViewLayer | Synchronizing object | Mesh167
Fra:10 Mem:56.61M (Peak 143.53M) | Time:00:00.01 | Mem:0.00M, Peak:0.00M | Scene, ViewLayer | Synchronizing object | Mesh7
Fra:10 Mem:58.45M (Peak 143.53M) | Time:00:00.02 | Mem:0.00M, Peak:0.00M | Scene, ViewLayer | Synchronizing object | Mesh166
Fra:10 Mem:57.72M (Peak 143.53M) | Time:00:00.02 | Mem:0.00M, Peak:0.00M | Scene, ViewLayer | Synchronizing object | Mesh165
Fra:10 Mem:57.74M (Peak 143.53M) | Time:00:00.02 | Mem:0.00M, Peak:0.00M | Scene, ViewLayer | Synchronizing object | Mesh164
Fra:10 Mem:57.75M (Peak 143.53M) | Time:00:00.02 | Mem:0.00M, Peak:0.00M | Scene, ViewLayer | Synchronizing object | Mesh163
Fra:10 Mem:57.61M (Peak 143.53M) | Time:00:00.02 | Mem:0.00M, Peak:0.00M | Scene, ViewLayer | Synchronizing object | Mesh8
Fra:10 Mem:57.69M (Peak 143.53M) | Time:00:00.02 | Mem:0.00M, Peak:0.00M | Scene, ViewLayer | Synchronizing object | Mesh162
Fra:10 Mem:57.84M (Peak 143.53M) | Time:00:00.02 | Mem:0.00M, Peak:0.00M | Scene, ViewLayer | Synchronizing object | Mesh9
Fra:10 Mem:57.82M (Peak 143.53M) | Time:00:00.02 | Mem:0.00M, Peak:0.00M | Scene, ViewLayer | Synchronizing object | Mesh161
Fra:10 Mem:57.83M (Peak 143.53M) | Time:00:00.02 | Mem:0.00M, Peak:0.00M | Scene, ViewLayer | Synchronizing object | Mesh10
Fra:10 Mem:57.95M (Peak 143.53M) | Time:00:00.02 | Mem:0.00M, Peak:0.00M | Scene, ViewLayer | Synchronizing object | Mesh160
Fra:10 Mem:57.93M (Peak 143.53M) | Time:00:00.02 | Mem:0.00M, Peak:0.00M | Scene, ViewLayer | Synchronizing object | Mesh11
Fra:10 Mem:57.96M (Peak 143.53M) | Time:00:00.02 | Mem:0.00M, Peak:0.00M | Scene, ViewLayer | Synchronizing object | Mesh159
Fra:10 Mem:58.01M (Peak 143.53M) | Time:00:00.02 | Mem:0.00M, Peak:0.00M | Scene, ViewLayer | Synchronizing object | Mesh12
Fra:10 Mem:58.18M (Peak 143.53M) | Time:00:00.02 | Mem:0.00M, Peak:0.00M | Scene, ViewLayer | Synchronizing object | Mesh13
Fra:10 Mem:58.21M (Peak 143.53M) | Time:00:00.02 | Mem:0.00M, Peak:0.00M | Scene, ViewLayer | Synchronizing object | Mesh14
Fra:10 Mem:58.27M (Peak 143.53M) | Time:00:00.02 | Mem:0.00M, Peak:0.00M | Scene, ViewLayer | Synchronizing object | Mesh15
Fra:10 Mem:59.56M (Peak 143.53M) | Time:00:00.02 | Mem:0.00M, Peak:0.00M | Scene, ViewLayer | Synchronizing object | Mesh158
Fra:10 Mem:59.38M (Peak 143.53M) | Time:00:00.02 | Mem:0.00M, Peak:0.00M | Scene, ViewLayer | Synchronizing object | Mesh16
Fra:10 Mem:59.64M (Peak 143.53M) | Time:00:00.02 | Mem:0.00M, Peak:0.00M | Scene, ViewLayer | Synchronizing object | Mesh17
Fra:10 Mem:59.66M (Peak 143.53M) | Time:00:00.02 | Mem:0.00M, Peak:0.00M | Scene, ViewLayer | Synchronizing object | Mesh18
Fra:10 Mem:59.65M (Peak 143.53M) | Time:00:00.02 | Mem:0.00M, Peak:0.00M | Scene, ViewLayer | Synchronizing object | Mesh19
Fra:10 Mem:59.67M (Peak 143.53M) | Time:00:00.02 | Mem:0.00M, Peak:0.00M | Scene, ViewLayer | Synchronizing object | Mesh20
Fra:10 Mem:59.64M (Peak 143.53M) | Time:00:00.02 | Mem:0.00M, Peak:0.00M | Scene, ViewLayer | Synchronizing object | Mesh157
Fra:10 Mem:59.67M (Peak 143.53M) | Time:00:00.02 | Mem:0.00M, Peak:0.00M | Scene, ViewLayer | Synchronizing object | Mesh156
Fra:10 Mem:59.71M (Peak 143.53M) | Time:00:00.02 | Mem:0.00M, Peak:0.00M | Scene, ViewLayer | Synchronizing object | Mesh155
Fra:10 Mem:59.87M (Peak 143.53M) | Time:00:00.02 | Mem:0.00M, Peak:0.00M | Scene, ViewLayer | Synchronizing object | Mesh154
Fra:10 Mem:59.84M (Peak 143.53M) | Time:00:00.02 | Mem:0.00M, Peak:0.00M | Scene, ViewLayer | Synchronizing object | Mesh21
Fra:10 Mem:59.92M (Peak 143.53M) | Time:00:00.03 | Mem:0.00M, Peak:0.00M | Scene, ViewLayer | Synchronizing object | Mesh22
Fra:10 Mem:59.91M (Peak 143.53M) | Time:00:00.03 | Mem:0.00M, Peak:0.00M | Scene, ViewLayer | Synchronizing object | Mesh153
Fra:10 Mem:60.01M (Peak 143.53M) | Time:00:00.03 | Mem:0.00M, Peak:0.00M | Scene, ViewLayer | Synchronizing object | Mesh152
Fra:10 Mem:60.01M (Peak 143.53M) | Time:00:00.03 | Mem:0.00M, Peak:0.00M | Scene, ViewLayer | Synchronizing object | Mesh151
Fra:10 Mem:59.94M (Peak 143.53M) | Time:00:00.03 | Mem:0.00M, Peak:0.00M | Scene, ViewLayer | Synchronizing object | Mesh23
Fra:10 Mem:59.94M (Peak 143.53M) | Time:00:00.03 | Mem:0.00M, Peak:0.00M | Scene, ViewLayer | Synchronizing object | Mesh150
Fra:10 Mem:59.98M (Peak 143.53M) | Time:00:00.03 | Mem:0.00M, Peak:0.00M | Scene, ViewLayer | Synchronizing object | Mesh149
Fra:10 Mem:59.98M (Peak 143.53M) | Time:00:00.03 | Mem:0.00M, Peak:0.00M | Scene, ViewLayer | Synchronizing object | Mesh24
Fra:10 Mem:59.98M (Peak 143.53M) | Time:00:00.03 | Mem:0.00M, Peak:0.00M | Scene, ViewLayer | Synchronizing object | Mesh148
Fra:10 Mem:60.04M (Peak 143.53M) | Time:00:00.03 | Mem:0.00M, Peak:0.00M | Scene, ViewLayer | Synchronizing object | Mesh25
Fra:10 Mem:60.19M (Peak 143.53M) | Time:00:00.03 | Mem:0.00M, Peak:0.00M | Scene, ViewLayer | Synchronizing object | Mesh147
Fra:10 Mem:60.19M (Peak 143.53M) | Time:00:00.03 | Mem:0.00M, Peak:0.00M | Scene, ViewLayer | Synchronizing object | Mesh146
Fra:10 Mem:60.11M (Peak 143.53M) | Time:00:00.03 | Mem:0.00M, Peak:0.00M | Scene, ViewLayer | Synchronizing object | Mesh145
Fra:10 Mem:60.12M (Peak 143.53M) | Time:00:00.03 | Mem:0.00M, Peak:0.00M | Scene, ViewLayer | Synchronizing object | Mesh26
Fra:10 Mem:60.15M (Peak 143.53M) | Time:00:00.03 | Mem:0.00M, Peak:0.00M | Scene, ViewLayer | Synchronizing object | Mesh144
Fra:10 Mem:60.15M (Peak 143.53M) | Time:00:00.03 | Mem:0.00M, Peak:0.00M | Scene, ViewLayer | Synchronizing object | Mesh143
Fra:10 Mem:60.18M (Peak 143.53M) | Time:00:00.03 | Mem:0.00M, Peak:0.00M | Scene, ViewLayer | Synchronizing object | Mesh142
Fra:10 Mem:60.21M (Peak 143.53M) | Time:00:00.03 | Mem:0.00M, Peak:0.00M | Scene, ViewLayer | Synchronizing object | Mesh27
Fra:10 Mem:60.25M (Peak 143.53M) | Time:00:00.03 | Mem:0.00M, Peak:0.00M | Scene, ViewLayer | Synchronizing object | Mesh28
Fra:10 Mem:60.26M (Peak 143.53M) | Time:00:00.03 | Mem:0.00M, Peak:0.00M | Scene, ViewLayer | Synchronizing object | Mesh29
Fra:10 Mem:60.27M (Peak 143.53M) | Time:00:00.03 | Mem:0.00M, Peak:0.00M | Scene, ViewLayer | Synchronizing object | Mesh30
Fra:10 Mem:60.41M (Peak 143.53M) | Time:00:00.03 | Mem:0.00M, Peak:0.00M | Scene, ViewLayer | Synchronizing object | Mesh31
Fra:10 Mem:60.48M (Peak 143.53M) | Time:00:00.03 | Mem:0.00M, Peak:0.00M | Scene, ViewLayer | Synchronizing object | Mesh32
Fra:10 Mem:60.52M (Peak 143.53M) | Time:00:00.03 | Mem:0.00M, Peak:0.00M | Scene, ViewLayer | Synchronizing object | Mesh33
Fra:10 Mem:60.52M (Peak 143.53M) | Time:00:00.03 | Mem:0.00M, Peak:0.00M | Scene, ViewLayer | Synchronizing object | Mesh34
Fra:10 Mem:60.44M (Peak 143.53M) | Time:00:00.03 | Mem:0.00M, Peak:0.00M | Scene, ViewLayer | Synchronizing object | Mesh141
Fra:10 Mem:60.43M (Peak 143.53M) | Time:00:00.03 | Mem:0.00M, Peak:0.00M | Scene, ViewLayer | Synchronizing object | Mesh35
Fra:10 Mem:60.54M (Peak 143.53M) | Time:00:00.03 | Mem:0.00M, Peak:0.00M | Scene, ViewLayer | Synchronizing object | Mesh140
Fra:10 Mem:60.59M (Peak 143.53M) | Time:00:00.03 | Mem:0.00M, Peak:0.00M | Scene, ViewLayer | Synchronizing object | Mesh36
Fra:10 Mem:60.70M (Peak 143.53M) | Time:00:00.03 | Mem:0.00M, Peak:0.00M | Scene, ViewLayer | Synchronizing object | Mesh139
Fra:10 Mem:60.66M (Peak 143.53M) | Time:00:00.03 | Mem:0.00M, Peak:0.00M | Scene, ViewLayer | Synchronizing object | Mesh138
Fra:10 Mem:60.65M (Peak 143.53M) | Time:00:00.03 | Mem:0.00M, Peak:0.00M | Scene, ViewLayer | Synchronizing object | Mesh37
Fra:10 Mem:60.84M (Peak 143.53M) | Time:00:00.03 | Mem:0.00M, Peak:0.00M | Scene, ViewLayer | Synchronizing object | Mesh137
Fra:10 Mem:60.83M (Peak 143.53M) | Time:00:00.03 | Mem:0.00M, Peak:0.00M | Scene, ViewLayer | Synchronizing object | Mesh38
Fra:10 Mem:60.86M (Peak 143.53M) | Time:00:00.03 | Mem:0.00M, Peak:0.00M | Scene, ViewLayer | Synchronizing object | Mesh39
Fra:10 Mem:60.99M (Peak 143.53M) | Time:00:00.03 | Mem:0.00M, Peak:0.00M | Scene, ViewLayer | Synchronizing object | Mesh40
Fra:10 Mem:60.89M (Peak 143.53M) | Time:00:00.03 | Mem:0.00M, Peak:0.00M | Scene, ViewLayer | Synchronizing object | Mesh41
Fra:10 Mem:60.88M (Peak 143.53M) | Time:00:00.03 | Mem:0.00M, Peak:0.00M | Scene, ViewLayer | Synchronizing object | Mesh136
Fra:10 Mem:60.91M (Peak 143.53M) | Time:00:00.03 | Mem:0.00M, Peak:0.00M | Scene, ViewLayer | Synchronizing object | Mesh135
Fra:10 Mem:61.08M (Peak 143.53M) | Time:00:00.03 | Mem:0.00M, Peak:0.00M | Scene, ViewLayer | Synchronizing object | Mesh134
Fra:10 Mem:61.07M (Peak 143.53M) | Time:00:00.03 | Mem:0.00M, Peak:0.00M | Scene, ViewLayer | Synchronizing object | Mesh133
Fra:10 Mem:60.99M (Peak 143.53M) | Time:00:00.03 | Mem:0.00M, Peak:0.00M | Scene, ViewLayer | Synchronizing object | Mesh42
Fra:10 Mem:61.09M (Peak 143.53M) | Time:00:00.03 | Mem:0.00M, Peak:0.00M | Scene, ViewLayer | Synchronizing object | Mesh43
Fra:10 Mem:61.14M (Peak 143.53M) | Time:00:00.03 | Mem:0.00M, Peak:0.00M | Scene, ViewLayer | Synchronizing object | Mesh44
Fra:10 Mem:61.19M (Peak 143.53M) | Time:00:00.03 | Mem:0.00M, Peak:0.00M | Scene, ViewLayer | Synchronizing object | Mesh45
Fra:10 Mem:61.24M (Peak 143.53M) | Time:00:00.03 | Mem:0.00M, Peak:0.00M | Scene, ViewLayer | Synchronizing object | Mesh46
Fra:10 Mem:61.25M (Peak 143.53M) | Time:00:00.03 | Mem:0.00M, Peak:0.00M | Scene, ViewLayer | Synchronizing object | Mesh47
Fra:10 Mem:61.26M (Peak 143.53M) | Time:00:00.03 | Mem:0.00M, Peak:0.00M | Scene, ViewLayer | Synchronizing object | Mesh48
Fra:10 Mem:61.23M (Peak 143.53M) | Time:00:00.03 | Mem:0.00M, Peak:0.00M | Scene, ViewLayer | Synchronizing object | Mesh131
Fra:10 Mem:61.25M (Peak 143.53M) | Time:00:00.03 | Mem:0.00M, Peak:0.00M | Scene, ViewLayer | Synchronizing object | Mesh49
Fra:10 Mem:61.24M (Peak 143.53M) | Time:00:00.03 | Mem:0.00M, Peak:0.00M | Scene, ViewLayer | Synchronizing object | Mesh130
Fra:10 Mem:61.28M (Peak 143.53M) | Time:00:00.03 | Mem:0.00M, Peak:0.00M | Scene, ViewLayer | Synchronizing object | Mesh50
Fra:10 Mem:61.30M (Peak 143.53M) | Time:00:00.03 | Mem:0.00M, Peak:0.00M | Scene, ViewLayer | Synchronizing object | Mesh51
Fra:10 Mem:61.30M (Peak 143.53M) | Time:00:00.03 | Mem:0.00M, Peak:0.00M | Scene, ViewLayer | Synchronizing object | Mesh52
Fra:10 Mem:61.31M (Peak 143.53M) | Time:00:00.03 | Mem:0.00M, Peak:0.00M | Scene, ViewLayer | Synchronizing object | Mesh53
Fra:10 Mem:61.32M (Peak 143.53M) | Time:00:00.03 | Mem:0.00M, Peak:0.00M | Scene, ViewLayer | Synchronizing object | Mesh54
Fra:10 Mem:61.33M (Peak 143.53M) | Time:00:00.03 | Mem:0.00M, Peak:0.00M | Scene, ViewLayer | Synchronizing object | Mesh55
Fra:10 Mem:61.35M (Peak 143.53M) | Time:00:00.03 | Mem:0.00M, Peak:0.00M | Scene, ViewLayer | Synchronizing object | Mesh56
Fra:10 Mem:61.35M (Peak 143.53M) | Time:00:00.03 | Mem:0.00M, Peak:0.00M | Scene, ViewLayer | Synchronizing object | Mesh57
Fra:10 Mem:61.43M (Peak 143.53M) | Time:00:00.03 | Mem:0.00M, Peak:0.00M | Scene, ViewLayer | Synchronizing object | Mesh58
Fra:10 Mem:61.46M (Peak 143.53M) | Time:00:00.03 | Mem:0.00M, Peak:0.00M | Scene, ViewLayer | Synchronizing object | Mesh59
Fra:10 Mem:61.49M (Peak 143.53M) | Time:00:00.03 | Mem:0.00M, Peak:0.00M | Scene, ViewLayer | Synchronizing object | Mesh60
Fra:10 Mem:61.60M (Peak 143.53M) | Time:00:00.03 | Mem:0.00M, Peak:0.00M | Scene, ViewLayer | Synchronizing object | Mesh61
Fra:10 Mem:61.73M (Peak 143.53M) | Time:00:00.03 | Mem:0.00M, Peak:0.00M | Scene, ViewLayer | Synchronizing object | Mesh62
Fra:10 Mem:61.76M (Peak 143.53M) | Time:00:00.03 | Mem:0.00M, Peak:0.00M | Scene, ViewLayer | Synchronizing object | Mesh63
Fra:10 Mem:61.79M (Peak 143.53M) | Time:00:00.03 | Mem:0.00M, Peak:0.00M | Scene, ViewLayer | Synchronizing object | Mesh64
Fra:10 Mem:61.86M (Peak 143.53M) | Time:00:00.03 | Mem:0.00M, Peak:0.00M | Scene, ViewLayer | Synchronizing object | Mesh65
Fra:10 Mem:61.91M (Peak 143.53M) | Time:00:00.03 | Mem:0.00M, Peak:0.00M | Scene, ViewLayer | Synchronizing object | Mesh129
Fra:10 Mem:61.92M (Peak 143.53M) | Time:00:00.03 | Mem:0.00M, Peak:0.00M | Scene, ViewLayer | Synchronizing object | Mesh128
Fra:10 Mem:61.92M (Peak 143.53M) | Time:00:00.03 | Mem:0.00M, Peak:0.00M | Scene, ViewLayer | Synchronizing object | Mesh127
Fra:10 Mem:61.92M (Peak 143.53M) | Time:00:00.03 | Mem:0.00M, Peak:0.00M | Scene, ViewLayer | Synchronizing object | Mesh126
Fra:10 Mem:61.93M (Peak 143.53M) | Time:00:00.03 | Mem:0.00M, Peak:0.00M | Scene, ViewLayer | Synchronizing object | Mesh125
Fra:10 Mem:61.94M (Peak 143.53M) | Time:00:00.03 | Mem:0.00M, Peak:0.00M | Scene, ViewLayer | Synchronizing object | Mesh124
Fra:10 Mem:61.94M (Peak 143.53M) | Time:00:00.03 | Mem:0.00M, Peak:0.00M | Scene, ViewLayer | Synchronizing object | Mesh123
Fra:10 Mem:61.95M (Peak 143.53M) | Time:00:00.03 | Mem:0.00M, Peak:0.00M | Scene, ViewLayer | Synchronizing object | Mesh122
Fra:10 Mem:61.96M (Peak 143.53M) | Time:00:00.03 | Mem:0.00M, Peak:0.00M | Scene, ViewLayer | Synchronizing object | Mesh121
Fra:10 Mem:61.97M (Peak 143.53M) | Time:00:00.03 | Mem:0.00M, Peak:0.00M | Scene, ViewLayer | Synchronizing object | Mesh120
Fra:10 Mem:61.97M (Peak 143.53M) | Time:00:00.03 | Mem:0.00M, Peak:0.00M | Scene, ViewLayer | Synchronizing object | Mesh119
Fra:10 Mem:62.05M (Peak 143.53M) | Time:00:00.03 | Mem:0.00M, Peak:0.00M | Scene, ViewLayer | Synchronizing object | Mesh118
Fra:10 Mem:62.06M (Peak 143.53M) | Time:00:00.03 | Mem:0.00M, Peak:0.00M | Scene, ViewLayer | Synchronizing object | Mesh117
Fra:10 Mem:62.07M (Peak 143.53M) | Time:00:00.03 | Mem:0.00M, Peak:0.00M | Scene, ViewLayer | Synchronizing object | Mesh116
Fra:10 Mem:62.07M (Peak 143.53M) | Time:00:00.03 | Mem:0.00M, Peak:0.00M | Scene, ViewLayer | Synchronizing object | Mesh115
Fra:10 Mem:62.43M (Peak 143.53M) | Time:00:00.03 | Mem:0.00M, Peak:0.00M | Scene, ViewLayer | Synchronizing object | Mesh114
Fra:10 Mem:62.46M (Peak 143.53M) | Time:00:00.03 | Mem:0.00M, Peak:0.00M | Scene, ViewLayer | Synchronizing object | Mesh113
Fra:10 Mem:62.47M (Peak 143.53M) | Time:00:00.03 | Mem:0.00M, Peak:0.00M | Scene, ViewLayer | Synchronizing object | Mesh112
Fra:10 Mem:62.48M (Peak 143.53M) | Time:00:00.03 | Mem:0.00M, Peak:0.00M | Scene, ViewLayer | Synchronizing object | Mesh111
Fra:10 Mem:62.57M (Peak 143.53M) | Time:00:00.03 | Mem:0.00M, Peak:0.00M | Scene, ViewLayer | Synchronizing object | Mesh110
Fra:10 Mem:62.57M (Peak 143.53M) | Time:00:00.03 | Mem:0.00M, Peak:0.00M | Scene, ViewLayer | Synchronizing object | Mesh66
Fra:10 Mem:62.58M (Peak 143.53M) | Time:00:00.03 | Mem:0.00M, Peak:0.00M | Scene, ViewLayer | Synchronizing object | Mesh67
Fra:10 Mem:62.74M (Peak 143.53M) | Time:00:00.04 | Mem:0.00M, Peak:0.00M | Scene, ViewLayer | Synchronizing object | Mesh68
Fra:10 Mem:62.79M (Peak 143.53M) | Time:00:00.04 | Mem:0.00M, Peak:0.00M | Scene, ViewLayer | Synchronizing object | Mesh69
Fra:10 Mem:63.32M (Peak 143.53M) | Time:00:00.04 | Mem:0.00M, Peak:0.00M | Scene, ViewLayer | Synchronizing object | Mesh109
Fra:10 Mem:63.32M (Peak 143.53M) | Time:00:00.04 | Mem:0.00M, Peak:0.00M | Scene, ViewLayer | Synchronizing object | Mesh108
Fra:10 Mem:63.35M (Peak 143.53M) | Time:00:00.04 | Mem:0.00M, Peak:0.00M | Scene, ViewLayer | Synchronizing object | Mesh107
Fra:10 Mem:63.37M (Peak 143.53M) | Time:00:00.04 | Mem:0.00M, Peak:0.00M | Scene, ViewLayer | Synchronizing object | Mesh106
Fra:10 Mem:63.34M (Peak 143.53M) | Time:00:00.04 | Mem:0.00M, Peak:0.00M | Scene, ViewLayer | Synchronizing object | Mesh70
Fra:10 Mem:63.54M (Peak 143.53M) | Time:00:00.04 | Mem:0.00M, Peak:0.00M | Scene, ViewLayer | Synchronizing object | Mesh71
Fra:10 Mem:63.88M (Peak 143.53M) | Time:00:00.04 | Mem:0.00M, Peak:0.00M | Scene, ViewLayer | Synchronizing object | Mesh72
Fra:10 Mem:64.12M (Peak 143.53M) | Time:00:00.04 | Mem:0.00M, Peak:0.00M | Scene, ViewLayer | Synchronizing object | Mesh105
Fra:10 Mem:64.26M (Peak 143.53M) | Time:00:00.04 | Mem:0.00M, Peak:0.00M | Scene, ViewLayer | Synchronizing object | Mesh104
Fra:10 Mem:64.27M (Peak 143.53M) | Time:00:00.04 | Mem:0.00M, Peak:0.00M | Scene, ViewLayer | Synchronizing object | Mesh103
Fra:10 Mem:64.26M (Peak 143.53M) | Time:00:00.04 | Mem:0.00M, Peak:0.00M | Scene, ViewLayer | Synchronizing object | Mesh102
Fra:10 Mem:64.01M (Peak 143.53M) | Time:00:00.04 | Mem:0.00M, Peak:0.00M | Scene, ViewLayer | Synchronizing object | Mesh101
Fra:10 Mem:63.99M (Peak 143.53M) | Time:00:00.04 | Mem:0.00M, Peak:0.00M | Scene, ViewLayer | Synchronizing object | Mesh73
Fra:10 Mem:64.06M (Peak 143.53M) | Time:00:00.04 | Mem:0.00M, Peak:0.00M | Scene, ViewLayer | Synchronizing object | Mesh74
Fra:10 Mem:64.02M (Peak 143.53M) | Time:00:00.04 | Mem:0.00M, Peak:0.00M | Scene, ViewLayer | Synchronizing object | Mesh100
Fra:10 Mem:64.12M (Peak 143.53M) | Time:00:00.04 | Mem:0.00M, Peak:0.00M | Scene, ViewLayer | Synchronizing object | Mesh75
Fra:10 Mem:64.15M (Peak 143.53M) | Time:00:00.04 | Mem:0.00M, Peak:0.00M | Scene, ViewLayer | Synchronizing object | Mesh76
Fra:10 Mem:64.19M (Peak 143.53M) | Time:00:00.04 | Mem:0.00M, Peak:0.00M | Scene, ViewLayer | Synchronizing object | Mesh99
Fra:10 Mem:64.18M (Peak 143.53M) | Time:00:00.04 | Mem:0.00M, Peak:0.00M | Scene, ViewLayer | Synchronizing object | Mesh77
Fra:10 Mem:64.27M (Peak 143.53M) | Time:00:00.04 | Mem:0.00M, Peak:0.00M | Scene, ViewLayer | Synchronizing object | Mesh98
Fra:10 Mem:64.27M (Peak 143.53M) | Time:00:00.04 | Mem:0.00M, Peak:0.00M | Scene, ViewLayer | Synchronizing object | Mesh78
Fra:10 Mem:64.25M (Peak 143.53M) | Time:00:00.04 | Mem:0.00M, Peak:0.00M | Scene, ViewLayer | Synchronizing object | Mesh79
Fra:10 Mem:64.28M (Peak 143.53M) | Time:00:00.04 | Mem:0.00M, Peak:0.00M | Scene, ViewLayer | Synchronizing object | Mesh97
Fra:10 Mem:64.32M (Peak 143.53M) | Time:00:00.04 | Mem:0.00M, Peak:0.00M | Scene, ViewLayer | Synchronizing object | Mesh96
Fra:10 Mem:64.36M (Peak 143.53M) | Time:00:00.04 | Mem:0.00M, Peak:0.00M | Scene, ViewLayer | Synchronizing object | Mesh80
Fra:10 Mem:64.36M (Peak 143.53M) | Time:00:00.04 | Mem:0.00M, Peak:0.00M | Scene, ViewLayer | Synchronizing object | Mesh81
Fra:10 Mem:64.73M (Peak 143.53M) | Time:00:00.04 | Mem:0.00M, Peak:0.00M | Scene, ViewLayer | Synchronizing object | Mesh95
Fra:10 Mem:64.79M (Peak 143.53M) | Time:00:00.04 | Mem:0.00M, Peak:0.00M | Scene, ViewLayer | Synchronizing object | Mesh94
Fra:10 Mem:64.81M (Peak 143.53M) | Time:00:00.04 | Mem:0.00M, Peak:0.00M | Scene, ViewLayer | Synchronizing object | Mesh93
Fra:10 Mem:64.83M (Peak 143.53M) | Time:00:00.04 | Mem:0.00M, Peak:0.00M | Scene, ViewLayer | Synchronizing object | Mesh92
Fra:10 Mem:64.85M (Peak 143.53M) | Time:00:00.04 | Mem:0.00M, Peak:0.00M | Scene, ViewLayer | Synchronizing object | Mesh91
Fra:10 Mem:64.85M (Peak 143.53M) | Time:00:00.04 | Mem:0.00M, Peak:0.00M | Scene, ViewLayer | Synchronizing object | Mesh90
Fra:10 Mem:64.86M (Peak 143.53M) | Time:00:00.04 | Mem:0.00M, Peak:0.00M | Scene, ViewLayer | Synchronizing object | Mesh89
Fra:10 Mem:64.86M (Peak 143.53M) | Time:00:00.04 | Mem:0.00M, Peak:0.00M | Scene, ViewLayer | Synchronizing object | Mesh88
Fra:10 Mem:64.80M (Peak 143.53M) | Time:00:00.04 | Mem:0.00M, Peak:0.00M | Scene, ViewLayer | Synchronizing object | Mesh87
Fra:10 Mem:64.85M (Peak 143.53M) | Time:00:00.04 | Mem:0.00M, Peak:0.00M | Scene, ViewLayer | Synchronizing object | Mesh86
Fra:10 Mem:64.70M (Peak 143.53M) | Time:00:00.04 | Mem:0.00M, Peak:0.00M | Scene, ViewLayer | Synchronizing object | Mesh82
Fra:10 Mem:64.89M (Peak 143.53M) | Time:00:00.04 | Mem:0.00M, Peak:0.00M | Scene, ViewLayer | Synchronizing object | Mesh83
Fra:10 Mem:64.86M (Peak 143.53M) | Time:00:00.05 | Mem:0.00M, Peak:0.00M | Scene, ViewLayer | Synchronizing object | Mesh85
Fra:10 Mem:64.87M (Peak 143.53M) | Time:00:00.05 | Mem:0.00M, Peak:0.00M | Scene, ViewLayer | Synchronizing object | Mesh84
Fra:10 Mem:65.14M (Peak 143.53M) | Time:00:00.05 | Mem:0.00M, Peak:0.00M | Scene, ViewLayer | Initializing
Fra:10 Mem:56.30M (Peak 143.53M) | Time:00:00.05 | Mem:0.00M, Peak:0.00M | Scene, ViewLayer | Waiting for render to start
Fra:10 Mem:56.31M (Peak 143.53M) | Time:00:00.05 | Mem:0.00M, Peak:0.00M | Scene, ViewLayer | Loading render kernels (may take a few minutes the first time)
Fra:10 Mem:56.31M (Peak 143.53M) | Time:00:00.05 | Mem:0.00M, Peak:0.00M | Scene, ViewLayer | Updating Scene
Fra:10 Mem:56.31M (Peak 143.53M) | Time:00:00.05 | Mem:0.00M, Peak:0.00M | Scene, ViewLayer | Updating Shaders
Fra:10 Mem:56.40M (Peak 143.53M) | Time:00:00.05 | Mem:0.02M, Peak:0.02M | Scene, ViewLayer | Updating Procedurals
Fra:10 Mem:56.40M (Peak 143.53M) | Time:00:00.05 | Mem:0.02M, Peak:0.02M | Scene, ViewLayer | Updating Background
Fra:10 Mem:56.40M (Peak 143.53M) | Time:00:00.05 | Mem:0.02M, Peak:0.02M | Scene, ViewLayer | Updating Camera
Fra:10 Mem:56.40M (Peak 143.53M) | Time:00:00.05 | Mem:0.02M, Peak:0.02M | Scene, ViewLayer | Updating Meshes Flags
Fra:10 Mem:56.40M (Peak 143.53M) | Time:00:00.05 | Mem:0.02M, Peak:0.02M | Scene, ViewLayer | Updating Objects
Fra:10 Mem:56.40M (Peak 143.53M) | Time:00:00.05 | Mem:0.02M, Peak:0.02M | Scene, ViewLayer | Updating Objects | Copying Transformations to device
Fra:10 Mem:56.44M (Peak 143.53M) | Time:00:00.05 | Mem:0.05M, Peak:0.05M | Scene, ViewLayer | Updating Objects | Applying Static Transformations
Fra:10 Mem:56.44M (Peak 143.53M) | Time:00:00.05 | Mem:0.05M, Peak:0.05M | Scene, ViewLayer | Updating Particle Systems
Fra:10 Mem:56.44M (Peak 143.53M) | Time:00:00.05 | Mem:0.05M, Peak:0.05M | Scene, ViewLayer | Updating Particle Systems | Copying Particles to device
Fra:10 Mem:56.44M (Peak 143.53M) | Time:00:00.05 | Mem:0.05M, Peak:0.05M | Scene, ViewLayer | Updating Meshes
Fra:10 Mem:57.55M (Peak 143.53M) | Time:00:00.05 | Mem:0.05M, Peak:0.05M | Scene, ViewLayer | Updating Mesh | Computing attributes
Fra:10 Mem:59.61M (Peak 143.53M) | Time:00:00.05 | Mem:0.07M, Peak:0.07M | Scene, ViewLayer | Updating Mesh | Copying Attributes to device
Fra:10 Mem:59.59M (Peak 143.53M) | Time:00:00.05 | Mem:2.10M, Peak:2.10M | Scene, ViewLayer | Updating Scene BVH | Building
Fra:10 Mem:59.59M (Peak 143.53M) | Time:00:00.05 | Mem:2.10M, Peak:2.10M | Scene, ViewLayer | Updating Scene BVH | Building BVH
Fra:10 Mem:59.59M (Peak 143.53M) | Time:00:00.05 | Mem:4.30M, Peak:4.30M | Scene, ViewLayer | Updating Scene BVH | Building BVH 0%
Fra:10 Mem:59.59M (Peak 143.53M) | Time:00:00.07 | Mem:6.93M, Peak:9.14M | Scene, ViewLayer | Updating Scene BVH | Copying BVH to device
Fra:10 Mem:59.59M (Peak 143.53M) | Time:00:00.07 | Mem:6.93M, Peak:9.14M | Scene, ViewLayer | Updating Mesh | Computing normals
Fra:10 Mem:66.39M (Peak 143.53M) | Time:00:00.07 | Mem:6.93M, Peak:9.14M | Scene, ViewLayer | Updating Mesh | Copying Mesh to device
Fra:10 Mem:66.39M (Peak 143.53M) | Time:00:00.07 | Mem:13.73M, Peak:13.73M | Scene, ViewLayer | Updating Objects Flags
Fra:10 Mem:66.39M (Peak 143.53M) | Time:00:00.07 | Mem:13.73M, Peak:13.73M | Scene, ViewLayer | Updating Primitive Offsets
Fra:10 Mem:66.39M (Peak 143.53M) | Time:00:00.07 | Mem:13.73M, Peak:13.73M | Scene, ViewLayer | Updating Images
Fra:10 Mem:66.39M (Peak 143.53M) | Time:00:00.07 | Mem:13.73M, Peak:13.73M | Scene, ViewLayer | Updating Camera Volume
Fra:10 Mem:66.39M (Peak 143.53M) | Time:00:00.07 | Mem:13.73M, Peak:13.73M | Scene, ViewLayer | Updating Lookup Tables
Fra:10 Mem:66.39M (Peak 143.53M) | Time:00:00.07 | Mem:13.81M, Peak:13.81M | Scene, ViewLayer | Updating Lights
Fra:10 Mem:66.39M (Peak 143.53M) | Time:00:00.07 | Mem:13.81M, Peak:13.81M | Scene, ViewLayer | Updating Lights | Computing tree
Fra:10 Mem:66.39M (Peak 143.53M) | Time:00:00.07 | Mem:13.81M, Peak:13.81M | Scene, ViewLayer | Updating Integrator
Fra:10 Mem:66.39M (Peak 143.53M) | Time:00:00.07 | Mem:13.81M, Peak:13.81M | Scene, ViewLayer | Updating Film
Fra:10 Mem:66.39M (Peak 143.53M) | Time:00:00.07 | Mem:13.73M, Peak:13.81M | Scene, ViewLayer | Updating Lookup Tables
Fra:10 Mem:66.39M (Peak 143.53M) | Time:00:00.07 | Mem:13.82M, Peak:13.82M | Scene, ViewLayer | Updating Baking
Fra:10 Mem:66.39M (Peak 143.53M) | Time:00:00.07 | Mem:13.82M, Peak:13.82M | Scene, ViewLayer | Updating Device | Writing constant memory
Fra:10 Mem:66.40M (Peak 143.53M) | Time:00:00.07 | Mem:13.82M, Peak:13.82M | Scene, ViewLayer | Loading denoising kernels (may take a few minutes the first time)
Fra:10 Mem:66.40M (Peak 143.53M) | Time:00:00.07 | Mem:13.82M, Peak:13.82M | Scene, ViewLayer | Sample 0/2
Fra:10 Mem:103.98M (Peak 143.53M) | Time:00:00.22 | Remaining:00:00.14 | Mem:51.39M, Peak:51.39M | Scene, ViewLayer | Sample 1/2
Fra:10 Mem:119.80M (Peak 143.53M) | Time:00:09.48 | Mem:51.39M, Peak:51.39M | Scene, ViewLayer | Sample 2/2
Fra:10 Mem:119.80M (Peak 143.53M) | Time:00:09.48 | Mem:51.39M, Peak:51.39M | Scene, ViewLayer | Finished
Append frame 10
Time: 00:09.53 (Saving: 00:00.05)

Fra:11 Mem:55.82M (Peak 143.53M) | Time:00:00.02 | Mem:0.00M, Peak:0.00M | Scene, ViewLayer | Synchronizing object | Mesh1
Fra:11 Mem:55.86M (Peak 143.53M) | Time:00:00.02 | Mem:0.00M, Peak:0.00M | Scene, ViewLayer | Synchronizing object | Mesh2
Fra:11 Mem:55.93M (Peak 143.53M) | Time:00:00.02 | Mem:0.00M, Peak:0.00M | Scene, ViewLayer | Synchronizing object | Mesh3
Fra:11 Mem:56.01M (Peak 143.53M) | Time:00:00.02 | Mem:0.00M, Peak:0.00M | Scene, ViewLayer | Synchronizing object | Mesh4
Fra:11 Mem:56.02M (Peak 143.53M) | Time:00:00.02 | Mem:0.00M, Peak:0.00M | Scene, ViewLayer | Synchronizing object | Mesh168
Fra:11 Mem:56.08M (Peak 143.53M) | Time:00:00.02 | Mem:0.00M, Peak:0.00M | Scene, ViewLayer | Synchronizing object | Mesh5
Fra:11 Mem:56.11M (Peak 143.53M) | Time:00:00.02 | Mem:0.00M, Peak:0.00M | Scene, ViewLayer | Synchronizing object | Mesh6
Fra:11 Mem:56.18M (Peak 143.53M) | Time:00:00.02 | Mem:0.00M, Peak:0.00M | Scene, ViewLayer | Synchronizing object | Mesh167
Fra:11 Mem:56.78M (Peak 143.53M) | Time:00:00.02 | Mem:0.00M, Peak:0.00M | Scene, ViewLayer | Synchronizing object | Mesh7
Fra:11 Mem:57.65M (Peak 143.53M) | Time:00:00.02 | Mem:0.00M, Peak:0.00M | Scene, ViewLayer | Synchronizing object | Mesh166
Fra:11 Mem:57.72M (Peak 143.53M) | Time:00:00.02 | Mem:0.00M, Peak:0.00M | Scene, ViewLayer | Synchronizing object | Mesh165
Fra:11 Mem:57.53M (Peak 143.53M) | Time:00:00.02 | Mem:0.00M, Peak:0.00M | Scene, ViewLayer | Synchronizing object | Mesh8
Fra:11 Mem:57.59M (Peak 143.53M) | Time:00:00.02 | Mem:0.00M, Peak:0.00M | Scene, ViewLayer | Synchronizing object | Mesh9
Fra:11 Mem:57.62M (Peak 143.53M) | Time:00:00.02 | Mem:0.00M, Peak:0.00M | Scene, ViewLayer | Synchronizing object | Mesh10
Fra:11 Mem:57.68M (Peak 143.53M) | Time:00:00.02 | Mem:0.00M, Peak:0.00M | Scene, ViewLayer | Synchronizing object | Mesh11
Fra:11 Mem:57.77M (Peak 143.53M) | Time:00:00.02 | Mem:0.00M, Peak:0.00M | Scene, ViewLayer | Synchronizing object | Mesh12
Fra:11 Mem:57.77M (Peak 143.53M) | Time:00:00.02 | Mem:0.00M, Peak:0.00M | Scene, ViewLayer | Synchronizing object | Mesh13
Fra:11 Mem:57.80M (Peak 143.53M) | Time:00:00.02 | Mem:0.00M, Peak:0.00M | Scene, ViewLayer | Synchronizing object | Mesh14
Fra:11 Mem:57.86M (Peak 143.53M) | Time:00:00.02 | Mem:0.00M, Peak:0.00M | Scene, ViewLayer | Synchronizing object | Mesh15
Fra:11 Mem:58.60M (Peak 143.53M) | Time:00:00.02 | Mem:0.00M, Peak:0.00M | Scene, ViewLayer | Synchronizing object | Mesh163
Fra:11 Mem:58.68M (Peak 143.53M) | Time:00:00.02 | Mem:0.00M, Peak:0.00M | Scene, ViewLayer | Synchronizing object | Mesh162
Fra:11 Mem:58.74M (Peak 143.53M) | Time:00:00.02 | Mem:0.00M, Peak:0.00M | Scene, ViewLayer | Synchronizing object | Mesh161
Fra:11 Mem:58.77M (Peak 143.53M) | Time:00:00.02 | Mem:0.00M, Peak:0.00M | Scene, ViewLayer | Synchronizing object | Mesh160
Fra:11 Mem:58.81M (Peak 143.53M) | Time:00:00.02 | Mem:0.00M, Peak:0.00M | Scene, ViewLayer | Synchronizing object | Mesh159
Fra:11 Mem:60.44M (Peak 143.53M) | Time:00:00.03 | Mem:0.00M, Peak:0.00M | Scene, ViewLayer | Synchronizing object | Mesh16
Fra:11 Mem:60.48M (Peak 143.53M) | Time:00:00.03 | Mem:0.00M, Peak:0.00M | Scene, ViewLayer | Synchronizing object | Mesh17
Fra:11 Mem:60.50M (Peak 143.53M) | Time:00:00.03 | Mem:0.00M, Peak:0.00M | Scene, ViewLayer | Synchronizing object | Mesh18
Fra:11 Mem:60.55M (Peak 143.53M) | Time:00:00.03 | Mem:0.00M, Peak:0.00M | Scene, ViewLayer | Synchronizing object | Mesh19
Fra:11 Mem:60.55M (Peak 143.53M) | Time:00:00.03 | Mem:0.00M, Peak:0.00M | Scene, ViewLayer | Synchronizing object | Mesh20
Fra:11 Mem:60.62M (Peak 143.53M) | Time:00:00.03 | Mem:0.00M, Peak:0.00M | Scene, ViewLayer | Synchronizing object | Mesh21
Fra:11 Mem:60.63M (Peak 143.53M) | Time:00:00.03 | Mem:0.00M, Peak:0.00M | Scene, ViewLayer | Synchronizing object | Mesh22
Fra:11 Mem:59.72M (Peak 143.53M) | Time:00:00.03 | Mem:0.00M, Peak:0.00M | Scene, ViewLayer | Synchronizing object | Mesh158
Fra:11 Mem:59.72M (Peak 143.53M) | Time:00:00.03 | Mem:0.00M, Peak:0.00M | Scene, ViewLayer | Synchronizing object | Mesh157
Fra:11 Mem:59.71M (Peak 143.53M) | Time:00:00.03 | Mem:0.00M, Peak:0.00M | Scene, ViewLayer | Synchronizing object | Mesh23
Fra:11 Mem:59.76M (Peak 143.53M) | Time:00:00.03 | Mem:0.00M, Peak:0.00M | Scene, ViewLayer | Synchronizing object | Mesh156
Fra:11 Mem:59.77M (Peak 143.53M) | Time:00:00.03 | Mem:0.00M, Peak:0.00M | Scene, ViewLayer | Synchronizing object | Mesh24
Fra:11 Mem:59.78M (Peak 143.53M) | Time:00:00.03 | Mem:0.00M, Peak:0.00M | Scene, ViewLayer | Synchronizing object | Mesh155
Fra:11 Mem:59.86M (Peak 143.53M) | Time:00:00.03 | Mem:0.00M, Peak:0.00M | Scene, ViewLayer | Synchronizing object | Mesh154
Fra:11 Mem:59.99M (Peak 143.53M) | Time:00:00.03 | Mem:0.00M, Peak:0.00M | Scene, ViewLayer | Synchronizing object | Mesh153
Fra:11 Mem:59.99M (Peak 143.53M) | Time:00:00.03 | Mem:0.00M, Peak:0.00M | Scene, ViewLayer | Synchronizing object | Mesh26
Fra:11 Mem:60.09M (Peak 143.53M) | Time:00:00.03 | Mem:0.00M, Peak:0.00M | Scene, ViewLayer | Synchronizing object | Mesh27
Fra:11 Mem:60.11M (Peak 143.53M) | Time:00:00.03 | Mem:0.00M, Peak:0.00M | Scene, ViewLayer | Synchronizing object | Mesh28
Fra:11 Mem:60.06M (Peak 143.53M) | Time:00:00.03 | Mem:0.00M, Peak:0.00M | Scene, ViewLayer | Synchronizing object | Mesh29
Fra:11 Mem:60.08M (Peak 143.53M) | Time:00:00.03 | Mem:0.00M, Peak:0.00M | Scene, ViewLayer | Synchronizing object | Mesh152
Fra:11 Mem:60.08M (Peak 143.53M) | Time:00:00.03 | Mem:0.00M, Peak:0.00M | Scene, ViewLayer | Synchronizing object | Mesh30
Fra:11 Mem:60.14M (Peak 143.53M) | Time:00:00.03 | Mem:0.00M, Peak:0.00M | Scene, ViewLayer | Synchronizing object | Mesh151
Fra:11 Mem:60.18M (Peak 143.53M) | Time:00:00.03 | Mem:0.00M, Peak:0.00M | Scene, ViewLayer | Synchronizing object | Mesh150
Fra:11 Mem:60.16M (Peak 143.53M) | Time:00:00.03 | Mem:0.00M, Peak:0.00M | Scene, ViewLayer | Synchronizing object | Mesh31
Fra:11 Mem:60.23M (Peak 143.53M) | Time:00:00.03 | Mem:0.00M, Peak:0.00M | Scene, ViewLayer | Synchronizing object | Mesh149
Fra:11 Mem:60.27M (Peak 143.53M) | Time:00:00.03 | Mem:0.00M, Peak:0.00M | Scene, ViewLayer | Synchronizing object | Mesh148
Fra:11 Mem:60.25M (Peak 143.53M) | Time:00:00.03 | Mem:0.00M, Peak:0.00M | Scene, ViewLayer | Synchronizing object | Mesh32
Fra:11 Mem:60.33M (Peak 143.53M) | Time:00:00.03 | Mem:0.00M, Peak:0.00M | Scene, ViewLayer | Synchronizing object | Mesh33
Fra:11 Mem:60.33M (Peak 143.53M) | Time:00:00.03 | Mem:0.00M, Peak:0.00M | Scene, ViewLayer | Synchronizing object | Mesh34
Fra:11 Mem:60.41M (Peak 143.53M) | Time:00:00.03 | Mem:0.00M, Peak:0.00M | Scene, ViewLayer | Synchronizing object | Mesh35
Fra:11 Mem:60.45M (Peak 143.53M) | Time:00:00.03 | Mem:0.00M, Peak:0.00M | Scene, ViewLayer | Synchronizing object | Mesh147
Fra:11 Mem:60.46M (Peak 143.53M) | Time:00:00.03 | Mem:0.00M, Peak:0.00M | Scene, ViewLayer | Synchronizing object | Mesh146
Fra:11 Mem:60.40M (Peak 143.53M) | Time:00:00.03 | Mem:0.00M, Peak:0.00M | Scene, ViewLayer | Synchronizing object | Mesh36
Fra:11 Mem:60.40M (Peak 143.53M) | Time:00:00.03 | Mem:0.00M, Peak:0.00M | Scene, ViewLayer | Synchronizing object | Mesh145
Fra:11 Mem:60.47M (Peak 143.53M) | Time:00:00.03 | Mem:0.00M, Peak:0.00M | Scene, ViewLayer | Synchronizing object | Mesh144
Fra:11 Mem:60.48M (Peak 143.53M) | Time:00:00.03 | Mem:0.00M, Peak:0.00M | Scene, ViewLayer | Synchronizing object | Mesh143
Fra:11 Mem:60.50M (Peak 143.53M) | Time:00:00.03 | Mem:0.00M, Peak:0.00M | Scene, ViewLayer | Synchronizing object | Mesh142
Fra:11 Mem:60.57M (Peak 143.53M) | Time:00:00.03 | Mem:0.00M, Peak:0.00M | Scene, ViewLayer | Synchronizing object | Mesh37
Fra:11 Mem:60.67M (Peak 143.53M) | Time:00:00.03 | Mem:0.00M, Peak:0.00M | Scene, ViewLayer | Synchronizing object | Mesh141
Fra:11 Mem:60.63M (Peak 143.53M) | Time:00:00.03 | Mem:0.00M, Peak:0.00M | Scene, ViewLayer | Synchronizing object | Mesh38
Fra:11 Mem:60.65M (Peak 143.53M) | Time:00:00.03 | Mem:0.00M, Peak:0.00M | Scene, ViewLayer | Synchronizing object | Mesh39
Fra:11 Mem:60.73M (Peak 143.53M) | Time:00:00.03 | Mem:0.00M, Peak:0.00M | Scene, ViewLayer | Synchronizing object | Mesh140
Fra:11 Mem:60.75M (Peak 143.53M) | Time:00:00.03 | Mem:0.00M, Peak:0.00M | Scene, ViewLayer | Synchronizing object | Mesh40
Fra:11 Mem:60.72M (Peak 143.53M) | Time:00:00.03 | Mem:0.00M, Peak:0.00M | Scene, ViewLayer | Synchronizing object | Mesh41
Fra:11 Mem:60.90M (Peak 143.53M) | Time:00:00.03 | Mem:0.00M, Peak:0.00M | Scene, ViewLayer | Synchronizing object | Mesh139
Fra:11 Mem:60.89M (Peak 143.53M) | Time:00:00.03 | Mem:0.00M, Peak:0.00M | Scene, ViewLayer | Synchronizing object | Mesh138
Fra:11 Mem:60.91M (Peak 143.53M) | Time:00:00.03 | Mem:0.00M, Peak:0.00M | Scene, ViewLayer | Synchronizing object | Mesh42
Fra:11 Mem:60.97M (Peak 143.53M) | Time:00:00.03 | Mem:0.00M, Peak:0.00M | Scene, ViewLayer | Synchronizing object | Mesh43
Fra:11 Mem:61.05M (Peak 143.53M) | Time:00:00.03 | Mem:0.00M, Peak:0.00M | Scene, ViewLayer | Synchronizing object | Mesh44
Fra:11 Mem:61.07M (Peak 143.53M) | Time:00:00.03 | Mem:0.00M, Peak:0.00M | Scene, ViewLayer | Synchronizing object | Mesh45
Fra:11 Mem:61.02M (Peak 143.53M) | Time:00:00.03 | Mem:0.00M, Peak:0.00M | Scene, ViewLayer | Synchronizing object | Mesh137
Fra:11 Mem:61.01M (Peak 143.53M) | Time:00:00.03 | Mem:0.00M, Peak:0.00M | Scene, ViewLayer | Synchronizing object | Mesh46
Fra:11 Mem:61.03M (Peak 143.53M) | Time:00:00.03 | Mem:0.00M, Peak:0.00M | Scene, ViewLayer | Synchronizing object | Mesh47
Fra:11 Mem:61.05M (Peak 143.53M) | Time:00:00.03 | Mem:0.00M, Peak:0.00M | Scene, ViewLayer | Synchronizing object | Mesh48
Fra:11 Mem:61.09M (Peak 143.53M) | Time:00:00.03 | Mem:0.00M, Peak:0.00M | Scene, ViewLayer | Synchronizing object | Mesh49
Fra:11 Mem:61.16M (Peak 143.53M) | Time:00:00.03 | Mem:0.00M, Peak:0.00M | Scene, ViewLayer | Synchronizing object | Mesh50
Fra:11 Mem:61.17M (Peak 143.53M) | Time:00:00.03 | Mem:0.00M, Peak:0.00M | Scene, ViewLayer | Synchronizing object | Mesh51
Fra:11 Mem:61.20M (Peak 143.53M) | Time:00:00.03 | Mem:0.00M, Peak:0.00M | Scene, ViewLayer | Synchronizing object | Mesh52
Fra:11 Mem:61.24M (Peak 143.53M) | Time:00:00.03 | Mem:0.00M, Peak:0.00M | Scene, ViewLayer | Synchronizing object | Mesh53
Fra:11 Mem:61.25M (Peak 143.53M) | Time:00:00.03 | Mem:0.00M, Peak:0.00M | Scene, ViewLayer | Synchronizing object | Mesh54
Fra:11 Mem:61.36M (Peak 143.53M) | Time:00:00.03 | Mem:0.00M, Peak:0.00M | Scene, ViewLayer | Synchronizing object | Mesh55
Fra:11 Mem:61.37M (Peak 143.53M) | Time:00:00.03 | Mem:0.00M, Peak:0.00M | Scene, ViewLayer | Synchronizing object | Mesh56
Fra:11 Mem:61.38M (Peak 143.53M) | Time:00:00.03 | Mem:0.00M, Peak:0.00M | Scene, ViewLayer | Synchronizing object | Mesh57
Fra:11 Mem:61.35M (Peak 143.53M) | Time:00:00.03 | Mem:0.00M, Peak:0.00M | Scene, ViewLayer | Synchronizing object | Mesh58
Fra:11 Mem:61.34M (Peak 143.53M) | Time:00:00.03 | Mem:0.00M, Peak:0.00M | Scene, ViewLayer | Synchronizing object | Mesh136
Fra:11 Mem:61.35M (Peak 143.53M) | Time:00:00.03 | Mem:0.00M, Peak:0.00M | Scene, ViewLayer | Synchronizing object | Mesh135
Fra:11 Mem:61.47M (Peak 143.53M) | Time:00:00.03 | Mem:0.00M, Peak:0.00M | Scene, ViewLayer | Synchronizing object | Mesh59
Fra:11 Mem:61.45M (Peak 143.53M) | Time:00:00.03 | Mem:0.00M, Peak:0.00M | Scene, ViewLayer | Synchronizing object | Mesh134
Fra:11 Mem:61.50M (Peak 143.53M) | Time:00:00.03 | Mem:0.00M, Peak:0.00M | Scene, ViewLayer | Synchronizing object | Mesh133
Fra:11 Mem:61.51M (Peak 143.53M) | Time:00:00.03 | Mem:0.00M, Peak:0.00M | Scene, ViewLayer | Synchronizing object | Mesh132
Fra:11 Mem:61.49M (Peak 143.53M) | Time:00:00.03 | Mem:0.00M, Peak:0.00M | Scene, ViewLayer | Synchronizing object | Mesh60
Fra:11 Mem:61.66M (Peak 143.53M) | Time:00:00.03 | Mem:0.00M, Peak:0.00M | Scene, ViewLayer | Synchronizing object | Mesh61
Fra:11 Mem:61.68M (Peak 143.53M) | Time:00:00.03 | Mem:0.00M, Peak:0.00M | Scene, ViewLayer | Synchronizing object | Mesh131
Fra:11 Mem:61.74M (Peak 143.53M) | Time:00:00.03 | Mem:0.00M, Peak:0.00M | Scene, ViewLayer | Synchronizing object | Mesh130
Fra:11 Mem:61.77M (Peak 143.53M) | Time:00:00.03 | Mem:0.00M, Peak:0.00M | Scene, ViewLayer | Synchronizing object | Mesh129
Fra:11 Mem:61.77M (Peak 143.53M) | Time:00:00.04 | Mem:0.00M, Peak:0.00M | Scene, ViewLayer | Synchronizing object | Mesh128
Fra:11 Mem:61.79M (Peak 143.53M) | Time:00:00.04 | Mem:0.00M, Peak:0.00M | Scene, ViewLayer | Synchronizing object | Mesh127
Fra:11 Mem:61.92M (Peak 143.53M) | Time:00:00.04 | Mem:0.00M, Peak:0.00M | Scene, ViewLayer | Synchronizing object | Mesh126
Fra:11 Mem:61.93M (Peak 143.53M) | Time:00:00.04 | Mem:0.00M, Peak:0.00M | Scene, ViewLayer | Synchronizing object | Mesh125
Fra:11 Mem:61.94M (Peak 143.53M) | Time:00:00.04 | Mem:0.00M, Peak:0.00M | Scene, ViewLayer | Synchronizing object | Mesh124
Fra:11 Mem:61.94M (Peak 143.53M) | Time:00:00.04 | Mem:0.00M, Peak:0.00M | Scene, ViewLayer | Synchronizing object | Mesh123
Fra:11 Mem:61.80M (Peak 143.53M) | Time:00:00.04 | Mem:0.00M, Peak:0.00M | Scene, ViewLayer | Synchronizing object | Mesh122
Fra:11 Mem:61.94M (Peak 143.53M) | Time:00:00.04 | Mem:0.00M, Peak:0.00M | Scene, ViewLayer | Synchronizing object | Mesh121
Fra:11 Mem:61.82M (Peak 143.53M) | Time:00:00.04 | Mem:0.00M, Peak:0.00M | Scene, ViewLayer | Synchronizing object | Mesh120
Fra:11 Mem:61.79M (Peak 143.53M) | Time:00:00.04 | Mem:0.00M, Peak:0.00M | Scene, ViewLayer | Synchronizing object | Mesh62
Fra:11 Mem:61.78M (Peak 143.53M) | Time:00:00.04 | Mem:0.00M, Peak:0.00M | Scene, ViewLayer | Synchronizing object | Mesh119
Fra:11 Mem:61.84M (Peak 143.53M) | Time:00:00.04 | Mem:0.00M, Peak:0.00M | Scene, ViewLayer | Synchronizing object | Mesh63
Fra:11 Mem:61.93M (Peak 143.53M) | Time:00:00.04 | Mem:0.00M, Peak:0.00M | Scene, ViewLayer | Synchronizing object | Mesh64
Fra:11 Mem:62.04M (Peak 143.53M) | Time:00:00.04 | Mem:0.00M, Peak:0.00M | Scene, ViewLayer | Synchronizing object | Mesh65
Fra:11 Mem:62.11M (Peak 143.53M) | Time:00:00.04 | Mem:0.00M, Peak:0.00M | Scene, ViewLayer | Synchronizing object | Mesh66
Fra:11 Mem:62.20M (Peak 143.53M) | Time:00:00.04 | Mem:0.00M, Peak:0.00M | Scene, ViewLayer | Synchronizing object | Mesh67
Fra:11 Mem:62.28M (Peak 143.53M) | Time:00:00.04 | Mem:0.00M, Peak:0.00M | Scene, ViewLayer | Synchronizing object | Mesh118
Fra:11 Mem:62.31M (Peak 143.53M) | Time:00:00.04 | Mem:0.00M, Peak:0.00M | Scene, ViewLayer | Synchronizing object | Mesh117
Fra:11 Mem:62.48M (Peak 143.53M) | Time:00:00.04 | Mem:0.00M, Peak:0.00M | Scene, ViewLayer | Synchronizing object | Mesh116
Fra:11 Mem:62.48M (Peak 143.53M) | Time:00:00.04 | Mem:0.00M, Peak:0.00M | Scene, ViewLayer | Synchronizing object | Mesh115
Fra:11 Mem:62.49M (Peak 143.53M) | Time:00:00.04 | Mem:0.00M, Peak:0.00M | Scene, ViewLayer | Synchronizing object | Mesh68
Fra:11 Mem:62.75M (Peak 143.53M) | Time:00:00.04 | Mem:0.00M, Peak:0.00M | Scene, ViewLayer | Synchronizing object | Mesh69
Fra:11 Mem:62.77M (Peak 143.53M) | Time:00:00.04 | Mem:0.00M, Peak:0.00M | Scene, ViewLayer | Synchronizing object | Mesh114
Fra:11 Mem:62.95M (Peak 143.53M) | Time:00:00.04 | Mem:0.00M, Peak:0.00M | Scene, ViewLayer | Synchronizing object | Mesh113
Fra:11 Mem:63.19M (Peak 143.53M) | Time:00:00.04 | Mem:0.00M, Peak:0.00M | Scene, ViewLayer | Synchronizing object | Mesh112
Fra:11 Mem:63.19M (Peak 143.53M) | Time:00:00.04 | Mem:0.00M, Peak:0.00M | Scene, ViewLayer | Synchronizing object | Mesh111
Fra:11 Mem:63.13M (Peak 143.53M) | Time:00:00.04 | Mem:0.00M, Peak:0.00M | Scene, ViewLayer | Synchronizing object | Mesh70
Fra:11 Mem:63.22M (Peak 143.53M) | Time:00:00.04 | Mem:0.00M, Peak:0.00M | Scene, ViewLayer | Synchronizing object | Mesh71
Fra:11 Mem:63.19M (Peak 143.53M) | Time:00:00.04 | Mem:0.00M, Peak:0.00M | Scene, ViewLayer | Synchronizing object | Mesh110
Fra:11 Mem:63.25M (Peak 143.53M) | Time:00:00.04 | Mem:0.00M, Peak:0.00M | Scene, ViewLayer | Synchronizing object | Mesh72
Fra:11 Mem:63.47M (Peak 143.53M) | Time:00:00.04 | Mem:0.00M, Peak:0.00M | Scene, ViewLayer | Synchronizing object | Mesh109
Fra:11 Mem:63.52M (Peak 143.53M) | Time:00:00.04 | Mem:0.00M, Peak:0.00M | Scene, ViewLayer | Synchronizing object | Mesh108
Fra:11 Mem:63.58M (Peak 143.53M) | Time:00:00.04 | Mem:0.00M, Peak:0.00M | Scene, ViewLayer | Synchronizing object | Mesh107
Fra:11 Mem:63.89M (Peak 143.53M) | Time:00:00.04 | Mem:0.00M, Peak:0.00M | Scene, ViewLayer | Synchronizing object | Mesh106
Fra:11 Mem:63.84M (Peak 143.53M) | Time:00:00.04 | Mem:0.00M, Peak:0.00M | Scene, ViewLayer | Synchronizing object | Mesh73
Fra:11 Mem:63.91M (Peak 143.53M) | Time:00:00.04 | Mem:0.00M, Peak:0.00M | Scene, ViewLayer | Synchronizing object | Mesh74
Fra:11 Mem:63.92M (Peak 143.53M) | Time:00:00.04 | Mem:0.00M, Peak:0.00M | Scene, ViewLayer | Synchronizing object | Mesh75
Fra:11 Mem:63.92M (Peak 143.53M) | Time:00:00.04 | Mem:0.00M, Peak:0.00M | Scene, ViewLayer | Synchronizing object | Mesh76
Fra:11 Mem:64.20M (Peak 143.53M) | Time:00:00.04 | Mem:0.00M, Peak:0.00M | Scene, ViewLayer | Synchronizing object | Mesh77
Fra:11 Mem:64.13M (Peak 143.53M) | Time:00:00.04 | Mem:0.00M, Peak:0.00M | Scene, ViewLayer | Synchronizing object | Mesh78
Fra:11 Mem:64.13M (Peak 143.53M) | Time:00:00.04 | Mem:0.00M, Peak:0.00M | Scene, ViewLayer | Synchronizing object | Mesh79
Fra:11 Mem:63.98M (Peak 143.53M) | Time:00:00.04 | Mem:0.00M, Peak:0.00M | Scene, ViewLayer | Synchronizing object | Mesh80
Fra:11 Mem:63.98M (Peak 143.53M) | Time:00:00.04 | Mem:0.00M, Peak:0.00M | Scene, ViewLayer | Synchronizing object | Mesh81
Fra:11 Mem:63.92M (Peak 143.53M) | Time:00:00.04 | Mem:0.00M, Peak:0.00M | Scene, ViewLayer | Synchronizing object | Mesh105
Fra:11 Mem:64.22M (Peak 143.53M) | Time:00:00.04 | Mem:0.00M, Peak:0.00M | Scene, ViewLayer | Synchronizing object | Mesh104
Fra:11 Mem:64.23M (Peak 143.53M) | Time:00:00.04 | Mem:0.00M, Peak:0.00M | Scene, ViewLayer | Synchronizing object | Mesh82
Fra:11 Mem:64.28M (Peak 143.53M) | Time:00:00.04 | Mem:0.00M, Peak:0.00M | Scene, ViewLayer | Synchronizing object | Mesh103
Fra:11 Mem:64.35M (Peak 143.53M) | Time:00:00.04 | Mem:0.00M, Peak:0.00M | Scene, ViewLayer | Synchronizing object | Mesh83
Fra:11 Mem:64.39M (Peak 143.53M) | Time:00:00.04 | Mem:0.00M, Peak:0.00M | Scene, ViewLayer | Synchronizing object | Mesh102
Fra:11 Mem:64.41M (Peak 143.53M) | Time:00:00.04 | Mem:0.00M, Peak:0.00M | Scene, ViewLayer | Synchronizing object | Mesh101
Fra:11 Mem:64.40M (Peak 143.53M) | Time:00:00.04 | Mem:0.00M, Peak:0.00M | Scene, ViewLayer | Synchronizing object | Mesh84
Fra:11 Mem:64.61M (Peak 143.53M) | Time:00:00.04 | Mem:0.00M, Peak:0.00M | Scene, ViewLayer | Synchronizing object | Mesh100
Fra:11 Mem:64.56M (Peak 143.53M) | Time:00:00.04 | Mem:0.00M, Peak:0.00M | Scene, ViewLayer | Synchronizing object | Mesh85
Fra:11 Mem:64.88M (Peak 143.53M) | Time:00:00.04 | Mem:0.00M, Peak:0.00M | Scene, ViewLayer | Synchronizing object | Mesh86
Fra:11 Mem:64.91M (Peak 143.53M) | Time:00:00.04 | Mem:0.00M, Peak:0.00M | Scene, ViewLayer | Synchronizing object | Mesh99
Fra:11 Mem:64.98M (Peak 143.53M) | Time:00:00.04 | Mem:0.00M, Peak:0.00M | Scene, ViewLayer | Synchronizing object | Mesh98
Fra:11 Mem:64.97M (Peak 143.53M) | Time:00:00.04 | Mem:0.00M, Peak:0.00M | Scene, ViewLayer | Synchronizing object | Mesh87
Fra:11 Mem:64.99M (Peak 143.53M) | Time:00:00.04 | Mem:0.00M, Peak:0.00M | Scene, ViewLayer | Synchronizing object | Mesh88
Fra:11 Mem:64.99M (Peak 143.53M) | Time:00:00.04 | Mem:0.00M, Peak:0.00M | Scene, ViewLayer | Synchronizing object | Mesh89
Fra:11 Mem:64.98M (Peak 143.53M) | Time:00:00.04 | Mem:0.00M, Peak:0.00M | Scene, ViewLayer | Synchronizing object | Mesh90
Fra:11 Mem:65.00M (Peak 143.53M) | Time:00:00.04 | Mem:0.00M, Peak:0.00M | Scene, ViewLayer | Synchronizing object | Mesh91
Fra:11 Mem:64.97M (Peak 143.53M) | Time:00:00.04 | Mem:0.00M, Peak:0.00M | Scene, ViewLayer | Synchronizing object | Mesh92
Fra:11 Mem:64.96M (Peak 143.53M) | Time:00:00.04 | Mem:0.00M, Peak:0.00M | Scene, ViewLayer | Synchronizing object | Mesh97
Fra:11 Mem:64.98M (Peak 143.53M) | Time:00:00.04 | Mem:0.00M, Peak:0.00M | Scene, ViewLayer | Synchronizing object | Mesh93
Fra:11 Mem:64.98M (Peak 143.53M) | Time:00:00.04 | Mem:0.00M, Peak:0.00M | Scene, ViewLayer | Synchronizing object | Mesh96
Fra:11 Mem:65.01M (Peak 143.53M) | Time:00:00.04 | Mem:0.00M, Peak:0.00M | Scene, ViewLayer | Synchronizing object | Mesh94
Fra:11 Mem:65.11M (Peak 143.53M) | Time:00:00.04 | Mem:0.00M, Peak:0.00M | Scene, ViewLayer | Synchronizing object | Mesh95
Fra:11 Mem:65.14M (Peak 143.53M) | Time:00:00.04 | Mem:0.00M, Peak:0.00M | Scene, ViewLayer | Initializing
Fra:11 Mem:56.30M (Peak 143.53M) | Time:00:00.05 | Mem:0.00M, Peak:0.00M | Scene, ViewLayer | Waiting for render to start
Fra:11 Mem:56.31M (Peak 143.53M) | Time:00:00.05 | Mem:0.00M, Peak:0.00M | Scene, ViewLayer | Loading render kernels (may take a few minutes the first time)
Fra:11 Mem:56.31M (Peak 143.53M) | Time:00:00.05 | Mem:0.00M, Peak:0.00M | Scene, ViewLayer | Updating Scene
Fra:11 Mem:56.31M (Peak 143.53M) | Time:00:00.05 | Mem:0.00M, Peak:0.00M | Scene, ViewLayer | Updating Shaders
Fra:11 Mem:56.40M (Peak 143.53M) | Time:00:00.05 | Mem:0.02M, Peak:0.02M | Scene, ViewLayer | Updating Procedurals
Fra:11 Mem:56.40M (Peak 143.53M) | Time:00:00.05 | Mem:0.02M, Peak:0.02M | Scene, ViewLayer | Updating Background
Fra:11 Mem:56.40M (Peak 143.53M) | Time:00:00.05 | Mem:0.02M, Peak:0.02M | Scene, ViewLayer | Updating Camera
Fra:11 Mem:56.40M (Peak 143.53M) | Time:00:00.05 | Mem:0.02M, Peak:0.02M | Scene, ViewLayer | Updating Meshes Flags
Fra:11 Mem:56.40M (Peak 143.53M) | Time:00:00.05 | Mem:0.02M, Peak:0.02M | Scene, ViewLayer | Updating Objects
Fra:11 Mem:56.40M (Peak 143.53M) | Time:00:00.05 | Mem:0.02M, Peak:0.02M | Scene, ViewLayer | Updating Objects | Copying Transformations to device
Fra:11 Mem:56.44M (Peak 143.53M) | Time:00:00.05 | Mem:0.05M, Peak:0.05M | Scene, ViewLayer | Updating Objects | Applying Static Transformations
Fra:11 Mem:56.44M (Peak 143.53M) | Time:00:00.05 | Mem:0.05M, Peak:0.05M | Scene, ViewLayer | Updating Particle Systems
Fra:11 Mem:56.44M (Peak 143.53M) | Time:00:00.05 | Mem:0.05M, Peak:0.05M | Scene, ViewLayer | Updating Particle Systems | Copying Particles to device
Fra:11 Mem:56.44M (Peak 143.53M) | Time:00:00.05 | Mem:0.05M, Peak:0.05M | Scene, ViewLayer | Updating Meshes
Fra:11 Mem:57.55M (Peak 143.53M) | Time:00:00.05 | Mem:0.05M, Peak:0.05M | Scene, ViewLayer | Updating Mesh | Computing attributes
Fra:11 Mem:59.61M (Peak 143.53M) | Time:00:00.05 | Mem:0.07M, Peak:0.07M | Scene, ViewLayer | Updating Mesh | Copying Attributes to device
Fra:11 Mem:59.59M (Peak 143.53M) | Time:00:00.05 | Mem:2.10M, Peak:2.10M | Scene, ViewLayer | Updating Scene BVH | Building
Fra:11 Mem:59.59M (Peak 143.53M) | Time:00:00.05 | Mem:2.10M, Peak:2.10M | Scene, ViewLayer | Updating Scene BVH | Building BVH
Fra:11 Mem:59.59M (Peak 143.53M) | Time:00:00.05 | Mem:4.30M, Peak:4.30M | Scene, ViewLayer | Updating Scene BVH | Building BVH 0%
Fra:11 Mem:59.59M (Peak 143.53M) | Time:00:00.07 | Mem:6.93M, Peak:9.14M | Scene, ViewLayer | Updating Scene BVH | Copying BVH to device
Fra:11 Mem:59.59M (Peak 143.53M) | Time:00:00.07 | Mem:6.93M, Peak:9.14M | Scene, ViewLayer | Updating Mesh | Computing normals
Fra:11 Mem:66.39M (Peak 143.53M) | Time:00:00.07 | Mem:6.93M, Peak:9.14M | Scene, ViewLayer | Updating Mesh | Copying Mesh to device
Fra:11 Mem:66.39M (Peak 143.53M) | Time:00:00.07 | Mem:13.73M, Peak:13.73M | Scene, ViewLayer | Updating Objects Flags
Fra:11 Mem:66.39M (Peak 143.53M) | Time:00:00.07 | Mem:13.73M, Peak:13.73M | Scene, ViewLayer | Updating Primitive Offsets
Fra:11 Mem:66.39M (Peak 143.53M) | Time:00:00.07 | Mem:13.73M, Peak:13.73M | Scene, ViewLayer | Updating Images
Fra:11 Mem:66.39M (Peak 143.53M) | Time:00:00.07 | Mem:13.73M, Peak:13.73M | Scene, ViewLayer | Updating Camera Volume
Fra:11 Mem:66.39M (Peak 143.53M) | Time:00:00.07 | Mem:13.73M, Peak:13.73M | Scene, ViewLayer | Updating Lookup Tables
Fra:11 Mem:66.39M (Peak 143.53M) | Time:00:00.07 | Mem:13.81M, Peak:13.81M | Scene, ViewLayer | Updating Lights
Fra:11 Mem:66.39M (Peak 143.53M) | Time:00:00.07 | Mem:13.81M, Peak:13.81M | Scene, ViewLayer | Updating Lights | Computing tree
Fra:11 Mem:66.39M (Peak 143.53M) | Time:00:00.07 | Mem:13.81M, Peak:13.81M | Scene, ViewLayer | Updating Integrator
Fra:11 Mem:66.39M (Peak 143.53M) | Time:00:00.07 | Mem:13.81M, Peak:13.81M | Scene, ViewLayer | Updating Film
Fra:11 Mem:66.39M (Peak 143.53M) | Time:00:00.07 | Mem:13.73M, Peak:13.81M | Scene, ViewLayer | Updating Lookup Tables
Fra:11 Mem:66.39M (Peak 143.53M) | Time:00:00.07 | Mem:13.82M, Peak:13.82M | Scene, ViewLayer | Updating Baking
Fra:11 Mem:66.39M (Peak 143.53M) | Time:00:00.07 | Mem:13.82M, Peak:13.82M | Scene, ViewLayer | Updating Device | Writing constant memory
Fra:11 Mem:66.40M (Peak 143.53M) | Time:00:00.07 | Mem:13.82M, Peak:13.82M | Scene, ViewLayer | Loading denoising kernels (may take a few minutes the first time)
Fra:11 Mem:66.40M (Peak 143.53M) | Time:00:00.07 | Mem:13.82M, Peak:13.82M | Scene, ViewLayer | Sample 0/2
Fra:11 Mem:103.98M (Peak 143.53M) | Time:00:00.16 | Remaining:00:00.08 | Mem:51.39M, Peak:51.39M | Scene, ViewLayer | Sample 1/2
Fra:11 Mem:119.80M (Peak 143.53M) | Time:00:09.34 | Mem:51.39M, Peak:51.39M | Scene, ViewLayer | Sample 2/2
Fra:11 Mem:119.80M (Peak 143.53M) | Time:00:09.34 | Mem:51.39M, Peak:51.39M | Scene, ViewLayer | Finished
Append frame 11
Time: 00:09.40 (Saving: 00:00.05)

Fra:12 Mem:55.82M (Peak 143.53M) | Time:00:00.01 | Mem:0.00M, Peak:0.00M | Scene, ViewLayer | Synchronizing object | Mesh1
Fra:12 Mem:55.85M (Peak 143.53M) | Time:00:00.02 | Mem:0.00M, Peak:0.00M | Scene, ViewLayer | Synchronizing object | Mesh2
Fra:12 Mem:55.92M (Peak 143.53M) | Time:00:00.02 | Mem:0.00M, Peak:0.00M | Scene, ViewLayer | Synchronizing object | Mesh3
Fra:12 Mem:56.00M (Peak 143.53M) | Time:00:00.02 | Mem:0.00M, Peak:0.00M | Scene, ViewLayer | Synchronizing object | Mesh4
Fra:12 Mem:56.01M (Peak 143.53M) | Time:00:00.02 | Mem:0.00M, Peak:0.00M | Scene, ViewLayer | Synchronizing object | Mesh5
Fra:12 Mem:56.04M (Peak 143.53M) | Time:00:00.02 | Mem:0.00M, Peak:0.00M | Scene, ViewLayer | Synchronizing object | Mesh6
Fra:12 Mem:56.18M (Peak 143.53M) | Time:00:00.02 | Mem:0.00M, Peak:0.00M | Scene, ViewLayer | Synchronizing object | Mesh168
Fra:12 Mem:56.27M (Peak 143.53M) | Time:00:00.02 | Mem:0.00M, Peak:0.00M | Scene, ViewLayer | Synchronizing object | Mesh167
Fra:12 Mem:56.20M (Peak 143.53M) | Time:00:00.02 | Mem:0.00M, Peak:0.00M | Scene, ViewLayer | Synchronizing object | Mesh7
Fra:12 Mem:58.45M (Peak 143.53M) | Time:00:00.02 | Mem:0.00M, Peak:0.00M | Scene, ViewLayer | Synchronizing object | Mesh8
Fra:12 Mem:57.69M (Peak 143.53M) | Time:00:00.02 | Mem:0.00M, Peak:0.00M | Scene, ViewLayer | Synchronizing object | Mesh9
Fra:12 Mem:57.58M (Peak 143.53M) | Time:00:00.02 | Mem:0.00M, Peak:0.00M | Scene, ViewLayer | Synchronizing object | Mesh166
Fra:12 Mem:57.61M (Peak 143.53M) | Time:00:00.02 | Mem:0.00M, Peak:0.00M | Scene, ViewLayer | Synchronizing object | Mesh10
Fra:12 Mem:57.59M (Peak 143.53M) | Time:00:00.02 | Mem:0.00M, Peak:0.00M | Scene, ViewLayer | Synchronizing object | Mesh165
Fra:12 Mem:57.67M (Peak 143.53M) | Time:00:00.02 | Mem:0.00M, Peak:0.00M | Scene, ViewLayer | Synchronizing object | Mesh164
Fra:12 Mem:57.71M (Peak 143.53M) | Time:00:00.02 | Mem:0.00M, Peak:0.00M | Scene, ViewLayer | Synchronizing object | Mesh163
Fra:12 Mem:57.87M (Peak 143.53M) | Time:00:00.02 | Mem:0.00M, Peak:0.00M | Scene, ViewLayer | Synchronizing object | Mesh162
Fra:12 Mem:57.92M (Peak 143.53M) | Time:00:00.02 | Mem:0.00M, Peak:0.00M | Scene, ViewLayer | Synchronizing object | Mesh11
Fra:12 Mem:58.00M (Peak 143.53M) | Time:00:00.02 | Mem:0.00M, Peak:0.00M | Scene, ViewLayer | Synchronizing object | Mesh12
Fra:12 Mem:57.92M (Peak 143.53M) | Time:00:00.02 | Mem:0.00M, Peak:0.00M | Scene, ViewLayer | Synchronizing object | Mesh161
Fra:12 Mem:57.98M (Peak 143.53M) | Time:00:00.02 | Mem:0.00M, Peak:0.00M | Scene, ViewLayer | Synchronizing object | Mesh13
Fra:12 Mem:58.03M (Peak 143.53M) | Time:00:00.02 | Mem:0.00M, Peak:0.00M | Scene, ViewLayer | Synchronizing object | Mesh14
Fra:12 Mem:57.98M (Peak 143.53M) | Time:00:00.02 | Mem:0.00M, Peak:0.00M | Scene, ViewLayer | Synchronizing object | Mesh160
Fra:12 Mem:58.09M (Peak 143.53M) | Time:00:00.02 | Mem:0.00M, Peak:0.00M | Scene, ViewLayer | Synchronizing object | Mesh15
Fra:12 Mem:58.11M (Peak 143.53M) | Time:00:00.02 | Mem:0.00M, Peak:0.00M | Scene, ViewLayer | Synchronizing object | Mesh159
Fra:12 Mem:60.44M (Peak 143.53M) | Time:00:00.03 | Mem:0.00M, Peak:0.00M | Scene, ViewLayer | Synchronizing object | Mesh158
Fra:12 Mem:59.59M (Peak 143.53M) | Time:00:00.03 | Mem:0.00M, Peak:0.00M | Scene, ViewLayer | Synchronizing object | Mesh16
Fra:12 Mem:59.51M (Peak 143.53M) | Time:00:00.03 | Mem:0.00M, Peak:0.00M | Scene, ViewLayer | Synchronizing object | Mesh157
Fra:12 Mem:59.54M (Peak 143.53M) | Time:00:00.03 | Mem:0.00M, Peak:0.00M | Scene, ViewLayer | Synchronizing object | Mesh156
Fra:12 Mem:59.59M (Peak 143.53M) | Time:00:00.03 | Mem:0.00M, Peak:0.00M | Scene, ViewLayer | Synchronizing object | Mesh155
Fra:12 Mem:59.64M (Peak 143.53M) | Time:00:00.03 | Mem:0.00M, Peak:0.00M | Scene, ViewLayer | Synchronizing object | Mesh17
Fra:12 Mem:59.64M (Peak 143.53M) | Time:00:00.03 | Mem:0.00M, Peak:0.00M | Scene, ViewLayer | Synchronizing object | Mesh154
Fra:12 Mem:59.64M (Peak 143.53M) | Time:00:00.03 | Mem:0.00M, Peak:0.00M | Scene, ViewLayer | Synchronizing object | Mesh18
Fra:12 Mem:59.76M (Peak 143.53M) | Time:00:00.03 | Mem:0.00M, Peak:0.00M | Scene, ViewLayer | Synchronizing object | Mesh19
Fra:12 Mem:59.77M (Peak 143.53M) | Time:00:00.03 | Mem:0.00M, Peak:0.00M | Scene, ViewLayer | Synchronizing object | Mesh20
Fra:12 Mem:59.93M (Peak 143.53M) | Time:00:00.03 | Mem:0.00M, Peak:0.00M | Scene, ViewLayer | Synchronizing object | Mesh153
Fra:12 Mem:59.89M (Peak 143.53M) | Time:00:00.03 | Mem:0.00M, Peak:0.00M | Scene, ViewLayer | Synchronizing object | Mesh21
Fra:12 Mem:59.86M (Peak 143.53M) | Time:00:00.03 | Mem:0.00M, Peak:0.00M | Scene, ViewLayer | Synchronizing object | Mesh152
Fra:12 Mem:59.89M (Peak 143.53M) | Time:00:00.03 | Mem:0.00M, Peak:0.00M | Scene, ViewLayer | Synchronizing object | Mesh151
Fra:12 Mem:59.88M (Peak 143.53M) | Time:00:00.03 | Mem:0.00M, Peak:0.00M | Scene, ViewLayer | Synchronizing object | Mesh22
Fra:12 Mem:59.88M (Peak 143.53M) | Time:00:00.03 | Mem:0.00M, Peak:0.00M | Scene, ViewLayer | Synchronizing object | Mesh150
Fra:12 Mem:59.91M (Peak 143.53M) | Time:00:00.03 | Mem:0.00M, Peak:0.00M | Scene, ViewLayer | Synchronizing object | Mesh149
Fra:12 Mem:59.94M (Peak 143.53M) | Time:00:00.03 | Mem:0.00M, Peak:0.00M | Scene, ViewLayer | Synchronizing object | Mesh148
Fra:12 Mem:60.09M (Peak 143.53M) | Time:00:00.03 | Mem:0.00M, Peak:0.00M | Scene, ViewLayer | Synchronizing object | Mesh147
Fra:12 Mem:60.10M (Peak 143.53M) | Time:00:00.03 | Mem:0.00M, Peak:0.00M | Scene, ViewLayer | Synchronizing object | Mesh146
Fra:12 Mem:60.10M (Peak 143.53M) | Time:00:00.03 | Mem:0.00M, Peak:0.00M | Scene, ViewLayer | Synchronizing object | Mesh145
Fra:12 Mem:60.02M (Peak 143.53M) | Time:00:00.03 | Mem:0.00M, Peak:0.00M | Scene, ViewLayer | Synchronizing object | Mesh23
Fra:12 Mem:60.02M (Peak 143.53M) | Time:00:00.03 | Mem:0.00M, Peak:0.00M | Scene, ViewLayer | Synchronizing object | Mesh144
Fra:12 Mem:60.05M (Peak 143.53M) | Time:00:00.03 | Mem:0.00M, Peak:0.00M | Scene, ViewLayer | Synchronizing object | Mesh143
Fra:12 Mem:60.06M (Peak 143.53M) | Time:00:00.03 | Mem:0.00M, Peak:0.00M | Scene, ViewLayer | Synchronizing object | Mesh24
Fra:12 Mem:60.06M (Peak 143.53M) | Time:00:00.03 | Mem:0.00M, Peak:0.00M | Scene, ViewLayer | Synchronizing object | Mesh142
Fra:12 Mem:60.14M (Peak 143.53M) | Time:00:00.03 | Mem:0.00M, Peak:0.00M | Scene, ViewLayer | Synchronizing object | Mesh25
Fra:12 Mem:60.18M (Peak 143.53M) | Time:00:00.03 | Mem:0.00M, Peak:0.00M | Scene, ViewLayer | Synchronizing object | Mesh26
Fra:12 Mem:60.26M (Peak 143.53M) | Time:00:00.03 | Mem:0.00M, Peak:0.00M | Scene, ViewLayer | Synchronizing object | Mesh27
Fra:12 Mem:60.29M (Peak 143.53M) | Time:00:00.03 | Mem:0.00M, Peak:0.00M | Scene, ViewLayer | Synchronizing object | Mesh28
Fra:12 Mem:60.32M (Peak 143.53M) | Time:00:00.03 | Mem:0.00M, Peak:0.00M | Scene, ViewLayer | Synchronizing object | Mesh29
Fra:12 Mem:60.33M (Peak 143.53M) | Time:00:00.03 | Mem:0.00M, Peak:0.00M | Scene, ViewLayer | Synchronizing object | Mesh30
Fra:12 Mem:60.36M (Peak 143.53M) | Time:00:00.03 | Mem:0.00M, Peak:0.00M | Scene, ViewLayer | Synchronizing object | Mesh140
Fra:12 Mem:60.34M (Peak 143.53M) | Time:00:00.03 | Mem:0.00M, Peak:0.00M | Scene, ViewLayer | Synchronizing object | Mesh31
Fra:12 Mem:60.53M (Peak 143.53M) | Time:00:00.03 | Mem:0.00M, Peak:0.00M | Scene, ViewLayer | Synchronizing object | Mesh32
Fra:12 Mem:60.53M (Peak 143.53M) | Time:00:00.03 | Mem:0.00M, Peak:0.00M | Scene, ViewLayer | Synchronizing object | Mesh33
Fra:12 Mem:60.53M (Peak 143.53M) | Time:00:00.03 | Mem:0.00M, Peak:0.00M | Scene, ViewLayer | Synchronizing object | Mesh34
Fra:12 Mem:60.61M (Peak 143.53M) | Time:00:00.03 | Mem:0.00M, Peak:0.00M | Scene, ViewLayer | Synchronizing object | Mesh35
Fra:12 Mem:60.58M (Peak 143.53M) | Time:00:00.03 | Mem:0.00M, Peak:0.00M | Scene, ViewLayer | Synchronizing object | Mesh139
Fra:12 Mem:60.64M (Peak 143.53M) | Time:00:00.03 | Mem:0.00M, Peak:0.00M | Scene, ViewLayer | Synchronizing object | Mesh138
Fra:12 Mem:60.63M (Peak 143.53M) | Time:00:00.03 | Mem:0.00M, Peak:0.00M | Scene, ViewLayer | Synchronizing object | Mesh36
Fra:12 Mem:60.71M (Peak 143.53M) | Time:00:00.03 | Mem:0.00M, Peak:0.00M | Scene, ViewLayer | Synchronizing object | Mesh137
Fra:12 Mem:60.89M (Peak 143.53M) | Time:00:00.03 | Mem:0.00M, Peak:0.00M | Scene, ViewLayer | Synchronizing object | Mesh37
Fra:12 Mem:60.92M (Peak 143.53M) | Time:00:00.03 | Mem:0.00M, Peak:0.00M | Scene, ViewLayer | Synchronizing object | Mesh136
Fra:12 Mem:60.92M (Peak 143.53M) | Time:00:00.03 | Mem:0.00M, Peak:0.00M | Scene, ViewLayer | Synchronizing object | Mesh135
Fra:12 Mem:60.94M (Peak 143.53M) | Time:00:00.03 | Mem:0.00M, Peak:0.00M | Scene, ViewLayer | Synchronizing object | Mesh38
Fra:12 Mem:60.94M (Peak 143.53M) | Time:00:00.03 | Mem:0.00M, Peak:0.00M | Scene, ViewLayer | Synchronizing object | Mesh39
Fra:12 Mem:60.92M (Peak 143.53M) | Time:00:00.03 | Mem:0.00M, Peak:0.00M | Scene, ViewLayer | Synchronizing object | Mesh134
Fra:12 Mem:60.96M (Peak 143.53M) | Time:00:00.03 | Mem:0.00M, Peak:0.00M | Scene, ViewLayer | Synchronizing object | Mesh133
Fra:12 Mem:60.98M (Peak 143.53M) | Time:00:00.03 | Mem:0.00M, Peak:0.00M | Scene, ViewLayer | Synchronizing object | Mesh132
Fra:12 Mem:60.97M (Peak 143.53M) | Time:00:00.03 | Mem:0.00M, Peak:0.00M | Scene, ViewLayer | Synchronizing object | Mesh40
Fra:12 Mem:61.03M (Peak 143.53M) | Time:00:00.03 | Mem:0.00M, Peak:0.00M | Scene, ViewLayer | Synchronizing object | Mesh41
Fra:12 Mem:61.06M (Peak 143.53M) | Time:00:00.03 | Mem:0.00M, Peak:0.00M | Scene, ViewLayer | Synchronizing object | Mesh131
Fra:12 Mem:61.07M (Peak 143.53M) | Time:00:00.03 | Mem:0.00M, Peak:0.00M | Scene, ViewLayer | Synchronizing object | Mesh130
Fra:12 Mem:61.14M (Peak 143.53M) | Time:00:00.03 | Mem:0.00M, Peak:0.00M | Scene, ViewLayer | Synchronizing object | Mesh129
Fra:12 Mem:61.14M (Peak 143.53M) | Time:00:00.03 | Mem:0.00M, Peak:0.00M | Scene, ViewLayer | Synchronizing object | Mesh128
Fra:12 Mem:61.14M (Peak 143.53M) | Time:00:00.03 | Mem:0.00M, Peak:0.00M | Scene, ViewLayer | Synchronizing object | Mesh127
Fra:12 Mem:61.15M (Peak 143.53M) | Time:00:00.03 | Mem:0.00M, Peak:0.00M | Scene, ViewLayer | Synchronizing object | Mesh126
Fra:12 Mem:61.08M (Peak 143.53M) | Time:00:00.03 | Mem:0.00M, Peak:0.00M | Scene, ViewLayer | Synchronizing object | Mesh125
Fra:12 Mem:61.08M (Peak 143.53M) | Time:00:00.03 | Mem:0.00M, Peak:0.00M | Scene, ViewLayer | Synchronizing object | Mesh42
Fra:12 Mem:61.06M (Peak 143.53M) | Time:00:00.03 | Mem:0.00M, Peak:0.00M | Scene, ViewLayer | Synchronizing object | Mesh124
Fra:12 Mem:61.16M (Peak 143.53M) | Time:00:00.03 | Mem:0.00M, Peak:0.00M | Scene, ViewLayer | Synchronizing object | Mesh123
Fra:12 Mem:61.17M (Peak 143.53M) | Time:00:00.03 | Mem:0.00M, Peak:0.00M | Scene, ViewLayer | Synchronizing object | Mesh122
Fra:12 Mem:61.20M (Peak 143.53M) | Time:00:00.03 | Mem:0.00M, Peak:0.00M | Scene, ViewLayer | Synchronizing object | Mesh121
Fra:12 Mem:61.19M (Peak 143.53M) | Time:00:00.03 | Mem:0.00M, Peak:0.00M | Scene, ViewLayer | Synchronizing object | Mesh43
Fra:12 Mem:61.18M (Peak 143.53M) | Time:00:00.03 | Mem:0.00M, Peak:0.00M | Scene, ViewLayer | Synchronizing object | Mesh120
Fra:12 Mem:61.23M (Peak 143.53M) | Time:00:00.03 | Mem:0.00M, Peak:0.00M | Scene, ViewLayer | Synchronizing object | Mesh119
Fra:12 Mem:61.23M (Peak 143.53M) | Time:00:00.03 | Mem:0.00M, Peak:0.00M | Scene, ViewLayer | Synchronizing object | Mesh44
Fra:12 Mem:61.28M (Peak 143.53M) | Time:00:00.03 | Mem:0.00M, Peak:0.00M | Scene, ViewLayer | Synchronizing object | Mesh45
Fra:12 Mem:61.34M (Peak 143.53M) | Time:00:00.03 | Mem:0.00M, Peak:0.00M | Scene, ViewLayer | Synchronizing object | Mesh46
Fra:12 Mem:61.37M (Peak 143.53M) | Time:00:00.03 | Mem:0.00M, Peak:0.00M | Scene, ViewLayer | Synchronizing object | Mesh47
Fra:12 Mem:61.39M (Peak 143.53M) | Time:00:00.03 | Mem:0.00M, Peak:0.00M | Scene, ViewLayer | Synchronizing object | Mesh48
Fra:12 Mem:61.52M (Peak 143.53M) | Time:00:00.03 | Mem:0.00M, Peak:0.00M | Scene, ViewLayer | Synchronizing object | Mesh49
Fra:12 Mem:61.56M (Peak 143.53M) | Time:00:00.03 | Mem:0.00M, Peak:0.00M | Scene, ViewLayer | Synchronizing object | Mesh50
Fra:12 Mem:61.57M (Peak 143.53M) | Time:00:00.03 | Mem:0.00M, Peak:0.00M | Scene, ViewLayer | Synchronizing object | Mesh51
Fra:12 Mem:61.58M (Peak 143.53M) | Time:00:00.03 | Mem:0.00M, Peak:0.00M | Scene, ViewLayer | Synchronizing object | Mesh52
Fra:12 Mem:61.51M (Peak 143.53M) | Time:00:00.03 | Mem:0.00M, Peak:0.00M | Scene, ViewLayer | Synchronizing object | Mesh53
Fra:12 Mem:61.58M (Peak 143.53M) | Time:00:00.03 | Mem:0.00M, Peak:0.00M | Scene, ViewLayer | Synchronizing object | Mesh54
Fra:12 Mem:61.47M (Peak 143.53M) | Time:00:00.03 | Mem:0.00M, Peak:0.00M | Scene, ViewLayer | Synchronizing object | Mesh118
Fra:12 Mem:61.49M (Peak 143.53M) | Time:00:00.03 | Mem:0.00M, Peak:0.00M | Scene, ViewLayer | Synchronizing object | Mesh117
Fra:12 Mem:61.49M (Peak 143.53M) | Time:00:00.03 | Mem:0.00M, Peak:0.00M | Scene, ViewLayer | Synchronizing object | Mesh55
Fra:12 Mem:61.50M (Peak 143.53M) | Time:00:00.03 | Mem:0.00M, Peak:0.00M | Scene, ViewLayer | Synchronizing object | Mesh56
Fra:12 Mem:61.51M (Peak 143.53M) | Time:00:00.03 | Mem:0.00M, Peak:0.00M | Scene, ViewLayer | Synchronizing object | Mesh57
Fra:12 Mem:61.58M (Peak 143.53M) | Time:00:00.03 | Mem:0.00M, Peak:0.00M | Scene, ViewLayer | Synchronizing object | Mesh115
Fra:12 Mem:61.59M (Peak 143.53M) | Time:00:00.03 | Mem:0.00M, Peak:0.00M | Scene, ViewLayer | Synchronizing object | Mesh58
Fra:12 Mem:61.98M (Peak 143.53M) | Time:00:00.03 | Mem:0.00M, Peak:0.00M | Scene, ViewLayer | Synchronizing object | Mesh59
Fra:12 Mem:62.12M (Peak 143.53M) | Time:00:00.03 | Mem:0.00M, Peak:0.00M | Scene, ViewLayer | Synchronizing object | Mesh60
Fra:12 Mem:62.15M (Peak 143.53M) | Time:00:00.03 | Mem:0.00M, Peak:0.00M | Scene, ViewLayer | Synchronizing object | Mesh114
Fra:12 Mem:62.14M (Peak 143.53M) | Time:00:00.03 | Mem:0.00M, Peak:0.00M | Scene, ViewLayer | Synchronizing object | Mesh61
Fra:12 Mem:62.32M (Peak 143.53M) | Time:00:00.03 | Mem:0.00M, Peak:0.00M | Scene, ViewLayer | Synchronizing object | Mesh113
Fra:12 Mem:62.36M (Peak 143.53M) | Time:00:00.03 | Mem:0.00M, Peak:0.00M | Scene, ViewLayer | Synchronizing object | Mesh112
Fra:12 Mem:62.48M (Peak 143.53M) | Time:00:00.03 | Mem:0.00M, Peak:0.00M | Scene, ViewLayer | Synchronizing object | Mesh111
Fra:12 Mem:62.42M (Peak 143.53M) | Time:00:00.03 | Mem:0.00M, Peak:0.00M | Scene, ViewLayer | Synchronizing object | Mesh62
Fra:12 Mem:62.47M (Peak 143.53M) | Time:00:00.03 | Mem:0.00M, Peak:0.00M | Scene, ViewLayer | Synchronizing object | Mesh63
Fra:12 Mem:62.59M (Peak 143.53M) | Time:00:00.03 | Mem:0.00M, Peak:0.00M | Scene, ViewLayer | Synchronizing object | Mesh64
Fra:12 Mem:62.65M (Peak 143.53M) | Time:00:00.03 | Mem:0.00M, Peak:0.00M | Scene, ViewLayer | Synchronizing object | Mesh65
Fra:12 Mem:62.71M (Peak 143.53M) | Time:00:00.03 | Mem:0.00M, Peak:0.00M | Scene, ViewLayer | Synchronizing object | Mesh66
Fra:12 Mem:62.68M (Peak 143.53M) | Time:00:00.03 | Mem:0.00M, Peak:0.00M | Scene, ViewLayer | Synchronizing object | Mesh67
Fra:12 Mem:62.68M (Peak 143.53M) | Time:00:00.04 | Mem:0.00M, Peak:0.00M | Scene, ViewLayer | Synchronizing object | Mesh110
Fra:12 Mem:63.01M (Peak 143.53M) | Time:00:00.04 | Mem:0.00M, Peak:0.00M | Scene, ViewLayer | Synchronizing object | Mesh109
Fra:12 Mem:63.02M (Peak 143.53M) | Time:00:00.04 | Mem:0.00M, Peak:0.00M | Scene, ViewLayer | Synchronizing object | Mesh108
Fra:12 Mem:62.97M (Peak 143.53M) | Time:00:00.04 | Mem:0.00M, Peak:0.00M | Scene, ViewLayer | Synchronizing object | Mesh107
Fra:12 Mem:62.86M (Peak 143.53M) | Time:00:00.04 | Mem:0.00M, Peak:0.00M | Scene, ViewLayer | Synchronizing object | Mesh68
Fra:12 Mem:62.88M (Peak 143.53M) | Time:00:00.04 | Mem:0.00M, Peak:0.00M | Scene, ViewLayer | Synchronizing object | Mesh106
Fra:12 Mem:63.14M (Peak 143.53M) | Time:00:00.04 | Mem:0.00M, Peak:0.00M | Scene, ViewLayer | Synchronizing object | Mesh69
Fra:12 Mem:63.66M (Peak 143.53M) | Time:00:00.04 | Mem:0.00M, Peak:0.00M | Scene, ViewLayer | Synchronizing object | Mesh70
Fra:12 Mem:63.86M (Peak 143.53M) | Time:00:00.04 | Mem:0.00M, Peak:0.00M | Scene, ViewLayer | Synchronizing object | Mesh71
Fra:12 Mem:63.88M (Peak 143.53M) | Time:00:00.04 | Mem:0.00M, Peak:0.00M | Scene, ViewLayer | Synchronizing object | Mesh72
Fra:12 Mem:63.84M (Peak 143.53M) | Time:00:00.04 | Mem:0.00M, Peak:0.00M | Scene, ViewLayer | Synchronizing object | Mesh105
Fra:12 Mem:63.90M (Peak 143.53M) | Time:00:00.04 | Mem:0.00M, Peak:0.00M | Scene, ViewLayer | Synchronizing object | Mesh104
Fra:12 Mem:63.93M (Peak 143.53M) | Time:00:00.04 | Mem:0.00M, Peak:0.00M | Scene, ViewLayer | Synchronizing object | Mesh74
Fra:12 Mem:63.93M (Peak 143.53M) | Time:00:00.04 | Mem:0.00M, Peak:0.00M | Scene, ViewLayer | Synchronizing object | Mesh75
Fra:12 Mem:63.94M (Peak 143.53M) | Time:00:00.04 | Mem:0.00M, Peak:0.00M | Scene, ViewLayer | Synchronizing object | Mesh76
Fra:12 Mem:63.99M (Peak 143.53M) | Time:00:00.04 | Mem:0.00M, Peak:0.00M | Scene, ViewLayer | Synchronizing object | Mesh77
Fra:12 Mem:64.03M (Peak 143.53M) | Time:00:00.04 | Mem:0.00M, Peak:0.00M | Scene, ViewLayer | Synchronizing object | Mesh78
Fra:12 Mem:64.03M (Peak 143.53M) | Time:00:00.04 | Mem:0.00M, Peak:0.00M | Scene, ViewLayer | Synchronizing object | Mesh79
Fra:12 Mem:64.06M (Peak 143.53M) | Time:00:00.04 | Mem:0.00M, Peak:0.00M | Scene, ViewLayer | Synchronizing object | Mesh80
Fra:12 Mem:64.06M (Peak 143.53M) | Time:00:00.04 | Mem:0.00M, Peak:0.00M | Scene, ViewLayer | Synchronizing object | Mesh81
Fra:12 Mem:64.47M (Peak 143.53M) | Time:00:00.04 | Mem:0.00M, Peak:0.00M | Scene, ViewLayer | Synchronizing object | Mesh103
Fra:12 Mem:64.50M (Peak 143.53M) | Time:00:00.04 | Mem:0.00M, Peak:0.00M | Scene, ViewLayer | Synchronizing object | Mesh102
Fra:12 Mem:64.51M (Peak 143.53M) | Time:00:00.04 | Mem:0.00M, Peak:0.00M | Scene, ViewLayer | Synchronizing object | Mesh101
Fra:12 Mem:64.55M (Peak 143.53M) | Time:00:00.04 | Mem:0.00M, Peak:0.00M | Scene, ViewLayer | Synchronizing object | Mesh100
Fra:12 Mem:64.60M (Peak 143.53M) | Time:00:00.04 | Mem:0.00M, Peak:0.00M | Scene, ViewLayer | Synchronizing object | Mesh99
Fra:12 Mem:64.64M (Peak 143.53M) | Time:00:00.04 | Mem:0.00M, Peak:0.00M | Scene, ViewLayer | Synchronizing object | Mesh98
Fra:12 Mem:64.67M (Peak 143.53M) | Time:00:00.04 | Mem:0.00M, Peak:0.00M | Scene, ViewLayer | Synchronizing object | Mesh97
Fra:12 Mem:64.67M (Peak 143.53M) | Time:00:00.04 | Mem:0.00M, Peak:0.00M | Scene, ViewLayer | Synchronizing object | Mesh96
Fra:12 Mem:64.74M (Peak 143.53M) | Time:00:00.04 | Mem:0.00M, Peak:0.00M | Scene, ViewLayer | Synchronizing object | Mesh95
Fra:12 Mem:64.57M (Peak 143.53M) | Time:00:00.04 | Mem:0.00M, Peak:0.00M | Scene, ViewLayer | Synchronizing object | Mesh82
Fra:12 Mem:64.60M (Peak 143.53M) | Time:00:00.04 | Mem:0.00M, Peak:0.00M | Scene, ViewLayer | Synchronizing object | Mesh83
Fra:12 Mem:64.59M (Peak 143.53M) | Time:00:00.05 | Mem:0.00M, Peak:0.00M | Scene, ViewLayer | Synchronizing object | Mesh94
Fra:12 Mem:64.61M (Peak 143.53M) | Time:00:00.05 | Mem:0.00M, Peak:0.00M | Scene, ViewLayer | Synchronizing object | Mesh93
Fra:12 Mem:64.65M (Peak 143.53M) | Time:00:00.05 | Mem:0.00M, Peak:0.00M | Scene, ViewLayer | Synchronizing object | Mesh84
Fra:12 Mem:64.82M (Peak 143.53M) | Time:00:00.05 | Mem:0.00M, Peak:0.00M | Scene, ViewLayer | Synchronizing object | Mesh85
Fra:12 Mem:65.00M (Peak 143.53M) | Time:00:00.05 | Mem:0.00M, Peak:0.00M | Scene, ViewLayer | Synchronizing object | Mesh86
Fra:12 Mem:65.08M (Peak 143.53M) | Time:00:00.05 | Mem:0.00M, Peak:0.00M | Scene, ViewLayer | Synchronizing object | Mesh87
Fra:12 Mem:65.08M (Peak 143.53M) | Time:00:00.05 | Mem:0.00M, Peak:0.00M | Scene, ViewLayer | Synchronizing object | Mesh88
Fra:12 Mem:65.09M (Peak 143.53M) | Time:00:00.05 | Mem:0.00M, Peak:0.00M | Scene, ViewLayer | Synchronizing object | Mesh89
Fra:12 Mem:65.09M (Peak 143.53M) | Time:00:00.05 | Mem:0.00M, Peak:0.00M | Scene, ViewLayer | Synchronizing object | Mesh90
Fra:12 Mem:65.10M (Peak 143.53M) | Time:00:00.05 | Mem:0.00M, Peak:0.00M | Scene, ViewLayer | Synchronizing object | Mesh91
Fra:12 Mem:65.10M (Peak 143.53M) | Time:00:00.05 | Mem:0.00M, Peak:0.00M | Scene, ViewLayer | Synchronizing object | Mesh92
Fra:12 Mem:65.14M (Peak 143.53M) | Time:00:00.05 | Mem:0.00M, Peak:0.00M | Scene, ViewLayer | Initializing
Fra:12 Mem:56.30M (Peak 143.53M) | Time:00:00.05 | Mem:0.00M, Peak:0.00M | Scene, ViewLayer | Waiting for render to start
Fra:12 Mem:56.31M (Peak 143.53M) | Time:00:00.05 | Mem:0.00M, Peak:0.00M | Scene, ViewLayer | Loading render kernels (may take a few minutes the first time)
Fra:12 Mem:56.31M (Peak 143.53M) | Time:00:00.05 | Mem:0.00M, Peak:0.00M | Scene, ViewLayer | Updating Scene
Fra:12 Mem:56.31M (Peak 143.53M) | Time:00:00.05 | Mem:0.00M, Peak:0.00M | Scene, ViewLayer | Updating Shaders
Fra:12 Mem:56.40M (Peak 143.53M) | Time:00:00.05 | Mem:0.02M, Peak:0.02M | Scene, ViewLayer | Updating Procedurals
Fra:12 Mem:56.40M (Peak 143.53M) | Time:00:00.05 | Mem:0.02M, Peak:0.02M | Scene, ViewLayer | Updating Background
Fra:12 Mem:56.40M (Peak 143.53M) | Time:00:00.05 | Mem:0.02M, Peak:0.02M | Scene, ViewLayer | Updating Camera
Fra:12 Mem:56.40M (Peak 143.53M) | Time:00:00.05 | Mem:0.02M, Peak:0.02M | Scene, ViewLayer | Updating Meshes Flags
Fra:12 Mem:56.40M (Peak 143.53M) | Time:00:00.05 | Mem:0.02M, Peak:0.02M | Scene, ViewLayer | Updating Objects
Fra:12 Mem:56.40M (Peak 143.53M) | Time:00:00.05 | Mem:0.02M, Peak:0.02M | Scene, ViewLayer | Updating Objects | Copying Transformations to device
Fra:12 Mem:56.44M (Peak 143.53M) | Time:00:00.05 | Mem:0.05M, Peak:0.05M | Scene, ViewLayer | Updating Objects | Applying Static Transformations
Fra:12 Mem:56.44M (Peak 143.53M) | Time:00:00.05 | Mem:0.05M, Peak:0.05M | Scene, ViewLayer | Updating Particle Systems
Fra:12 Mem:56.44M (Peak 143.53M) | Time:00:00.05 | Mem:0.05M, Peak:0.05M | Scene, ViewLayer | Updating Particle Systems | Copying Particles to device
Fra:12 Mem:56.44M (Peak 143.53M) | Time:00:00.05 | Mem:0.05M, Peak:0.05M | Scene, ViewLayer | Updating Meshes
Fra:12 Mem:57.55M (Peak 143.53M) | Time:00:00.06 | Mem:0.05M, Peak:0.05M | Scene, ViewLayer | Updating Mesh | Computing attributes
Fra:12 Mem:59.61M (Peak 143.53M) | Time:00:00.06 | Mem:0.07M, Peak:0.07M | Scene, ViewLayer | Updating Mesh | Copying Attributes to device
Fra:12 Mem:59.59M (Peak 143.53M) | Time:00:00.06 | Mem:2.10M, Peak:2.10M | Scene, ViewLayer | Updating Scene BVH | Building
Fra:12 Mem:59.59M (Peak 143.53M) | Time:00:00.06 | Mem:2.10M, Peak:2.10M | Scene, ViewLayer | Updating Scene BVH | Building BVH
Fra:12 Mem:59.59M (Peak 143.53M) | Time:00:00.06 | Mem:4.30M, Peak:4.30M | Scene, ViewLayer | Updating Scene BVH | Building BVH 0%
Fra:12 Mem:59.59M (Peak 143.53M) | Time:00:00.07 | Mem:6.93M, Peak:9.14M | Scene, ViewLayer | Updating Scene BVH | Copying BVH to device
Fra:12 Mem:59.59M (Peak 143.53M) | Time:00:00.07 | Mem:6.93M, Peak:9.14M | Scene, ViewLayer | Updating Mesh | Computing normals
Fra:12 Mem:66.39M (Peak 143.53M) | Time:00:00.07 | Mem:6.93M, Peak:9.14M | Scene, ViewLayer | Updating Mesh | Copying Mesh to device
Fra:12 Mem:66.39M (Peak 143.53M) | Time:00:00.07 | Mem:13.73M, Peak:13.73M | Scene, ViewLayer | Updating Objects Flags
Fra:12 Mem:66.39M (Peak 143.53M) | Time:00:00.07 | Mem:13.73M, Peak:13.73M | Scene, ViewLayer | Updating Primitive Offsets
Fra:12 Mem:66.39M (Peak 143.53M) | Time:00:00.07 | Mem:13.73M, Peak:13.73M | Scene, ViewLayer | Updating Images
Fra:12 Mem:66.39M (Peak 143.53M) | Time:00:00.07 | Mem:13.73M, Peak:13.73M | Scene, ViewLayer | Updating Camera Volume
Fra:12 Mem:66.39M (Peak 143.53M) | Time:00:00.07 | Mem:13.73M, Peak:13.73M | Scene, ViewLayer | Updating Lookup Tables
Fra:12 Mem:66.39M (Peak 143.53M) | Time:00:00.07 | Mem:13.81M, Peak:13.81M | Scene, ViewLayer | Updating Lights
Fra:12 Mem:66.39M (Peak 143.53M) | Time:00:00.07 | Mem:13.81M, Peak:13.81M | Scene, ViewLayer | Updating Lights | Computing tree
Fra:12 Mem:66.39M (Peak 143.53M) | Time:00:00.07 | Mem:13.81M, Peak:13.81M | Scene, ViewLayer | Updating Integrator
Fra:12 Mem:66.39M (Peak 143.53M) | Time:00:00.07 | Mem:13.81M, Peak:13.81M | Scene, ViewLayer | Updating Film
Fra:12 Mem:66.39M (Peak 143.53M) | Time:00:00.07 | Mem:13.73M, Peak:13.81M | Scene, ViewLayer | Updating Lookup Tables
Fra:12 Mem:66.39M (Peak 143.53M) | Time:00:00.07 | Mem:13.82M, Peak:13.82M | Scene, ViewLayer | Updating Baking
Fra:12 Mem:66.39M (Peak 143.53M) | Time:00:00.07 | Mem:13.82M, Peak:13.82M | Scene, ViewLayer | Updating Device | Writing constant memory
Fra:12 Mem:66.40M (Peak 143.53M) | Time:00:00.07 | Mem:13.82M, Peak:13.82M | Scene, ViewLayer | Loading denoising kernels (may take a few minutes the first time)
Fra:12 Mem:66.40M (Peak 143.53M) | Time:00:00.07 | Mem:13.82M, Peak:13.82M | Scene, ViewLayer | Sample 0/2
Fra:12 Mem:103.98M (Peak 143.53M) | Time:00:00.13 | Remaining:00:00.05 | Mem:51.39M, Peak:51.39M | Scene, ViewLayer | Sample 1/2
Fra:12 Mem:119.80M (Peak 143.53M) | Time:00:09.31 | Mem:51.39M, Peak:51.39M | Scene, ViewLayer | Sample 2/2
Fra:12 Mem:119.80M (Peak 143.53M) | Time:00:09.31 | Mem:51.39M, Peak:51.39M | Scene, ViewLayer | Finished
Append frame 12
Time: 00:09.36 (Saving: 00:00.05)

Fra:13 Mem:55.82M (Peak 143.53M) | Time:00:00.01 | Mem:0.00M, Peak:0.00M | Scene, ViewLayer | Synchronizing object | Mesh1
Fra:13 Mem:55.86M (Peak 143.53M) | Time:00:00.01 | Mem:0.00M, Peak:0.00M | Scene, ViewLayer | Synchronizing object | Mesh2
Fra:13 Mem:55.93M (Peak 143.53M) | Time:00:00.01 | Mem:0.00M, Peak:0.00M | Scene, ViewLayer | Synchronizing object | Mesh168
Fra:13 Mem:55.99M (Peak 143.53M) | Time:00:00.01 | Mem:0.00M, Peak:0.00M | Scene, ViewLayer | Synchronizing object | Mesh3
Fra:13 Mem:56.11M (Peak 143.53M) | Time:00:00.01 | Mem:0.00M, Peak:0.00M | Scene, ViewLayer | Synchronizing object | Mesh4
Fra:13 Mem:56.07M (Peak 143.53M) | Time:00:00.01 | Mem:0.00M, Peak:0.00M | Scene, ViewLayer | Synchronizing object | Mesh167
Fra:13 Mem:56.08M (Peak 143.53M) | Time:00:00.01 | Mem:0.00M, Peak:0.00M | Scene, ViewLayer | Synchronizing object | Mesh5
Fra:13 Mem:56.28M (Peak 143.53M) | Time:00:00.01 | Mem:0.00M, Peak:0.00M | Scene, ViewLayer | Synchronizing object | Mesh6
Fra:13 Mem:56.98M (Peak 143.53M) | Time:00:00.01 | Mem:0.00M, Peak:0.00M | Scene, ViewLayer | Synchronizing object | Mesh7
Fra:13 Mem:58.53M (Peak 143.53M) | Time:00:00.02 | Mem:0.00M, Peak:0.00M | Scene, ViewLayer | Synchronizing object | Mesh166
Fra:13 Mem:58.59M (Peak 143.53M) | Time:00:00.02 | Mem:0.00M, Peak:0.00M | Scene, ViewLayer | Synchronizing object | Mesh165
Fra:13 Mem:58.62M (Peak 143.53M) | Time:00:00.02 | Mem:0.00M, Peak:0.00M | Scene, ViewLayer | Synchronizing object | Mesh164
Fra:13 Mem:58.63M (Peak 143.53M) | Time:00:00.02 | Mem:0.00M, Peak:0.00M | Scene, ViewLayer | Synchronizing object | Mesh163
Fra:13 Mem:58.71M (Peak 143.53M) | Time:00:00.02 | Mem:0.00M, Peak:0.00M | Scene, ViewLayer | Synchronizing object | Mesh162
Fra:13 Mem:58.77M (Peak 143.53M) | Time:00:00.02 | Mem:0.00M, Peak:0.00M | Scene, ViewLayer | Synchronizing object | Mesh161
Fra:13 Mem:58.80M (Peak 143.53M) | Time:00:00.02 | Mem:0.00M, Peak:0.00M | Scene, ViewLayer | Synchronizing object | Mesh160
Fra:13 Mem:58.75M (Peak 143.53M) | Time:00:00.02 | Mem:0.00M, Peak:0.00M | Scene, ViewLayer | Synchronizing object | Mesh159
Fra:13 Mem:58.25M (Peak 143.53M) | Time:00:00.02 | Mem:0.00M, Peak:0.00M | Scene, ViewLayer | Synchronizing object | Mesh8
Fra:13 Mem:58.79M (Peak 143.53M) | Time:00:00.02 | Mem:0.00M, Peak:0.00M | Scene, ViewLayer | Synchronizing object | Mesh9
Fra:13 Mem:58.82M (Peak 143.53M) | Time:00:00.02 | Mem:0.00M, Peak:0.00M | Scene, ViewLayer | Synchronizing object | Mesh10
Fra:13 Mem:58.99M (Peak 143.53M) | Time:00:00.02 | Mem:0.00M, Peak:0.00M | Scene, ViewLayer | Synchronizing object | Mesh11
Fra:13 Mem:59.12M (Peak 143.53M) | Time:00:00.02 | Mem:0.00M, Peak:0.00M | Scene, ViewLayer | Synchronizing object | Mesh12
Fra:13 Mem:59.70M (Peak 143.53M) | Time:00:00.02 | Mem:0.00M, Peak:0.00M | Scene, ViewLayer | Synchronizing object | Mesh13
Fra:13 Mem:59.73M (Peak 143.53M) | Time:00:00.02 | Mem:0.00M, Peak:0.00M | Scene, ViewLayer | Synchronizing object | Mesh14
Fra:13 Mem:59.79M (Peak 143.53M) | Time:00:00.02 | Mem:0.00M, Peak:0.00M | Scene, ViewLayer | Synchronizing object | Mesh15
Fra:13 Mem:60.44M (Peak 143.53M) | Time:00:00.02 | Mem:0.00M, Peak:0.00M | Scene, ViewLayer | Synchronizing object | Mesh158
Fra:13 Mem:60.52M (Peak 143.53M) | Time:00:00.02 | Mem:0.00M, Peak:0.00M | Scene, ViewLayer | Synchronizing object | Mesh157
Fra:13 Mem:60.55M (Peak 143.53M) | Time:00:00.02 | Mem:0.00M, Peak:0.00M | Scene, ViewLayer | Synchronizing object | Mesh156
Fra:13 Mem:60.56M (Peak 143.53M) | Time:00:00.02 | Mem:0.00M, Peak:0.00M | Scene, ViewLayer | Synchronizing object | Mesh155
Fra:13 Mem:60.64M (Peak 143.53M) | Time:00:00.02 | Mem:0.00M, Peak:0.00M | Scene, ViewLayer | Synchronizing object | Mesh154
Fra:13 Mem:60.70M (Peak 143.53M) | Time:00:00.02 | Mem:0.00M, Peak:0.00M | Scene, ViewLayer | Synchronizing object | Mesh153
Fra:13 Mem:60.65M (Peak 143.53M) | Time:00:00.02 | Mem:0.00M, Peak:0.00M | Scene, ViewLayer | Synchronizing object | Mesh152
Fra:13 Mem:59.86M (Peak 143.53M) | Time:00:00.02 | Mem:0.00M, Peak:0.00M | Scene, ViewLayer | Synchronizing object | Mesh151
Fra:13 Mem:59.87M (Peak 143.53M) | Time:00:00.02 | Mem:0.00M, Peak:0.00M | Scene, ViewLayer | Synchronizing object | Mesh150
Fra:13 Mem:59.89M (Peak 143.53M) | Time:00:00.02 | Mem:0.00M, Peak:0.00M | Scene, ViewLayer | Synchronizing object | Mesh149
Fra:13 Mem:59.89M (Peak 143.53M) | Time:00:00.02 | Mem:0.00M, Peak:0.00M | Scene, ViewLayer | Synchronizing object | Mesh148
Fra:13 Mem:59.76M (Peak 143.53M) | Time:00:00.02 | Mem:0.00M, Peak:0.00M | Scene, ViewLayer | Synchronizing object | Mesh16
Fra:13 Mem:59.84M (Peak 143.53M) | Time:00:00.02 | Mem:0.00M, Peak:0.00M | Scene, ViewLayer | Synchronizing object | Mesh147
Fra:13 Mem:59.80M (Peak 143.53M) | Time:00:00.02 | Mem:0.00M, Peak:0.00M | Scene, ViewLayer | Synchronizing object | Mesh17
Fra:13 Mem:59.82M (Peak 143.53M) | Time:00:00.02 | Mem:0.00M, Peak:0.00M | Scene, ViewLayer | Synchronizing object | Mesh146
Fra:13 Mem:59.82M (Peak 143.53M) | Time:00:00.02 | Mem:0.00M, Peak:0.00M | Scene, ViewLayer | Synchronizing object | Mesh18
Fra:13 Mem:59.85M (Peak 143.53M) | Time:00:00.02 | Mem:0.00M, Peak:0.00M | Scene, ViewLayer | Synchronizing object | Mesh145
Fra:13 Mem:59.89M (Peak 143.53M) | Time:00:00.02 | Mem:0.00M, Peak:0.00M | Scene, ViewLayer | Synchronizing object | Mesh19
Fra:13 Mem:59.88M (Peak 143.53M) | Time:00:00.02 | Mem:0.00M, Peak:0.00M | Scene, ViewLayer | Synchronizing object | Mesh144
Fra:13 Mem:59.88M (Peak 143.53M) | Time:00:00.02 | Mem:0.00M, Peak:0.00M | Scene, ViewLayer | Synchronizing object | Mesh20
Fra:13 Mem:59.88M (Peak 143.53M) | Time:00:00.02 | Mem:0.00M, Peak:0.00M | Scene, ViewLayer | Synchronizing object | Mesh143
Fra:13 Mem:59.93M (Peak 143.53M) | Time:00:00.02 | Mem:0.00M, Peak:0.00M | Scene, ViewLayer | Synchronizing object | Mesh142
Fra:13 Mem:60.04M (Peak 143.53M) | Time:00:00.02 | Mem:0.00M, Peak:0.00M | Scene, ViewLayer | Synchronizing object | Mesh141
Fra:13 Mem:60.02M (Peak 143.53M) | Time:00:00.02 | Mem:0.00M, Peak:0.00M | Scene, ViewLayer | Synchronizing object | Mesh21
Fra:13 Mem:60.11M (Peak 143.53M) | Time:00:00.02 | Mem:0.00M, Peak:0.00M | Scene, ViewLayer | Synchronizing object | Mesh22
Fra:13 Mem:60.14M (Peak 143.53M) | Time:00:00.02 | Mem:0.00M, Peak:0.00M | Scene, ViewLayer | Synchronizing object | Mesh140
Fra:13 Mem:60.23M (Peak 143.53M) | Time:00:00.02 | Mem:0.00M, Peak:0.00M | Scene, ViewLayer | Synchronizing object | Mesh23
Fra:13 Mem:60.20M (Peak 143.53M) | Time:00:00.02 | Mem:0.00M, Peak:0.00M | Scene, ViewLayer | Synchronizing object | Mesh139
Fra:13 Mem:60.21M (Peak 143.53M) | Time:00:00.02 | Mem:0.00M, Peak:0.00M | Scene, ViewLayer | Synchronizing object | Mesh138
Fra:13 Mem:60.33M (Peak 143.53M) | Time:00:00.02 | Mem:0.00M, Peak:0.00M | Scene, ViewLayer | Synchronizing object | Mesh25
Fra:13 Mem:60.43M (Peak 143.53M) | Time:00:00.02 | Mem:0.00M, Peak:0.00M | Scene, ViewLayer | Synchronizing object | Mesh137
Fra:13 Mem:60.44M (Peak 143.53M) | Time:00:00.03 | Mem:0.00M, Peak:0.00M | Scene, ViewLayer | Synchronizing object | Mesh26
Fra:13 Mem:60.55M (Peak 143.53M) | Time:00:00.03 | Mem:0.00M, Peak:0.00M | Scene, ViewLayer | Synchronizing object | Mesh27
Fra:13 Mem:60.57M (Peak 143.53M) | Time:00:00.03 | Mem:0.00M, Peak:0.00M | Scene, ViewLayer | Synchronizing object | Mesh28
Fra:13 Mem:60.48M (Peak 143.53M) | Time:00:00.03 | Mem:0.00M, Peak:0.00M | Scene, ViewLayer | Synchronizing object | Mesh29
Fra:13 Mem:60.47M (Peak 143.53M) | Time:00:00.03 | Mem:0.00M, Peak:0.00M | Scene, ViewLayer | Synchronizing object | Mesh30
Fra:13 Mem:60.54M (Peak 143.53M) | Time:00:00.03 | Mem:0.00M, Peak:0.00M | Scene, ViewLayer | Synchronizing object | Mesh31
Fra:13 Mem:60.54M (Peak 143.53M) | Time:00:00.03 | Mem:0.00M, Peak:0.00M | Scene, ViewLayer | Synchronizing object | Mesh135
Fra:13 Mem:60.65M (Peak 143.53M) | Time:00:00.03 | Mem:0.00M, Peak:0.00M | Scene, ViewLayer | Synchronizing object | Mesh32
Fra:13 Mem:60.75M (Peak 143.53M) | Time:00:00.03 | Mem:0.00M, Peak:0.00M | Scene, ViewLayer | Synchronizing object | Mesh33
Fra:13 Mem:60.75M (Peak 143.53M) | Time:00:00.03 | Mem:0.00M, Peak:0.00M | Scene, ViewLayer | Synchronizing object | Mesh34
Fra:13 Mem:60.71M (Peak 143.53M) | Time:00:00.03 | Mem:0.00M, Peak:0.00M | Scene, ViewLayer | Synchronizing object | Mesh35
Fra:13 Mem:60.70M (Peak 143.53M) | Time:00:00.03 | Mem:0.00M, Peak:0.00M | Scene, ViewLayer | Synchronizing object | Mesh134
Fra:13 Mem:60.74M (Peak 143.53M) | Time:00:00.03 | Mem:0.00M, Peak:0.00M | Scene, ViewLayer | Synchronizing object | Mesh133
Fra:13 Mem:60.77M (Peak 143.53M) | Time:00:00.03 | Mem:0.00M, Peak:0.00M | Scene, ViewLayer | Synchronizing object | Mesh132
Fra:13 Mem:60.85M (Peak 143.53M) | Time:00:00.03 | Mem:0.00M, Peak:0.00M | Scene, ViewLayer | Synchronizing object | Mesh36
Fra:13 Mem:60.85M (Peak 143.53M) | Time:00:00.03 | Mem:0.00M, Peak:0.00M | Scene, ViewLayer | Synchronizing object | Mesh131
Fra:13 Mem:60.89M (Peak 143.53M) | Time:00:00.03 | Mem:0.00M, Peak:0.00M | Scene, ViewLayer | Synchronizing object | Mesh130
Fra:13 Mem:60.89M (Peak 143.53M) | Time:00:00.03 | Mem:0.00M, Peak:0.00M | Scene, ViewLayer | Synchronizing object | Mesh129
Fra:13 Mem:60.97M (Peak 143.53M) | Time:00:00.03 | Mem:0.00M, Peak:0.00M | Scene, ViewLayer | Synchronizing object | Mesh128
Fra:13 Mem:60.97M (Peak 143.53M) | Time:00:00.03 | Mem:0.00M, Peak:0.00M | Scene, ViewLayer | Synchronizing object | Mesh127
Fra:13 Mem:60.91M (Peak 143.53M) | Time:00:00.03 | Mem:0.00M, Peak:0.00M | Scene, ViewLayer | Synchronizing object | Mesh126
Fra:13 Mem:60.90M (Peak 143.53M) | Time:00:00.03 | Mem:0.00M, Peak:0.00M | Scene, ViewLayer | Synchronizing object | Mesh125
Fra:13 Mem:60.91M (Peak 143.53M) | Time:00:00.03 | Mem:0.00M, Peak:0.00M | Scene, ViewLayer | Synchronizing object | Mesh37
Fra:13 Mem:60.95M (Peak 143.53M) | Time:00:00.03 | Mem:0.00M, Peak:0.00M | Scene, ViewLayer | Synchronizing object | Mesh124
Fra:13 Mem:60.97M (Peak 143.53M) | Time:00:00.03 | Mem:0.00M, Peak:0.00M | Scene, ViewLayer | Synchronizing object | Mesh123
Fra:13 Mem:60.99M (Peak 143.53M) | Time:00:00.03 | Mem:0.00M, Peak:0.00M | Scene, ViewLayer | Synchronizing object | Mesh122
Fra:13 Mem:61.07M (Peak 143.53M) | Time:00:00.03 | Mem:0.00M, Peak:0.00M | Scene, ViewLayer | Synchronizing object | Mesh121
Fra:13 Mem:61.08M (Peak 143.53M) | Time:00:00.03 | Mem:0.00M, Peak:0.00M | Scene, ViewLayer | Synchronizing object | Mesh120
Fra:13 Mem:61.08M (Peak 143.53M) | Time:00:00.03 | Mem:0.00M, Peak:0.00M | Scene, ViewLayer | Synchronizing object | Mesh119
Fra:13 Mem:61.07M (Peak 143.53M) | Time:00:00.03 | Mem:0.00M, Peak:0.00M | Scene, ViewLayer | Synchronizing object | Mesh38
Fra:13 Mem:61.10M (Peak 143.53M) | Time:00:00.03 | Mem:0.00M, Peak:0.00M | Scene, ViewLayer | Synchronizing object | Mesh39
Fra:13 Mem:61.24M (Peak 143.53M) | Time:00:00.03 | Mem:0.00M, Peak:0.00M | Scene, ViewLayer | Synchronizing object | Mesh40
Fra:13 Mem:61.25M (Peak 143.53M) | Time:00:00.03 | Mem:0.00M, Peak:0.00M | Scene, ViewLayer | Synchronizing object | Mesh41
Fra:13 Mem:61.21M (Peak 143.53M) | Time:00:00.03 | Mem:0.00M, Peak:0.00M | Scene, ViewLayer | Synchronizing object | Mesh118
Fra:13 Mem:61.28M (Peak 143.53M) | Time:00:00.03 | Mem:0.00M, Peak:0.00M | Scene, ViewLayer | Synchronizing object | Mesh117
Fra:13 Mem:61.29M (Peak 143.53M) | Time:00:00.03 | Mem:0.00M, Peak:0.00M | Scene, ViewLayer | Synchronizing object | Mesh116
Fra:13 Mem:61.30M (Peak 143.53M) | Time:00:00.03 | Mem:0.00M, Peak:0.00M | Scene, ViewLayer | Synchronizing object | Mesh115
Fra:13 Mem:61.34M (Peak 143.53M) | Time:00:00.03 | Mem:0.00M, Peak:0.00M | Scene, ViewLayer | Synchronizing object | Mesh42
Fra:13 Mem:61.54M (Peak 143.53M) | Time:00:00.03 | Mem:0.00M, Peak:0.00M | Scene, ViewLayer | Synchronizing object | Mesh43
Fra:13 Mem:61.69M (Peak 143.53M) | Time:00:00.03 | Mem:0.00M, Peak:0.00M | Scene, ViewLayer | Synchronizing object | Mesh44
Fra:13 Mem:61.70M (Peak 143.53M) | Time:00:00.03 | Mem:0.00M, Peak:0.00M | Scene, ViewLayer | Synchronizing object | Mesh45
Fra:13 Mem:61.70M (Peak 143.53M) | Time:00:00.03 | Mem:0.00M, Peak:0.00M | Scene, ViewLayer | Synchronizing object | Mesh46
Fra:13 Mem:61.71M (Peak 143.53M) | Time:00:00.03 | Mem:0.00M, Peak:0.00M | Scene, ViewLayer | Synchronizing object | Mesh47
Fra:13 Mem:61.83M (Peak 143.53M) | Time:00:00.03 | Mem:0.00M, Peak:0.00M | Scene, ViewLayer | Synchronizing object | Mesh48
Fra:13 Mem:61.87M (Peak 143.53M) | Time:00:00.03 | Mem:0.00M, Peak:0.00M | Scene, ViewLayer | Synchronizing object | Mesh49
Fra:13 Mem:61.90M (Peak 143.53M) | Time:00:00.03 | Mem:0.00M, Peak:0.00M | Scene, ViewLayer | Synchronizing object | Mesh50
Fra:13 Mem:61.92M (Peak 143.53M) | Time:00:00.03 | Mem:0.00M, Peak:0.00M | Scene, ViewLayer | Synchronizing object | Mesh51
Fra:13 Mem:61.81M (Peak 143.53M) | Time:00:00.03 | Mem:0.00M, Peak:0.00M | Scene, ViewLayer | Synchronizing object | Mesh114
Fra:13 Mem:61.82M (Peak 143.53M) | Time:00:00.03 | Mem:0.00M, Peak:0.00M | Scene, ViewLayer | Synchronizing object | Mesh52
Fra:13 Mem:61.87M (Peak 143.53M) | Time:00:00.03 | Mem:0.00M, Peak:0.00M | Scene, ViewLayer | Synchronizing object | Mesh53
Fra:13 Mem:61.87M (Peak 143.53M) | Time:00:00.03 | Mem:0.00M, Peak:0.00M | Scene, ViewLayer | Synchronizing object | Mesh54
Fra:13 Mem:61.93M (Peak 143.53M) | Time:00:00.03 | Mem:0.00M, Peak:0.00M | Scene, ViewLayer | Synchronizing object | Mesh55
Fra:13 Mem:61.90M (Peak 143.53M) | Time:00:00.03 | Mem:0.00M, Peak:0.00M | Scene, ViewLayer | Synchronizing object | Mesh113
Fra:13 Mem:61.91M (Peak 143.53M) | Time:00:00.03 | Mem:0.00M, Peak:0.00M | Scene, ViewLayer | Synchronizing object | Mesh56
Fra:13 Mem:61.91M (Peak 143.53M) | Time:00:00.03 | Mem:0.00M, Peak:0.00M | Scene, ViewLayer | Synchronizing object | Mesh57
Fra:13 Mem:61.99M (Peak 143.53M) | Time:00:00.03 | Mem:0.00M, Peak:0.00M | Scene, ViewLayer | Synchronizing object | Mesh112
Fra:13 Mem:62.00M (Peak 143.53M) | Time:00:00.03 | Mem:0.00M, Peak:0.00M | Scene, ViewLayer | Synchronizing object | Mesh58
Fra:13 Mem:62.01M (Peak 143.53M) | Time:00:00.03 | Mem:0.00M, Peak:0.00M | Scene, ViewLayer | Synchronizing object | Mesh111
Fra:13 Mem:62.18M (Peak 143.53M) | Time:00:00.03 | Mem:0.00M, Peak:0.00M | Scene, ViewLayer | Synchronizing object | Mesh59
Fra:13 Mem:62.29M (Peak 143.53M) | Time:00:00.03 | Mem:0.00M, Peak:0.00M | Scene, ViewLayer | Synchronizing object | Mesh60
Fra:13 Mem:62.40M (Peak 143.53M) | Time:00:00.03 | Mem:0.00M, Peak:0.00M | Scene, ViewLayer | Synchronizing object | Mesh61
Fra:13 Mem:62.42M (Peak 143.53M) | Time:00:00.03 | Mem:0.00M, Peak:0.00M | Scene, ViewLayer | Synchronizing object | Mesh110
Fra:13 Mem:62.60M (Peak 143.53M) | Time:00:00.03 | Mem:0.00M, Peak:0.00M | Scene, ViewLayer | Synchronizing object | Mesh109
Fra:13 Mem:62.61M (Peak 143.53M) | Time:00:00.03 | Mem:0.00M, Peak:0.00M | Scene, ViewLayer | Synchronizing object | Mesh108
Fra:13 Mem:62.48M (Peak 143.53M) | Time:00:00.03 | Mem:0.00M, Peak:0.00M | Scene, ViewLayer | Synchronizing object | Mesh107
Fra:13 Mem:62.45M (Peak 143.53M) | Time:00:00.03 | Mem:0.00M, Peak:0.00M | Scene, ViewLayer | Synchronizing object | Mesh62
Fra:13 Mem:62.51M (Peak 143.53M) | Time:00:00.03 | Mem:0.00M, Peak:0.00M | Scene, ViewLayer | Synchronizing object | Mesh63
Fra:13 Mem:62.57M (Peak 143.53M) | Time:00:00.03 | Mem:0.00M, Peak:0.00M | Scene, ViewLayer | Synchronizing object | Mesh64
Fra:13 Mem:62.62M (Peak 143.53M) | Time:00:00.03 | Mem:0.00M, Peak:0.00M | Scene, ViewLayer | Synchronizing object | Mesh106
Fra:13 Mem:62.60M (Peak 143.53M) | Time:00:00.03 | Mem:0.00M, Peak:0.00M | Scene, ViewLayer | Synchronizing object | Mesh65
Fra:13 Mem:62.71M (Peak 143.53M) | Time:00:00.03 | Mem:0.00M, Peak:0.00M | Scene, ViewLayer | Synchronizing object | Mesh66
Fra:13 Mem:62.71M (Peak 143.53M) | Time:00:00.03 | Mem:0.00M, Peak:0.00M | Scene, ViewLayer | Synchronizing object | Mesh67
Fra:13 Mem:63.41M (Peak 143.53M) | Time:00:00.03 | Mem:0.00M, Peak:0.00M | Scene, ViewLayer | Synchronizing object | Mesh68
Fra:13 Mem:63.46M (Peak 143.53M) | Time:00:00.03 | Mem:0.00M, Peak:0.00M | Scene, ViewLayer | Synchronizing object | Mesh69
Fra:13 Mem:63.37M (Peak 143.53M) | Time:00:00.03 | Mem:0.00M, Peak:0.00M | Scene, ViewLayer | Synchronizing object | Mesh105
Fra:13 Mem:63.67M (Peak 143.53M) | Time:00:00.03 | Mem:0.00M, Peak:0.00M | Scene, ViewLayer | Synchronizing object | Mesh70
Fra:13 Mem:63.69M (Peak 143.53M) | Time:00:00.03 | Mem:0.00M, Peak:0.00M | Scene, ViewLayer | Synchronizing object | Mesh71
Fra:13 Mem:63.65M (Peak 143.53M) | Time:00:00.03 | Mem:0.00M, Peak:0.00M | Scene, ViewLayer | Synchronizing object | Mesh104
Fra:13 Mem:63.70M (Peak 143.53M) | Time:00:00.03 | Mem:0.00M, Peak:0.00M | Scene, ViewLayer | Synchronizing object | Mesh103
Fra:13 Mem:63.68M (Peak 143.53M) | Time:00:00.03 | Mem:0.00M, Peak:0.00M | Scene, ViewLayer | Synchronizing object | Mesh72
Fra:13 Mem:63.85M (Peak 143.53M) | Time:00:00.03 | Mem:0.00M, Peak:0.00M | Scene, ViewLayer | Synchronizing object | Mesh102
Fra:13 Mem:63.99M (Peak 143.53M) | Time:00:00.03 | Mem:0.00M, Peak:0.00M | Scene, ViewLayer | Synchronizing object | Mesh101
Fra:13 Mem:64.34M (Peak 143.53M) | Time:00:00.03 | Mem:0.00M, Peak:0.00M | Scene, ViewLayer | Synchronizing object | Mesh100
Fra:13 Mem:64.28M (Peak 143.53M) | Time:00:00.03 | Mem:0.00M, Peak:0.00M | Scene, ViewLayer | Synchronizing object | Mesh99
Fra:13 Mem:64.14M (Peak 143.53M) | Time:00:00.03 | Mem:0.00M, Peak:0.00M | Scene, ViewLayer | Synchronizing object | Mesh73
Fra:13 Mem:64.11M (Peak 143.53M) | Time:00:00.03 | Mem:0.00M, Peak:0.00M | Scene, ViewLayer | Synchronizing object | Mesh98
Fra:13 Mem:64.14M (Peak 143.53M) | Time:00:00.03 | Mem:0.00M, Peak:0.00M | Scene, ViewLayer | Synchronizing object | Mesh74
Fra:13 Mem:64.18M (Peak 143.53M) | Time:00:00.03 | Mem:0.00M, Peak:0.00M | Scene, ViewLayer | Synchronizing object | Mesh75
Fra:13 Mem:64.18M (Peak 143.53M) | Time:00:00.03 | Mem:0.00M, Peak:0.00M | Scene, ViewLayer | Synchronizing object | Mesh76
Fra:13 Mem:64.19M (Peak 143.53M) | Time:00:00.03 | Mem:0.00M, Peak:0.00M | Scene, ViewLayer | Synchronizing object | Mesh97
Fra:13 Mem:64.22M (Peak 143.53M) | Time:00:00.03 | Mem:0.00M, Peak:0.00M | Scene, ViewLayer | Synchronizing object | Mesh96
Fra:13 Mem:64.36M (Peak 143.53M) | Time:00:00.03 | Mem:0.00M, Peak:0.00M | Scene, ViewLayer | Synchronizing object | Mesh77
Fra:13 Mem:64.37M (Peak 143.53M) | Time:00:00.03 | Mem:0.00M, Peak:0.00M | Scene, ViewLayer | Synchronizing object | Mesh95
Fra:13 Mem:64.31M (Peak 143.53M) | Time:00:00.03 | Mem:0.00M, Peak:0.00M | Scene, ViewLayer | Synchronizing object | Mesh78
Fra:13 Mem:64.38M (Peak 143.53M) | Time:00:00.03 | Mem:0.00M, Peak:0.00M | Scene, ViewLayer | Synchronizing object | Mesh79
Fra:13 Mem:64.48M (Peak 143.53M) | Time:00:00.04 | Mem:0.00M, Peak:0.00M | Scene, ViewLayer | Synchronizing object | Mesh80
Fra:13 Mem:64.48M (Peak 143.53M) | Time:00:00.04 | Mem:0.00M, Peak:0.00M | Scene, ViewLayer | Synchronizing object | Mesh81
Fra:13 Mem:64.44M (Peak 143.53M) | Time:00:00.04 | Mem:0.00M, Peak:0.00M | Scene, ViewLayer | Synchronizing object | Mesh94
Fra:13 Mem:64.57M (Peak 143.53M) | Time:00:00.04 | Mem:0.00M, Peak:0.00M | Scene, ViewLayer | Synchronizing object | Mesh93
Fra:13 Mem:64.59M (Peak 143.53M) | Time:00:00.04 | Mem:0.00M, Peak:0.00M | Scene, ViewLayer | Synchronizing object | Mesh92
Fra:13 Mem:64.61M (Peak 143.53M) | Time:00:00.04 | Mem:0.00M, Peak:0.00M | Scene, ViewLayer | Synchronizing object | Mesh91
Fra:13 Mem:64.61M (Peak 143.53M) | Time:00:00.04 | Mem:0.00M, Peak:0.00M | Scene, ViewLayer | Synchronizing object | Mesh90
Fra:13 Mem:64.62M (Peak 143.53M) | Time:00:00.04 | Mem:0.00M, Peak:0.00M | Scene, ViewLayer | Synchronizing object | Mesh89
Fra:13 Mem:64.62M (Peak 143.53M) | Time:00:00.04 | Mem:0.00M, Peak:0.00M | Scene, ViewLayer | Synchronizing object | Mesh88
Fra:13 Mem:64.63M (Peak 143.53M) | Time:00:00.04 | Mem:0.00M, Peak:0.00M | Scene, ViewLayer | Synchronizing object | Mesh87
Fra:13 Mem:64.63M (Peak 143.53M) | Time:00:00.04 | Mem:0.00M, Peak:0.00M | Scene, ViewLayer | Synchronizing object | Mesh86
Fra:13 Mem:64.75M (Peak 143.53M) | Time:00:00.04 | Mem:0.00M, Peak:0.00M | Scene, ViewLayer | Synchronizing object | Mesh85
Fra:13 Mem:64.75M (Peak 143.53M) | Time:00:00.04 | Mem:0.00M, Peak:0.00M | Scene, ViewLayer | Synchronizing object | Mesh83
Fra:13 Mem:65.03M (Peak 143.53M) | Time:00:00.04 | Mem:0.00M, Peak:0.00M | Scene, ViewLayer | Synchronizing object | Mesh84
Fra:13 Mem:65.14M (Peak 143.53M) | Time:00:00.04 | Mem:0.00M, Peak:0.00M | Scene, ViewLayer | Initializing
Fra:13 Mem:56.30M (Peak 143.53M) | Time:00:00.05 | Mem:0.00M, Peak:0.00M | Scene, ViewLayer | Waiting for render to start
Fra:13 Mem:56.31M (Peak 143.53M) | Time:00:00.05 | Mem:0.00M, Peak:0.00M | Scene, ViewLayer | Loading render kernels (may take a few minutes the first time)
Fra:13 Mem:56.31M (Peak 143.53M) | Time:00:00.05 | Mem:0.00M, Peak:0.00M | Scene, ViewLayer | Updating Scene
Fra:13 Mem:56.31M (Peak 143.53M) | Time:00:00.05 | Mem:0.00M, Peak:0.00M | Scene, ViewLayer | Updating Shaders
Fra:13 Mem:56.40M (Peak 143.53M) | Time:00:00.05 | Mem:0.02M, Peak:0.02M | Scene, ViewLayer | Updating Procedurals
Fra:13 Mem:56.40M (Peak 143.53M) | Time:00:00.05 | Mem:0.02M, Peak:0.02M | Scene, ViewLayer | Updating Background
Fra:13 Mem:56.40M (Peak 143.53M) | Time:00:00.05 | Mem:0.02M, Peak:0.02M | Scene, ViewLayer | Updating Camera
Fra:13 Mem:56.40M (Peak 143.53M) | Time:00:00.05 | Mem:0.02M, Peak:0.02M | Scene, ViewLayer | Updating Meshes Flags
Fra:13 Mem:56.40M (Peak 143.53M) | Time:00:00.05 | Mem:0.02M, Peak:0.02M | Scene, ViewLayer | Updating Objects
Fra:13 Mem:56.40M (Peak 143.53M) | Time:00:00.05 | Mem:0.02M, Peak:0.02M | Scene, ViewLayer | Updating Objects | Copying Transformations to device
Fra:13 Mem:56.44M (Peak 143.53M) | Time:00:00.05 | Mem:0.05M, Peak:0.05M | Scene, ViewLayer | Updating Objects | Applying Static Transformations
Fra:13 Mem:56.44M (Peak 143.53M) | Time:00:00.05 | Mem:0.05M, Peak:0.05M | Scene, ViewLayer | Updating Particle Systems
Fra:13 Mem:56.44M (Peak 143.53M) | Time:00:00.05 | Mem:0.05M, Peak:0.05M | Scene, ViewLayer | Updating Particle Systems | Copying Particles to device
Fra:13 Mem:56.44M (Peak 143.53M) | Time:00:00.05 | Mem:0.05M, Peak:0.05M | Scene, ViewLayer | Updating Meshes
Fra:13 Mem:57.55M (Peak 143.53M) | Time:00:00.05 | Mem:0.05M, Peak:0.05M | Scene, ViewLayer | Updating Mesh | Computing attributes
Fra:13 Mem:59.61M (Peak 143.53M) | Time:00:00.05 | Mem:0.07M, Peak:0.07M | Scene, ViewLayer | Updating Mesh | Copying Attributes to device
Fra:13 Mem:59.59M (Peak 143.53M) | Time:00:00.05 | Mem:2.10M, Peak:2.10M | Scene, ViewLayer | Updating Scene BVH | Building
Fra:13 Mem:59.59M (Peak 143.53M) | Time:00:00.05 | Mem:2.10M, Peak:2.10M | Scene, ViewLayer | Updating Scene BVH | Building BVH
Fra:13 Mem:59.59M (Peak 143.53M) | Time:00:00.05 | Mem:4.30M, Peak:4.30M | Scene, ViewLayer | Updating Scene BVH | Building BVH 0%
Fra:13 Mem:59.59M (Peak 143.53M) | Time:00:00.07 | Mem:6.93M, Peak:9.14M | Scene, ViewLayer | Updating Scene BVH | Copying BVH to device
Fra:13 Mem:59.59M (Peak 143.53M) | Time:00:00.07 | Mem:6.93M, Peak:9.14M | Scene, ViewLayer | Updating Mesh | Computing normals
Fra:13 Mem:66.39M (Peak 143.53M) | Time:00:00.07 | Mem:6.93M, Peak:9.14M | Scene, ViewLayer | Updating Mesh | Copying Mesh to device
Fra:13 Mem:66.39M (Peak 143.53M) | Time:00:00.07 | Mem:13.73M, Peak:13.73M | Scene, ViewLayer | Updating Objects Flags
Fra:13 Mem:66.39M (Peak 143.53M) | Time:00:00.07 | Mem:13.73M, Peak:13.73M | Scene, ViewLayer | Updating Primitive Offsets
Fra:13 Mem:66.39M (Peak 143.53M) | Time:00:00.07 | Mem:13.73M, Peak:13.73M | Scene, ViewLayer | Updating Images
Fra:13 Mem:66.39M (Peak 143.53M) | Time:00:00.07 | Mem:13.73M, Peak:13.73M | Scene, ViewLayer | Updating Camera Volume
Fra:13 Mem:66.39M (Peak 143.53M) | Time:00:00.07 | Mem:13.73M, Peak:13.73M | Scene, ViewLayer | Updating Lookup Tables
Fra:13 Mem:66.39M (Peak 143.53M) | Time:00:00.07 | Mem:13.81M, Peak:13.81M | Scene, ViewLayer | Updating Lights
Fra:13 Mem:66.39M (Peak 143.53M) | Time:00:00.07 | Mem:13.81M, Peak:13.81M | Scene, ViewLayer | Updating Lights | Computing tree
Fra:13 Mem:66.39M (Peak 143.53M) | Time:00:00.07 | Mem:13.81M, Peak:13.81M | Scene, ViewLayer | Updating Integrator
Fra:13 Mem:66.39M (Peak 143.53M) | Time:00:00.07 | Mem:13.81M, Peak:13.81M | Scene, ViewLayer | Updating Film
Fra:13 Mem:66.39M (Peak 143.53M) | Time:00:00.07 | Mem:13.73M, Peak:13.81M | Scene, ViewLayer | Updating Lookup Tables
Fra:13 Mem:66.39M (Peak 143.53M) | Time:00:00.07 | Mem:13.82M, Peak:13.82M | Scene, ViewLayer | Updating Baking
Fra:13 Mem:66.39M (Peak 143.53M) | Time:00:00.07 | Mem:13.82M, Peak:13.82M | Scene, ViewLayer | Updating Device | Writing constant memory
Fra:13 Mem:66.40M (Peak 143.53M) | Time:00:00.07 | Mem:13.82M, Peak:13.82M | Scene, ViewLayer | Loading denoising kernels (may take a few minutes the first time)
Fra:13 Mem:66.40M (Peak 143.53M) | Time:00:00.07 | Mem:13.82M, Peak:13.82M | Scene, ViewLayer | Sample 0/2
Fra:13 Mem:103.98M (Peak 143.53M) | Time:00:00.12 | Remaining:00:00.05 | Mem:51.39M, Peak:51.39M | Scene, ViewLayer | Sample 1/2
Fra:13 Mem:119.80M (Peak 143.53M) | Time:00:09.29 | Mem:51.39M, Peak:51.39M | Scene, ViewLayer | Sample 2/2
Fra:13 Mem:119.80M (Peak 143.53M) | Time:00:09.29 | Mem:51.39M, Peak:51.39M | Scene, ViewLayer | Finished
Append frame 13
Time: 00:09.34 (Saving: 00:00.04)

Fra:14 Mem:55.82M (Peak 143.53M) | Time:00:00.01 | Mem:0.00M, Peak:0.00M | Scene, ViewLayer | Synchronizing object | Mesh1
Fra:14 Mem:55.86M (Peak 143.53M) | Time:00:00.01 | Mem:0.00M, Peak:0.00M | Scene, ViewLayer | Synchronizing object | Mesh2
Fra:14 Mem:55.93M (Peak 143.53M) | Time:00:00.01 | Mem:0.00M, Peak:0.00M | Scene, ViewLayer | Synchronizing object | Mesh3
Fra:14 Mem:56.02M (Peak 143.53M) | Time:00:00.01 | Mem:0.00M, Peak:0.00M | Scene, ViewLayer | Synchronizing object | Mesh168
Fra:14 Mem:56.06M (Peak 143.53M) | Time:00:00.01 | Mem:0.00M, Peak:0.00M | Scene, ViewLayer | Synchronizing object | Mesh4
Fra:14 Mem:56.08M (Peak 143.53M) | Time:00:00.01 | Mem:0.00M, Peak:0.00M | Scene, ViewLayer | Synchronizing object | Mesh5
Fra:14 Mem:56.15M (Peak 143.53M) | Time:00:00.01 | Mem:0.00M, Peak:0.00M | Scene, ViewLayer | Synchronizing object | Mesh6
Fra:14 Mem:56.20M (Peak 143.53M) | Time:00:00.01 | Mem:0.00M, Peak:0.00M | Scene, ViewLayer | Synchronizing object | Mesh167
Fra:14 Mem:56.81M (Peak 143.53M) | Time:00:00.01 | Mem:0.00M, Peak:0.00M | Scene, ViewLayer | Synchronizing object | Mesh7
Fra:14 Mem:58.53M (Peak 143.53M) | Time:00:00.02 | Mem:0.00M, Peak:0.00M | Scene, ViewLayer | Synchronizing object | Mesh166
Fra:14 Mem:58.59M (Peak 143.53M) | Time:00:00.02 | Mem:0.00M, Peak:0.00M | Scene, ViewLayer | Synchronizing object | Mesh165
Fra:14 Mem:58.17M (Peak 143.53M) | Time:00:00.02 | Mem:0.00M, Peak:0.00M | Scene, ViewLayer | Synchronizing object | Mesh164
Fra:14 Mem:58.36M (Peak 143.53M) | Time:00:00.02 | Mem:0.00M, Peak:0.00M | Scene, ViewLayer | Synchronizing object | Mesh163
Fra:14 Mem:58.63M (Peak 143.53M) | Time:00:00.02 | Mem:0.00M, Peak:0.00M | Scene, ViewLayer | Synchronizing object | Mesh162
Fra:14 Mem:57.89M (Peak 143.53M) | Time:00:00.02 | Mem:0.00M, Peak:0.00M | Scene, ViewLayer | Synchronizing object | Mesh161
Fra:14 Mem:57.79M (Peak 143.53M) | Time:00:00.02 | Mem:0.00M, Peak:0.00M | Scene, ViewLayer | Synchronizing object | Mesh8
Fra:14 Mem:57.75M (Peak 143.53M) | Time:00:00.02 | Mem:0.00M, Peak:0.00M | Scene, ViewLayer | Synchronizing object | Mesh160
Fra:14 Mem:57.82M (Peak 143.53M) | Time:00:00.02 | Mem:0.00M, Peak:0.00M | Scene, ViewLayer | Synchronizing object | Mesh159
Fra:14 Mem:57.83M (Peak 143.53M) | Time:00:00.02 | Mem:0.00M, Peak:0.00M | Scene, ViewLayer | Synchronizing object | Mesh9
Fra:14 Mem:58.03M (Peak 143.53M) | Time:00:00.02 | Mem:0.00M, Peak:0.00M | Scene, ViewLayer | Synchronizing object | Mesh10
Fra:14 Mem:58.65M (Peak 143.53M) | Time:00:00.02 | Mem:0.00M, Peak:0.00M | Scene, ViewLayer | Synchronizing object | Mesh11
Fra:14 Mem:58.71M (Peak 143.53M) | Time:00:00.02 | Mem:0.00M, Peak:0.00M | Scene, ViewLayer | Synchronizing object | Mesh12
Fra:14 Mem:58.77M (Peak 143.53M) | Time:00:00.02 | Mem:0.00M, Peak:0.00M | Scene, ViewLayer | Synchronizing object | Mesh13
Fra:14 Mem:58.91M (Peak 143.53M) | Time:00:00.02 | Mem:0.00M, Peak:0.00M | Scene, ViewLayer | Synchronizing object | Mesh14
Fra:14 Mem:58.97M (Peak 143.53M) | Time:00:00.02 | Mem:0.00M, Peak:0.00M | Scene, ViewLayer | Synchronizing object | Mesh15
Fra:14 Mem:60.44M (Peak 143.53M) | Time:00:00.02 | Mem:0.00M, Peak:0.00M | Scene, ViewLayer | Synchronizing object | Mesh158
Fra:14 Mem:59.64M (Peak 143.53M) | Time:00:00.02 | Mem:0.00M, Peak:0.00M | Scene, ViewLayer | Synchronizing object | Mesh157
Fra:14 Mem:59.67M (Peak 143.53M) | Time:00:00.02 | Mem:0.00M, Peak:0.00M | Scene, ViewLayer | Synchronizing object | Mesh156
Fra:14 Mem:59.51M (Peak 143.53M) | Time:00:00.02 | Mem:0.00M, Peak:0.00M | Scene, ViewLayer | Synchronizing object | Mesh16
Fra:14 Mem:59.54M (Peak 143.53M) | Time:00:00.02 | Mem:0.00M, Peak:0.00M | Scene, ViewLayer | Synchronizing object | Mesh155
Fra:14 Mem:59.68M (Peak 143.53M) | Time:00:00.02 | Mem:0.00M, Peak:0.00M | Scene, ViewLayer | Synchronizing object | Mesh154
Fra:14 Mem:59.70M (Peak 143.53M) | Time:00:00.02 | Mem:0.00M, Peak:0.00M | Scene, ViewLayer | Synchronizing object | Mesh17
Fra:14 Mem:59.79M (Peak 143.53M) | Time:00:00.02 | Mem:0.00M, Peak:0.00M | Scene, ViewLayer | Synchronizing object | Mesh18
Fra:14 Mem:59.74M (Peak 143.53M) | Time:00:00.02 | Mem:0.00M, Peak:0.00M | Scene, ViewLayer | Synchronizing object | Mesh19
Fra:14 Mem:59.75M (Peak 143.53M) | Time:00:00.02 | Mem:0.00M, Peak:0.00M | Scene, ViewLayer | Synchronizing object | Mesh153
Fra:14 Mem:59.75M (Peak 143.53M) | Time:00:00.02 | Mem:0.00M, Peak:0.00M | Scene, ViewLayer | Synchronizing object | Mesh20
Fra:14 Mem:59.88M (Peak 143.53M) | Time:00:00.03 | Mem:0.00M, Peak:0.00M | Scene, ViewLayer | Synchronizing object | Mesh152
Fra:14 Mem:59.90M (Peak 143.53M) | Time:00:00.03 | Mem:0.00M, Peak:0.00M | Scene, ViewLayer | Synchronizing object | Mesh151
Fra:14 Mem:59.98M (Peak 143.53M) | Time:00:00.03 | Mem:0.00M, Peak:0.00M | Scene, ViewLayer | Synchronizing object | Mesh150
Fra:14 Mem:59.99M (Peak 143.53M) | Time:00:00.03 | Mem:0.00M, Peak:0.00M | Scene, ViewLayer | Synchronizing object | Mesh149
Fra:14 Mem:59.99M (Peak 143.53M) | Time:00:00.03 | Mem:0.00M, Peak:0.00M | Scene, ViewLayer | Synchronizing object | Mesh148
Fra:14 Mem:59.94M (Peak 143.53M) | Time:00:00.03 | Mem:0.00M, Peak:0.00M | Scene, ViewLayer | Synchronizing object | Mesh21
Fra:14 Mem:59.99M (Peak 143.53M) | Time:00:00.03 | Mem:0.00M, Peak:0.00M | Scene, ViewLayer | Synchronizing object | Mesh22
Fra:14 Mem:59.97M (Peak 143.53M) | Time:00:00.03 | Mem:0.00M, Peak:0.00M | Scene, ViewLayer | Synchronizing object | Mesh147
Fra:14 Mem:60.04M (Peak 143.53M) | Time:00:00.03 | Mem:0.00M, Peak:0.00M | Scene, ViewLayer | Synchronizing object | Mesh146
Fra:14 Mem:60.05M (Peak 143.53M) | Time:00:00.03 | Mem:0.00M, Peak:0.00M | Scene, ViewLayer | Synchronizing object | Mesh145
Fra:14 Mem:60.11M (Peak 143.53M) | Time:00:00.03 | Mem:0.00M, Peak:0.00M | Scene, ViewLayer | Synchronizing object | Mesh144
Fra:14 Mem:60.12M (Peak 143.53M) | Time:00:00.03 | Mem:0.00M, Peak:0.00M | Scene, ViewLayer | Synchronizing object | Mesh143
Fra:14 Mem:60.12M (Peak 143.53M) | Time:00:00.03 | Mem:0.00M, Peak:0.00M | Scene, ViewLayer | Synchronizing object | Mesh142
Fra:14 Mem:60.10M (Peak 143.53M) | Time:00:00.03 | Mem:0.00M, Peak:0.00M | Scene, ViewLayer | Synchronizing object | Mesh23
Fra:14 Mem:60.14M (Peak 143.53M) | Time:00:00.03 | Mem:0.00M, Peak:0.00M | Scene, ViewLayer | Synchronizing object | Mesh24
Fra:14 Mem:60.22M (Peak 143.53M) | Time:00:00.03 | Mem:0.00M, Peak:0.00M | Scene, ViewLayer | Synchronizing object | Mesh25
Fra:14 Mem:60.15M (Peak 143.53M) | Time:00:00.03 | Mem:0.00M, Peak:0.00M | Scene, ViewLayer | Synchronizing object | Mesh141
Fra:14 Mem:60.31M (Peak 143.53M) | Time:00:00.03 | Mem:0.00M, Peak:0.00M | Scene, ViewLayer | Synchronizing object | Mesh140
Fra:14 Mem:60.26M (Peak 143.53M) | Time:00:00.03 | Mem:0.00M, Peak:0.00M | Scene, ViewLayer | Synchronizing object | Mesh26
Fra:14 Mem:60.39M (Peak 143.53M) | Time:00:00.03 | Mem:0.00M, Peak:0.00M | Scene, ViewLayer | Synchronizing object | Mesh27
Fra:14 Mem:60.40M (Peak 143.53M) | Time:00:00.03 | Mem:0.00M, Peak:0.00M | Scene, ViewLayer | Synchronizing object | Mesh28
Fra:14 Mem:60.34M (Peak 143.53M) | Time:00:00.03 | Mem:0.00M, Peak:0.00M | Scene, ViewLayer | Synchronizing object | Mesh29
Fra:14 Mem:60.34M (Peak 143.53M) | Time:00:00.03 | Mem:0.00M, Peak:0.00M | Scene, ViewLayer | Synchronizing object | Mesh139
Fra:14 Mem:60.34M (Peak 143.53M) | Time:00:00.03 | Mem:0.00M, Peak:0.00M | Scene, ViewLayer | Synchronizing object | Mesh30
Fra:14 Mem:60.40M (Peak 143.53M) | Time:00:00.03 | Mem:0.00M, Peak:0.00M | Scene, ViewLayer | Synchronizing object | Mesh138
Fra:14 Mem:60.51M (Peak 143.53M) | Time:00:00.03 | Mem:0.00M, Peak:0.00M | Scene, ViewLayer | Synchronizing object | Mesh31
Fra:14 Mem:60.54M (Peak 143.53M) | Time:00:00.03 | Mem:0.00M, Peak:0.00M | Scene, ViewLayer | Synchronizing object | Mesh32
Fra:14 Mem:60.63M (Peak 143.53M) | Time:00:00.03 | Mem:0.00M, Peak:0.00M | Scene, ViewLayer | Synchronizing object | Mesh33
Fra:14 Mem:60.63M (Peak 143.53M) | Time:00:00.03 | Mem:0.00M, Peak:0.00M | Scene, ViewLayer | Synchronizing object | Mesh34
Fra:14 Mem:60.58M (Peak 143.53M) | Time:00:00.03 | Mem:0.00M, Peak:0.00M | Scene, ViewLayer | Synchronizing object | Mesh137
Fra:14 Mem:60.58M (Peak 143.53M) | Time:00:00.03 | Mem:0.00M, Peak:0.00M | Scene, ViewLayer | Synchronizing object | Mesh35
Fra:14 Mem:60.82M (Peak 143.53M) | Time:00:00.03 | Mem:0.00M, Peak:0.00M | Scene, ViewLayer | Synchronizing object | Mesh36
Fra:14 Mem:60.79M (Peak 143.53M) | Time:00:00.03 | Mem:0.00M, Peak:0.00M | Scene, ViewLayer | Synchronizing object | Mesh136
Fra:14 Mem:60.87M (Peak 143.53M) | Time:00:00.03 | Mem:0.00M, Peak:0.00M | Scene, ViewLayer | Synchronizing object | Mesh135
Fra:14 Mem:60.85M (Peak 143.53M) | Time:00:00.03 | Mem:0.00M, Peak:0.00M | Scene, ViewLayer | Synchronizing object | Mesh37
Fra:14 Mem:60.83M (Peak 143.53M) | Time:00:00.03 | Mem:0.00M, Peak:0.00M | Scene, ViewLayer | Synchronizing object | Mesh134
Fra:14 Mem:60.87M (Peak 143.53M) | Time:00:00.03 | Mem:0.00M, Peak:0.00M | Scene, ViewLayer | Synchronizing object | Mesh133
Fra:14 Mem:60.91M (Peak 143.53M) | Time:00:00.03 | Mem:0.00M, Peak:0.00M | Scene, ViewLayer | Synchronizing object | Mesh132
Fra:14 Mem:60.92M (Peak 143.53M) | Time:00:00.03 | Mem:0.00M, Peak:0.00M | Scene, ViewLayer | Synchronizing object | Mesh131
Fra:14 Mem:60.92M (Peak 143.53M) | Time:00:00.03 | Mem:0.00M, Peak:0.00M | Scene, ViewLayer | Synchronizing object | Mesh130
Fra:14 Mem:60.93M (Peak 143.53M) | Time:00:00.03 | Mem:0.00M, Peak:0.00M | Scene, ViewLayer | Synchronizing object | Mesh129
Fra:14 Mem:60.93M (Peak 143.53M) | Time:00:00.03 | Mem:0.00M, Peak:0.00M | Scene, ViewLayer | Synchronizing object | Mesh128
Fra:14 Mem:60.94M (Peak 143.53M) | Time:00:00.03 | Mem:0.00M, Peak:0.00M | Scene, ViewLayer | Synchronizing object | Mesh127
Fra:14 Mem:60.94M (Peak 143.53M) | Time:00:00.03 | Mem:0.00M, Peak:0.00M | Scene, ViewLayer | Synchronizing object | Mesh39
Fra:14 Mem:60.98M (Peak 143.53M) | Time:00:00.03 | Mem:0.00M, Peak:0.00M | Scene, ViewLayer | Synchronizing object | Mesh126
Fra:14 Mem:61.03M (Peak 143.53M) | Time:00:00.03 | Mem:0.00M, Peak:0.00M | Scene, ViewLayer | Synchronizing object | Mesh125
Fra:14 Mem:61.04M (Peak 143.53M) | Time:00:00.03 | Mem:0.00M, Peak:0.00M | Scene, ViewLayer | Synchronizing object | Mesh124
Fra:14 Mem:60.99M (Peak 143.53M) | Time:00:00.03 | Mem:0.00M, Peak:0.00M | Scene, ViewLayer | Synchronizing object | Mesh40
Fra:14 Mem:61.00M (Peak 143.53M) | Time:00:00.03 | Mem:0.00M, Peak:0.00M | Scene, ViewLayer | Synchronizing object | Mesh123
Fra:14 Mem:61.02M (Peak 143.53M) | Time:00:00.03 | Mem:0.00M, Peak:0.00M | Scene, ViewLayer | Synchronizing object | Mesh122
Fra:14 Mem:61.02M (Peak 143.53M) | Time:00:00.03 | Mem:0.00M, Peak:0.00M | Scene, ViewLayer | Synchronizing object | Mesh41
Fra:14 Mem:61.02M (Peak 143.53M) | Time:00:00.03 | Mem:0.00M, Peak:0.00M | Scene, ViewLayer | Synchronizing object | Mesh121
Fra:14 Mem:61.06M (Peak 143.53M) | Time:00:00.03 | Mem:0.00M, Peak:0.00M | Scene, ViewLayer | Synchronizing object | Mesh120
Fra:14 Mem:61.11M (Peak 143.53M) | Time:00:00.03 | Mem:0.00M, Peak:0.00M | Scene, ViewLayer | Synchronizing object | Mesh119
Fra:14 Mem:61.31M (Peak 143.53M) | Time:00:00.03 | Mem:0.00M, Peak:0.00M | Scene, ViewLayer | Synchronizing object | Mesh42
Fra:14 Mem:61.41M (Peak 143.53M) | Time:00:00.03 | Mem:0.00M, Peak:0.00M | Scene, ViewLayer | Synchronizing object | Mesh43
Fra:14 Mem:61.45M (Peak 143.53M) | Time:00:00.03 | Mem:0.00M, Peak:0.00M | Scene, ViewLayer | Synchronizing object | Mesh44
Fra:14 Mem:61.46M (Peak 143.53M) | Time:00:00.03 | Mem:0.00M, Peak:0.00M | Scene, ViewLayer | Synchronizing object | Mesh45
Fra:14 Mem:61.45M (Peak 143.53M) | Time:00:00.03 | Mem:0.00M, Peak:0.00M | Scene, ViewLayer | Synchronizing object | Mesh46
Fra:14 Mem:61.35M (Peak 143.53M) | Time:00:00.03 | Mem:0.00M, Peak:0.00M | Scene, ViewLayer | Synchronizing object | Mesh47
Fra:14 Mem:61.37M (Peak 143.53M) | Time:00:00.03 | Mem:0.00M, Peak:0.00M | Scene, ViewLayer | Synchronizing object | Mesh48
Fra:14 Mem:61.36M (Peak 143.53M) | Time:00:00.03 | Mem:0.00M, Peak:0.00M | Scene, ViewLayer | Synchronizing object | Mesh118
Fra:14 Mem:61.40M (Peak 143.53M) | Time:00:00.03 | Mem:0.00M, Peak:0.00M | Scene, ViewLayer | Synchronizing object | Mesh117
Fra:14 Mem:61.39M (Peak 143.53M) | Time:00:00.03 | Mem:0.00M, Peak:0.00M | Scene, ViewLayer | Synchronizing object | Mesh49
Fra:14 Mem:61.45M (Peak 143.53M) | Time:00:00.03 | Mem:0.00M, Peak:0.00M | Scene, ViewLayer | Synchronizing object | Mesh50
Fra:14 Mem:61.45M (Peak 143.53M) | Time:00:00.03 | Mem:0.00M, Peak:0.00M | Scene, ViewLayer | Synchronizing object | Mesh51
Fra:14 Mem:61.45M (Peak 143.53M) | Time:00:00.03 | Mem:0.00M, Peak:0.00M | Scene, ViewLayer | Synchronizing object | Mesh116
Fra:14 Mem:61.45M (Peak 143.53M) | Time:00:00.03 | Mem:0.00M, Peak:0.00M | Scene, ViewLayer | Synchronizing object | Mesh52
Fra:14 Mem:61.48M (Peak 143.53M) | Time:00:00.03 | Mem:0.00M, Peak:0.00M | Scene, ViewLayer | Synchronizing object | Mesh53
Fra:14 Mem:61.48M (Peak 143.53M) | Time:00:00.03 | Mem:0.00M, Peak:0.00M | Scene, ViewLayer | Synchronizing object | Mesh115
Fra:14 Mem:61.49M (Peak 143.53M) | Time:00:00.03 | Mem:0.00M, Peak:0.00M | Scene, ViewLayer | Synchronizing object | Mesh54
Fra:14 Mem:61.75M (Peak 143.53M) | Time:00:00.03 | Mem:0.00M, Peak:0.00M | Scene, ViewLayer | Synchronizing object | Mesh55
Fra:14 Mem:61.76M (Peak 143.53M) | Time:00:00.03 | Mem:0.00M, Peak:0.00M | Scene, ViewLayer | Synchronizing object | Mesh56
Fra:14 Mem:61.77M (Peak 143.53M) | Time:00:00.03 | Mem:0.00M, Peak:0.00M | Scene, ViewLayer | Synchronizing object | Mesh57
Fra:14 Mem:61.95M (Peak 143.53M) | Time:00:00.03 | Mem:0.00M, Peak:0.00M | Scene, ViewLayer | Synchronizing object | Mesh58
Fra:14 Mem:62.08M (Peak 143.53M) | Time:00:00.03 | Mem:0.00M, Peak:0.00M | Scene, ViewLayer | Synchronizing object | Mesh59
Fra:14 Mem:62.03M (Peak 143.53M) | Time:00:00.03 | Mem:0.00M, Peak:0.00M | Scene, ViewLayer | Synchronizing object | Mesh114
Fra:14 Mem:62.10M (Peak 143.53M) | Time:00:00.03 | Mem:0.00M, Peak:0.00M | Scene, ViewLayer | Synchronizing object | Mesh113
Fra:14 Mem:62.06M (Peak 143.53M) | Time:00:00.03 | Mem:0.00M, Peak:0.00M | Scene, ViewLayer | Synchronizing object | Mesh60
Fra:14 Mem:62.13M (Peak 143.53M) | Time:00:00.03 | Mem:0.00M, Peak:0.00M | Scene, ViewLayer | Synchronizing object | Mesh112
Fra:14 Mem:62.20M (Peak 143.53M) | Time:00:00.03 | Mem:0.00M, Peak:0.00M | Scene, ViewLayer | Synchronizing object | Mesh111
Fra:14 Mem:62.17M (Peak 143.53M) | Time:00:00.03 | Mem:0.00M, Peak:0.00M | Scene, ViewLayer | Synchronizing object | Mesh61
Fra:14 Mem:62.38M (Peak 143.53M) | Time:00:00.03 | Mem:0.00M, Peak:0.00M | Scene, ViewLayer | Synchronizing object | Mesh62
Fra:14 Mem:62.42M (Peak 143.53M) | Time:00:00.03 | Mem:0.00M, Peak:0.00M | Scene, ViewLayer | Synchronizing object | Mesh110
Fra:14 Mem:62.42M (Peak 143.53M) | Time:00:00.03 | Mem:0.00M, Peak:0.00M | Scene, ViewLayer | Synchronizing object | Mesh63
Fra:14 Mem:62.49M (Peak 143.53M) | Time:00:00.03 | Mem:0.00M, Peak:0.00M | Scene, ViewLayer | Synchronizing object | Mesh64
Fra:14 Mem:62.59M (Peak 143.53M) | Time:00:00.03 | Mem:0.00M, Peak:0.00M | Scene, ViewLayer | Synchronizing object | Mesh65
Fra:14 Mem:62.64M (Peak 143.53M) | Time:00:00.03 | Mem:0.00M, Peak:0.00M | Scene, ViewLayer | Synchronizing object | Mesh66
Fra:14 Mem:62.61M (Peak 143.53M) | Time:00:00.03 | Mem:0.00M, Peak:0.00M | Scene, ViewLayer | Synchronizing object | Mesh67
Fra:14 Mem:62.61M (Peak 143.53M) | Time:00:00.03 | Mem:0.00M, Peak:0.00M | Scene, ViewLayer | Synchronizing object | Mesh109
Fra:14 Mem:62.71M (Peak 143.53M) | Time:00:00.03 | Mem:0.00M, Peak:0.00M | Scene, ViewLayer | Synchronizing object | Mesh108
Fra:14 Mem:62.86M (Peak 143.53M) | Time:00:00.03 | Mem:0.00M, Peak:0.00M | Scene, ViewLayer | Synchronizing object | Mesh107
Fra:14 Mem:63.07M (Peak 143.53M) | Time:00:00.03 | Mem:0.00M, Peak:0.00M | Scene, ViewLayer | Synchronizing object | Mesh106
Fra:14 Mem:63.05M (Peak 143.53M) | Time:00:00.03 | Mem:0.00M, Peak:0.00M | Scene, ViewLayer | Synchronizing object | Mesh68
Fra:14 Mem:63.46M (Peak 143.53M) | Time:00:00.03 | Mem:0.00M, Peak:0.00M | Scene, ViewLayer | Synchronizing object | Mesh69
Fra:14 Mem:63.60M (Peak 143.53M) | Time:00:00.03 | Mem:0.00M, Peak:0.00M | Scene, ViewLayer | Synchronizing object | Mesh105
Fra:14 Mem:63.55M (Peak 143.53M) | Time:00:00.03 | Mem:0.00M, Peak:0.00M | Scene, ViewLayer | Synchronizing object | Mesh70
Fra:14 Mem:63.87M (Peak 143.53M) | Time:00:00.03 | Mem:0.00M, Peak:0.00M | Scene, ViewLayer | Synchronizing object | Mesh71
Fra:14 Mem:63.88M (Peak 143.53M) | Time:00:00.03 | Mem:0.00M, Peak:0.00M | Scene, ViewLayer | Synchronizing object | Mesh72
Fra:14 Mem:63.95M (Peak 143.53M) | Time:00:00.03 | Mem:0.00M, Peak:0.00M | Scene, ViewLayer | Synchronizing object | Mesh104
Fra:14 Mem:63.99M (Peak 143.53M) | Time:00:00.03 | Mem:0.00M, Peak:0.00M | Scene, ViewLayer | Synchronizing object | Mesh103
Fra:14 Mem:64.28M (Peak 143.53M) | Time:00:00.03 | Mem:0.00M, Peak:0.00M | Scene, ViewLayer | Synchronizing object | Mesh102
Fra:14 Mem:64.30M (Peak 143.53M) | Time:00:00.03 | Mem:0.00M, Peak:0.00M | Scene, ViewLayer | Synchronizing object | Mesh101
Fra:14 Mem:64.34M (Peak 143.53M) | Time:00:00.04 | Mem:0.00M, Peak:0.00M | Scene, ViewLayer | Synchronizing object | Mesh100
Fra:14 Mem:64.11M (Peak 143.53M) | Time:00:00.04 | Mem:0.00M, Peak:0.00M | Scene, ViewLayer | Synchronizing object | Mesh99
Fra:14 Mem:64.14M (Peak 143.53M) | Time:00:00.04 | Mem:0.00M, Peak:0.00M | Scene, ViewLayer | Synchronizing object | Mesh73
Fra:14 Mem:64.14M (Peak 143.53M) | Time:00:00.04 | Mem:0.00M, Peak:0.00M | Scene, ViewLayer | Synchronizing object | Mesh98
Fra:14 Mem:64.17M (Peak 143.53M) | Time:00:00.04 | Mem:0.00M, Peak:0.00M | Scene, ViewLayer | Synchronizing object | Mesh74
Fra:14 Mem:64.18M (Peak 143.53M) | Time:00:00.04 | Mem:0.00M, Peak:0.00M | Scene, ViewLayer | Synchronizing object | Mesh75
Fra:14 Mem:64.19M (Peak 143.53M) | Time:00:00.04 | Mem:0.00M, Peak:0.00M | Scene, ViewLayer | Synchronizing object | Mesh76
Fra:14 Mem:64.19M (Peak 143.53M) | Time:00:00.04 | Mem:0.00M, Peak:0.00M | Scene, ViewLayer | Synchronizing object | Mesh97
Fra:14 Mem:64.21M (Peak 143.53M) | Time:00:00.04 | Mem:0.00M, Peak:0.00M | Scene, ViewLayer | Synchronizing object | Mesh96
Fra:14 Mem:64.36M (Peak 143.53M) | Time:00:00.04 | Mem:0.00M, Peak:0.00M | Scene, ViewLayer | Synchronizing object | Mesh77
Fra:14 Mem:64.37M (Peak 143.53M) | Time:00:00.04 | Mem:0.00M, Peak:0.00M | Scene, ViewLayer | Synchronizing object | Mesh95
Fra:14 Mem:64.37M (Peak 143.53M) | Time:00:00.04 | Mem:0.00M, Peak:0.00M | Scene, ViewLayer | Synchronizing object | Mesh78
Fra:14 Mem:64.38M (Peak 143.53M) | Time:00:00.04 | Mem:0.00M, Peak:0.00M | Scene, ViewLayer | Synchronizing object | Mesh79
Fra:14 Mem:64.48M (Peak 143.53M) | Time:00:00.04 | Mem:0.00M, Peak:0.00M | Scene, ViewLayer | Synchronizing object | Mesh80
Fra:14 Mem:64.48M (Peak 143.53M) | Time:00:00.04 | Mem:0.00M, Peak:0.00M | Scene, ViewLayer | Synchronizing object | Mesh81
Fra:14 Mem:64.69M (Peak 143.53M) | Time:00:00.04 | Mem:0.00M, Peak:0.00M | Scene, ViewLayer | Synchronizing object | Mesh94
Fra:14 Mem:64.72M (Peak 143.53M) | Time:00:00.04 | Mem:0.00M, Peak:0.00M | Scene, ViewLayer | Synchronizing object | Mesh93
Fra:14 Mem:64.75M (Peak 143.53M) | Time:00:00.04 | Mem:0.00M, Peak:0.00M | Scene, ViewLayer | Synchronizing object | Mesh92
Fra:14 Mem:64.83M (Peak 143.53M) | Time:00:00.04 | Mem:0.00M, Peak:0.00M | Scene, ViewLayer | Synchronizing object | Mesh91
Fra:14 Mem:64.84M (Peak 143.53M) | Time:00:00.04 | Mem:0.00M, Peak:0.00M | Scene, ViewLayer | Synchronizing object | Mesh90
Fra:14 Mem:64.84M (Peak 143.53M) | Time:00:00.04 | Mem:0.00M, Peak:0.00M | Scene, ViewLayer | Synchronizing object | Mesh89
Fra:14 Mem:64.86M (Peak 143.53M) | Time:00:00.04 | Mem:0.00M, Peak:0.00M | Scene, ViewLayer | Synchronizing object | Mesh88
Fra:14 Mem:64.57M (Peak 143.53M) | Time:00:00.04 | Mem:0.00M, Peak:0.00M | Scene, ViewLayer | Synchronizing object | Mesh87
Fra:14 Mem:64.69M (Peak 143.53M) | Time:00:00.04 | Mem:0.00M, Peak:0.00M | Scene, ViewLayer | Synchronizing object | Mesh86
Fra:14 Mem:64.93M (Peak 143.53M) | Time:00:00.04 | Mem:0.00M, Peak:0.00M | Scene, ViewLayer | Synchronizing object | Mesh85
Fra:14 Mem:64.89M (Peak 143.53M) | Time:00:00.04 | Mem:0.00M, Peak:0.00M | Scene, ViewLayer | Synchronizing object | Mesh82
Fra:14 Mem:64.94M (Peak 143.53M) | Time:00:00.04 | Mem:0.00M, Peak:0.00M | Scene, ViewLayer | Synchronizing object | Mesh84
Fra:14 Mem:65.15M (Peak 143.53M) | Time:00:00.04 | Mem:0.00M, Peak:0.00M | Scene, ViewLayer | Synchronizing object | Mesh83
Fra:14 Mem:65.14M (Peak 143.53M) | Time:00:00.04 | Mem:0.00M, Peak:0.00M | Scene, ViewLayer | Initializing
Fra:14 Mem:56.30M (Peak 143.53M) | Time:00:00.04 | Mem:0.00M, Peak:0.00M | Scene, ViewLayer | Waiting for render to start
Fra:14 Mem:56.31M (Peak 143.53M) | Time:00:00.04 | Mem:0.00M, Peak:0.00M | Scene, ViewLayer | Loading render kernels (may take a few minutes the first time)
Fra:14 Mem:56.31M (Peak 143.53M) | Time:00:00.04 | Mem:0.00M, Peak:0.00M | Scene, ViewLayer | Updating Scene
Fra:14 Mem:56.31M (Peak 143.53M) | Time:00:00.04 | Mem:0.00M, Peak:0.00M | Scene, ViewLayer | Updating Shaders
Fra:14 Mem:56.40M (Peak 143.53M) | Time:00:00.05 | Mem:0.02M, Peak:0.02M | Scene, ViewLayer | Updating Procedurals
Fra:14 Mem:56.40M (Peak 143.53M) | Time:00:00.05 | Mem:0.02M, Peak:0.02M | Scene, ViewLayer | Updating Background
Fra:14 Mem:56.40M (Peak 143.53M) | Time:00:00.05 | Mem:0.02M, Peak:0.02M | Scene, ViewLayer | Updating Camera
Fra:14 Mem:56.40M (Peak 143.53M) | Time:00:00.05 | Mem:0.02M, Peak:0.02M | Scene, ViewLayer | Updating Meshes Flags
Fra:14 Mem:56.40M (Peak 143.53M) | Time:00:00.05 | Mem:0.02M, Peak:0.02M | Scene, ViewLayer | Updating Objects
Fra:14 Mem:56.40M (Peak 143.53M) | Time:00:00.05 | Mem:0.02M, Peak:0.02M | Scene, ViewLayer | Updating Objects | Copying Transformations to device
Fra:14 Mem:56.44M (Peak 143.53M) | Time:00:00.05 | Mem:0.05M, Peak:0.05M | Scene, ViewLayer | Updating Objects | Applying Static Transformations
Fra:14 Mem:56.44M (Peak 143.53M) | Time:00:00.05 | Mem:0.05M, Peak:0.05M | Scene, ViewLayer | Updating Particle Systems
Fra:14 Mem:56.44M (Peak 143.53M) | Time:00:00.05 | Mem:0.05M, Peak:0.05M | Scene, ViewLayer | Updating Particle Systems | Copying Particles to device
Fra:14 Mem:56.44M (Peak 143.53M) | Time:00:00.05 | Mem:0.05M, Peak:0.05M | Scene, ViewLayer | Updating Meshes
Fra:14 Mem:57.55M (Peak 143.53M) | Time:00:00.05 | Mem:0.05M, Peak:0.05M | Scene, ViewLayer | Updating Mesh | Computing attributes
Fra:14 Mem:59.61M (Peak 143.53M) | Time:00:00.05 | Mem:0.07M, Peak:0.07M | Scene, ViewLayer | Updating Mesh | Copying Attributes to device
Fra:14 Mem:59.59M (Peak 143.53M) | Time:00:00.05 | Mem:2.10M, Peak:2.10M | Scene, ViewLayer | Updating Scene BVH | Building
Fra:14 Mem:59.59M (Peak 143.53M) | Time:00:00.05 | Mem:2.10M, Peak:2.10M | Scene, ViewLayer | Updating Scene BVH | Building BVH
Fra:14 Mem:59.59M (Peak 143.53M) | Time:00:00.05 | Mem:4.30M, Peak:4.30M | Scene, ViewLayer | Updating Scene BVH | Building BVH 0%
Fra:14 Mem:59.59M (Peak 143.53M) | Time:00:00.06 | Mem:6.93M, Peak:9.14M | Scene, ViewLayer | Updating Scene BVH | Copying BVH to device
Fra:14 Mem:59.59M (Peak 143.53M) | Time:00:00.06 | Mem:6.93M, Peak:9.14M | Scene, ViewLayer | Updating Mesh | Computing normals
Fra:14 Mem:66.39M (Peak 143.53M) | Time:00:00.07 | Mem:6.93M, Peak:9.14M | Scene, ViewLayer | Updating Mesh | Copying Mesh to device
Fra:14 Mem:66.39M (Peak 143.53M) | Time:00:00.07 | Mem:13.73M, Peak:13.73M | Scene, ViewLayer | Updating Objects Flags
Fra:14 Mem:66.39M (Peak 143.53M) | Time:00:00.07 | Mem:13.73M, Peak:13.73M | Scene, ViewLayer | Updating Primitive Offsets
Fra:14 Mem:66.39M (Peak 143.53M) | Time:00:00.07 | Mem:13.73M, Peak:13.73M | Scene, ViewLayer | Updating Images
Fra:14 Mem:66.39M (Peak 143.53M) | Time:00:00.07 | Mem:13.73M, Peak:13.73M | Scene, ViewLayer | Updating Camera Volume
Fra:14 Mem:66.39M (Peak 143.53M) | Time:00:00.07 | Mem:13.73M, Peak:13.73M | Scene, ViewLayer | Updating Lookup Tables
Fra:14 Mem:66.39M (Peak 143.53M) | Time:00:00.07 | Mem:13.81M, Peak:13.81M | Scene, ViewLayer | Updating Lights
Fra:14 Mem:66.39M (Peak 143.53M) | Time:00:00.07 | Mem:13.81M, Peak:13.81M | Scene, ViewLayer | Updating Lights | Computing tree
Fra:14 Mem:66.39M (Peak 143.53M) | Time:00:00.07 | Mem:13.81M, Peak:13.81M | Scene, ViewLayer | Updating Integrator
Fra:14 Mem:66.39M (Peak 143.53M) | Time:00:00.07 | Mem:13.81M, Peak:13.81M | Scene, ViewLayer | Updating Film
Fra:14 Mem:66.39M (Peak 143.53M) | Time:00:00.07 | Mem:13.73M, Peak:13.81M | Scene, ViewLayer | Updating Lookup Tables
Fra:14 Mem:66.39M (Peak 143.53M) | Time:00:00.07 | Mem:13.82M, Peak:13.82M | Scene, ViewLayer | Updating Baking
Fra:14 Mem:66.39M (Peak 143.53M) | Time:00:00.07 | Mem:13.82M, Peak:13.82M | Scene, ViewLayer | Updating Device | Writing constant memory
Fra:14 Mem:66.40M (Peak 143.53M) | Time:00:00.07 | Mem:13.82M, Peak:13.82M | Scene, ViewLayer | Loading denoising kernels (may take a few minutes the first time)
Fra:14 Mem:66.40M (Peak 143.53M) | Time:00:00.07 | Mem:13.82M, Peak:13.82M | Scene, ViewLayer | Sample 0/2
Fra:14 Mem:103.98M (Peak 143.53M) | Time:00:00.12 | Remaining:00:00.05 | Mem:51.39M, Peak:51.39M | Scene, ViewLayer | Sample 1/2
Fra:14 Mem:119.80M (Peak 143.53M) | Time:00:09.25 | Mem:51.39M, Peak:51.39M | Scene, ViewLayer | Sample 2/2
Fra:14 Mem:119.80M (Peak 143.53M) | Time:00:09.25 | Mem:51.39M, Peak:51.39M | Scene, ViewLayer | Finished
Append frame 14
Time: 00:09.30 (Saving: 00:00.05)

Fra:15 Mem:55.82M (Peak 143.53M) | Time:00:00.01 | Mem:0.00M, Peak:0.00M | Scene, ViewLayer | Synchronizing object | Mesh1
Fra:15 Mem:55.86M (Peak 143.53M) | Time:00:00.01 | Mem:0.00M, Peak:0.00M | Scene, ViewLayer | Synchronizing object | Mesh2
Fra:15 Mem:55.92M (Peak 143.53M) | Time:00:00.01 | Mem:0.00M, Peak:0.00M | Scene, ViewLayer | Synchronizing object | Mesh3
Fra:15 Mem:56.01M (Peak 143.53M) | Time:00:00.01 | Mem:0.00M, Peak:0.00M | Scene, ViewLayer | Synchronizing object | Mesh4
Fra:15 Mem:56.02M (Peak 143.53M) | Time:00:00.01 | Mem:0.00M, Peak:0.00M | Scene, ViewLayer | Synchronizing object | Mesh5
Fra:15 Mem:56.05M (Peak 143.53M) | Time:00:00.01 | Mem:0.00M, Peak:0.00M | Scene, ViewLayer | Synchronizing object | Mesh6
Fra:15 Mem:56.16M (Peak 143.53M) | Time:00:00.01 | Mem:0.00M, Peak:0.00M | Scene, ViewLayer | Synchronizing object | Mesh168
Fra:15 Mem:56.31M (Peak 143.53M) | Time:00:00.01 | Mem:0.00M, Peak:0.00M | Scene, ViewLayer | Synchronizing object | Mesh167
Fra:15 Mem:56.36M (Peak 143.53M) | Time:00:00.01 | Mem:0.00M, Peak:0.00M | Scene, ViewLayer | Synchronizing object | Mesh7
Fra:15 Mem:58.53M (Peak 143.53M) | Time:00:00.02 | Mem:0.00M, Peak:0.00M | Scene, ViewLayer | Synchronizing object | Mesh166
Fra:15 Mem:58.14M (Peak 143.53M) | Time:00:00.02 | Mem:0.00M, Peak:0.00M | Scene, ViewLayer | Synchronizing object | Mesh165
Fra:15 Mem:58.35M (Peak 143.53M) | Time:00:00.02 | Mem:0.00M, Peak:0.00M | Scene, ViewLayer | Synchronizing object | Mesh164
Fra:15 Mem:58.54M (Peak 143.53M) | Time:00:00.02 | Mem:0.00M, Peak:0.00M | Scene, ViewLayer | Synchronizing object | Mesh163
Fra:15 Mem:58.63M (Peak 143.53M) | Time:00:00.02 | Mem:0.00M, Peak:0.00M | Scene, ViewLayer | Synchronizing object | Mesh162
Fra:15 Mem:57.89M (Peak 143.53M) | Time:00:00.02 | Mem:0.00M, Peak:0.00M | Scene, ViewLayer | Synchronizing object | Mesh161
Fra:15 Mem:57.71M (Peak 143.53M) | Time:00:00.02 | Mem:0.00M, Peak:0.00M | Scene, ViewLayer | Synchronizing object | Mesh8
Fra:15 Mem:57.81M (Peak 143.53M) | Time:00:00.02 | Mem:0.00M, Peak:0.00M | Scene, ViewLayer | Synchronizing object | Mesh160
Fra:15 Mem:57.79M (Peak 143.53M) | Time:00:00.02 | Mem:0.00M, Peak:0.00M | Scene, ViewLayer | Synchronizing object | Mesh9
Fra:15 Mem:57.90M (Peak 143.53M) | Time:00:00.02 | Mem:0.00M, Peak:0.00M | Scene, ViewLayer | Synchronizing object | Mesh10
Fra:15 Mem:57.86M (Peak 143.53M) | Time:00:00.02 | Mem:0.00M, Peak:0.00M | Scene, ViewLayer | Synchronizing object | Mesh159
Fra:15 Mem:58.24M (Peak 143.53M) | Time:00:00.02 | Mem:0.00M, Peak:0.00M | Scene, ViewLayer | Synchronizing object | Mesh11
Fra:15 Mem:58.59M (Peak 143.53M) | Time:00:00.02 | Mem:0.00M, Peak:0.00M | Scene, ViewLayer | Synchronizing object | Mesh12
Fra:15 Mem:58.63M (Peak 143.53M) | Time:00:00.02 | Mem:0.00M, Peak:0.00M | Scene, ViewLayer | Synchronizing object | Mesh13
Fra:15 Mem:58.66M (Peak 143.53M) | Time:00:00.02 | Mem:0.00M, Peak:0.00M | Scene, ViewLayer | Synchronizing object | Mesh14
Fra:15 Mem:58.89M (Peak 143.53M) | Time:00:00.02 | Mem:0.00M, Peak:0.00M | Scene, ViewLayer | Synchronizing object | Mesh15
Fra:15 Mem:60.17M (Peak 143.53M) | Time:00:00.02 | Mem:0.00M, Peak:0.00M | Scene, ViewLayer | Synchronizing object | Mesh158
Fra:15 Mem:59.60M (Peak 143.53M) | Time:00:00.02 | Mem:0.00M, Peak:0.00M | Scene, ViewLayer | Synchronizing object | Mesh16
Fra:15 Mem:59.52M (Peak 143.53M) | Time:00:00.02 | Mem:0.00M, Peak:0.00M | Scene, ViewLayer | Synchronizing object | Mesh157
Fra:15 Mem:59.58M (Peak 143.53M) | Time:00:00.02 | Mem:0.00M, Peak:0.00M | Scene, ViewLayer | Synchronizing object | Mesh156
Fra:15 Mem:59.53M (Peak 143.53M) | Time:00:00.02 | Mem:0.00M, Peak:0.00M | Scene, ViewLayer | Synchronizing object | Mesh17
Fra:15 Mem:59.55M (Peak 143.53M) | Time:00:00.02 | Mem:0.00M, Peak:0.00M | Scene, ViewLayer | Synchronizing object | Mesh155
Fra:15 Mem:59.56M (Peak 143.53M) | Time:00:00.02 | Mem:0.00M, Peak:0.00M | Scene, ViewLayer | Synchronizing object | Mesh18
Fra:15 Mem:59.71M (Peak 143.53M) | Time:00:00.02 | Mem:0.00M, Peak:0.00M | Scene, ViewLayer | Synchronizing object | Mesh19
Fra:15 Mem:59.69M (Peak 143.53M) | Time:00:00.02 | Mem:0.00M, Peak:0.00M | Scene, ViewLayer | Synchronizing object | Mesh154
Fra:15 Mem:59.69M (Peak 143.53M) | Time:00:00.02 | Mem:0.00M, Peak:0.00M | Scene, ViewLayer | Synchronizing object | Mesh20
Fra:15 Mem:59.92M (Peak 143.53M) | Time:00:00.02 | Mem:0.00M, Peak:0.00M | Scene, ViewLayer | Synchronizing object | Mesh153
Fra:15 Mem:59.87M (Peak 143.53M) | Time:00:00.02 | Mem:0.00M, Peak:0.00M | Scene, ViewLayer | Synchronizing object | Mesh21
Fra:15 Mem:59.91M (Peak 143.53M) | Time:00:00.02 | Mem:0.00M, Peak:0.00M | Scene, ViewLayer | Synchronizing object | Mesh22
Fra:15 Mem:59.91M (Peak 143.53M) | Time:00:00.02 | Mem:0.00M, Peak:0.00M | Scene, ViewLayer | Synchronizing object | Mesh152
Fra:15 Mem:59.93M (Peak 143.53M) | Time:00:00.02 | Mem:0.00M, Peak:0.00M | Scene, ViewLayer | Synchronizing object | Mesh151
Fra:15 Mem:59.97M (Peak 143.53M) | Time:00:00.02 | Mem:0.00M, Peak:0.00M | Scene, ViewLayer | Synchronizing object | Mesh150
Fra:15 Mem:59.98M (Peak 143.53M) | Time:00:00.02 | Mem:0.00M, Peak:0.00M | Scene, ViewLayer | Synchronizing object | Mesh149
Fra:15 Mem:59.99M (Peak 143.53M) | Time:00:00.02 | Mem:0.00M, Peak:0.00M | Scene, ViewLayer | Synchronizing object | Mesh148
Fra:15 Mem:60.06M (Peak 143.53M) | Time:00:00.02 | Mem:0.00M, Peak:0.00M | Scene, ViewLayer | Synchronizing object | Mesh23
Fra:15 Mem:60.04M (Peak 143.53M) | Time:00:00.02 | Mem:0.00M, Peak:0.00M | Scene, ViewLayer | Synchronizing object | Mesh24
Fra:15 Mem:60.02M (Peak 143.53M) | Time:00:00.02 | Mem:0.00M, Peak:0.00M | Scene, ViewLayer | Synchronizing object | Mesh147
Fra:15 Mem:60.07M (Peak 143.53M) | Time:00:00.02 | Mem:0.00M, Peak:0.00M | Scene, ViewLayer | Synchronizing object | Mesh25
Fra:15 Mem:60.06M (Peak 143.53M) | Time:00:00.02 | Mem:0.00M, Peak:0.00M | Scene, ViewLayer | Synchronizing object | Mesh146
Fra:15 Mem:60.10M (Peak 143.53M) | Time:00:00.02 | Mem:0.00M, Peak:0.00M | Scene, ViewLayer | Synchronizing object | Mesh145
Fra:15 Mem:60.14M (Peak 143.53M) | Time:00:00.02 | Mem:0.00M, Peak:0.00M | Scene, ViewLayer | Synchronizing object | Mesh144
Fra:15 Mem:60.14M (Peak 143.53M) | Time:00:00.02 | Mem:0.00M, Peak:0.00M | Scene, ViewLayer | Synchronizing object | Mesh143
Fra:15 Mem:60.22M (Peak 143.53M) | Time:00:00.02 | Mem:0.00M, Peak:0.00M | Scene, ViewLayer | Synchronizing object | Mesh142
Fra:15 Mem:60.22M (Peak 143.53M) | Time:00:00.02 | Mem:0.00M, Peak:0.00M | Scene, ViewLayer | Synchronizing object | Mesh26
Fra:15 Mem:60.28M (Peak 143.53M) | Time:00:00.02 | Mem:0.00M, Peak:0.00M | Scene, ViewLayer | Synchronizing object | Mesh27
Fra:15 Mem:60.25M (Peak 143.53M) | Time:00:00.02 | Mem:0.00M, Peak:0.00M | Scene, ViewLayer | Synchronizing object | Mesh28
Fra:15 Mem:60.23M (Peak 143.53M) | Time:00:00.02 | Mem:0.00M, Peak:0.00M | Scene, ViewLayer | Synchronizing object | Mesh141
Fra:15 Mem:60.24M (Peak 143.53M) | Time:00:00.02 | Mem:0.00M, Peak:0.00M | Scene, ViewLayer | Synchronizing object | Mesh29
Fra:15 Mem:60.29M (Peak 143.53M) | Time:00:00.02 | Mem:0.00M, Peak:0.00M | Scene, ViewLayer | Synchronizing object | Mesh30
Fra:15 Mem:60.40M (Peak 143.53M) | Time:00:00.02 | Mem:0.00M, Peak:0.00M | Scene, ViewLayer | Synchronizing object | Mesh31
Fra:15 Mem:60.42M (Peak 143.53M) | Time:00:00.02 | Mem:0.00M, Peak:0.00M | Scene, ViewLayer | Synchronizing object | Mesh140
Fra:15 Mem:60.49M (Peak 143.53M) | Time:00:00.03 | Mem:0.00M, Peak:0.00M | Scene, ViewLayer | Synchronizing object | Mesh32
Fra:15 Mem:60.60M (Peak 143.53M) | Time:00:00.03 | Mem:0.00M, Peak:0.00M | Scene, ViewLayer | Synchronizing object | Mesh33
Fra:15 Mem:60.60M (Peak 143.53M) | Time:00:00.03 | Mem:0.00M, Peak:0.00M | Scene, ViewLayer | Synchronizing object | Mesh34
Fra:15 Mem:60.60M (Peak 143.53M) | Time:00:00.03 | Mem:0.00M, Peak:0.00M | Scene, ViewLayer | Synchronizing object | Mesh35
Fra:15 Mem:60.56M (Peak 143.53M) | Time:00:00.03 | Mem:0.00M, Peak:0.00M | Scene, ViewLayer | Synchronizing object | Mesh139
Fra:15 Mem:60.59M (Peak 143.53M) | Time:00:00.03 | Mem:0.00M, Peak:0.00M | Scene, ViewLayer | Synchronizing object | Mesh138
Fra:15 Mem:60.68M (Peak 143.53M) | Time:00:00.03 | Mem:0.00M, Peak:0.00M | Scene, ViewLayer | Synchronizing object | Mesh36
Fra:15 Mem:60.70M (Peak 143.53M) | Time:00:00.03 | Mem:0.00M, Peak:0.00M | Scene, ViewLayer | Synchronizing object | Mesh137
Fra:15 Mem:60.89M (Peak 143.53M) | Time:00:00.03 | Mem:0.00M, Peak:0.00M | Scene, ViewLayer | Synchronizing object | Mesh37
Fra:15 Mem:60.92M (Peak 143.53M) | Time:00:00.03 | Mem:0.00M, Peak:0.00M | Scene, ViewLayer | Synchronizing object | Mesh136
Fra:15 Mem:60.92M (Peak 143.53M) | Time:00:00.03 | Mem:0.00M, Peak:0.00M | Scene, ViewLayer | Synchronizing object | Mesh135
Fra:15 Mem:60.90M (Peak 143.53M) | Time:00:00.03 | Mem:0.00M, Peak:0.00M | Scene, ViewLayer | Synchronizing object | Mesh38
Fra:15 Mem:60.94M (Peak 143.53M) | Time:00:00.03 | Mem:0.00M, Peak:0.00M | Scene, ViewLayer | Synchronizing object | Mesh39
Fra:15 Mem:60.93M (Peak 143.53M) | Time:00:00.03 | Mem:0.00M, Peak:0.00M | Scene, ViewLayer | Synchronizing object | Mesh134
Fra:15 Mem:60.96M (Peak 143.53M) | Time:00:00.03 | Mem:0.00M, Peak:0.00M | Scene, ViewLayer | Synchronizing object | Mesh133
Fra:15 Mem:60.93M (Peak 143.53M) | Time:00:00.03 | Mem:0.00M, Peak:0.00M | Scene, ViewLayer | Synchronizing object | Mesh132
Fra:15 Mem:60.92M (Peak 143.53M) | Time:00:00.03 | Mem:0.00M, Peak:0.00M | Scene, ViewLayer | Synchronizing object | Mesh40
Fra:15 Mem:60.98M (Peak 143.53M) | Time:00:00.03 | Mem:0.00M, Peak:0.00M | Scene, ViewLayer | Synchronizing object | Mesh41
Fra:15 Mem:61.13M (Peak 143.53M) | Time:00:00.03 | Mem:0.00M, Peak:0.00M | Scene, ViewLayer | Synchronizing object | Mesh131
Fra:15 Mem:61.14M (Peak 143.53M) | Time:00:00.03 | Mem:0.00M, Peak:0.00M | Scene, ViewLayer | Synchronizing object | Mesh130
Fra:15 Mem:61.14M (Peak 143.53M) | Time:00:00.03 | Mem:0.00M, Peak:0.00M | Scene, ViewLayer | Synchronizing object | Mesh129
Fra:15 Mem:61.14M (Peak 143.53M) | Time:00:00.03 | Mem:0.00M, Peak:0.00M | Scene, ViewLayer | Synchronizing object | Mesh128
Fra:15 Mem:61.14M (Peak 143.53M) | Time:00:00.03 | Mem:0.00M, Peak:0.00M | Scene, ViewLayer | Synchronizing object | Mesh127
Fra:15 Mem:61.07M (Peak 143.53M) | Time:00:00.03 | Mem:0.00M, Peak:0.00M | Scene, ViewLayer | Synchronizing object | Mesh126
Fra:15 Mem:61.05M (Peak 143.53M) | Time:00:00.03 | Mem:0.00M, Peak:0.00M | Scene, ViewLayer | Synchronizing object | Mesh42
Fra:15 Mem:61.14M (Peak 143.53M) | Time:00:00.03 | Mem:0.00M, Peak:0.00M | Scene, ViewLayer | Synchronizing object | Mesh43
Fra:15 Mem:61.18M (Peak 143.53M) | Time:00:00.03 | Mem:0.00M, Peak:0.00M | Scene, ViewLayer | Synchronizing object | Mesh44
Fra:15 Mem:61.19M (Peak 143.53M) | Time:00:00.03 | Mem:0.00M, Peak:0.00M | Scene, ViewLayer | Synchronizing object | Mesh45
Fra:15 Mem:61.20M (Peak 143.53M) | Time:00:00.03 | Mem:0.00M, Peak:0.00M | Scene, ViewLayer | Synchronizing object | Mesh46
Fra:15 Mem:61.20M (Peak 143.53M) | Time:00:00.03 | Mem:0.00M, Peak:0.00M | Scene, ViewLayer | Synchronizing object | Mesh47
Fra:15 Mem:61.22M (Peak 143.53M) | Time:00:00.03 | Mem:0.00M, Peak:0.00M | Scene, ViewLayer | Synchronizing object | Mesh48
Fra:15 Mem:61.25M (Peak 143.53M) | Time:00:00.03 | Mem:0.00M, Peak:0.00M | Scene, ViewLayer | Synchronizing object | Mesh49
Fra:15 Mem:61.29M (Peak 143.53M) | Time:00:00.03 | Mem:0.00M, Peak:0.00M | Scene, ViewLayer | Synchronizing object | Mesh50
Fra:15 Mem:61.31M (Peak 143.53M) | Time:00:00.03 | Mem:0.00M, Peak:0.00M | Scene, ViewLayer | Synchronizing object | Mesh51
Fra:15 Mem:61.31M (Peak 143.53M) | Time:00:00.03 | Mem:0.00M, Peak:0.00M | Scene, ViewLayer | Synchronizing object | Mesh52
Fra:15 Mem:61.32M (Peak 143.53M) | Time:00:00.03 | Mem:0.00M, Peak:0.00M | Scene, ViewLayer | Synchronizing object | Mesh53
Fra:15 Mem:61.33M (Peak 143.53M) | Time:00:00.03 | Mem:0.00M, Peak:0.00M | Scene, ViewLayer | Synchronizing object | Mesh54
Fra:15 Mem:61.34M (Peak 143.53M) | Time:00:00.03 | Mem:0.00M, Peak:0.00M | Scene, ViewLayer | Synchronizing object | Mesh55
Fra:15 Mem:61.36M (Peak 143.53M) | Time:00:00.03 | Mem:0.00M, Peak:0.00M | Scene, ViewLayer | Synchronizing object | Mesh56
Fra:15 Mem:61.36M (Peak 143.53M) | Time:00:00.03 | Mem:0.00M, Peak:0.00M | Scene, ViewLayer | Synchronizing object | Mesh57
Fra:15 Mem:61.44M (Peak 143.53M) | Time:00:00.03 | Mem:0.00M, Peak:0.00M | Scene, ViewLayer | Synchronizing object | Mesh58
Fra:15 Mem:61.47M (Peak 143.53M) | Time:00:00.03 | Mem:0.00M, Peak:0.00M | Scene, ViewLayer | Synchronizing object | Mesh59
Fra:15 Mem:61.50M (Peak 143.53M) | Time:00:00.03 | Mem:0.00M, Peak:0.00M | Scene, ViewLayer | Synchronizing object | Mesh60
Fra:15 Mem:61.61M (Peak 143.53M) | Time:00:00.03 | Mem:0.00M, Peak:0.00M | Scene, ViewLayer | Synchronizing object | Mesh61
Fra:15 Mem:61.93M (Peak 143.53M) | Time:00:00.03 | Mem:0.00M, Peak:0.00M | Scene, ViewLayer | Synchronizing object | Mesh125
Fra:15 Mem:61.94M (Peak 143.53M) | Time:00:00.03 | Mem:0.00M, Peak:0.00M | Scene, ViewLayer | Synchronizing object | Mesh124
Fra:15 Mem:61.94M (Peak 143.53M) | Time:00:00.03 | Mem:0.00M, Peak:0.00M | Scene, ViewLayer | Synchronizing object | Mesh123
Fra:15 Mem:61.95M (Peak 143.53M) | Time:00:00.03 | Mem:0.00M, Peak:0.00M | Scene, ViewLayer | Synchronizing object | Mesh122
Fra:15 Mem:61.96M (Peak 143.53M) | Time:00:00.03 | Mem:0.00M, Peak:0.00M | Scene, ViewLayer | Synchronizing object | Mesh121
Fra:15 Mem:61.97M (Peak 143.53M) | Time:00:00.03 | Mem:0.00M, Peak:0.00M | Scene, ViewLayer | Synchronizing object | Mesh120
Fra:15 Mem:61.97M (Peak 143.53M) | Time:00:00.03 | Mem:0.00M, Peak:0.00M | Scene, ViewLayer | Synchronizing object | Mesh119
Fra:15 Mem:61.89M (Peak 143.53M) | Time:00:00.03 | Mem:0.00M, Peak:0.00M | Scene, ViewLayer | Synchronizing object | Mesh62
Fra:15 Mem:61.86M (Peak 143.53M) | Time:00:00.03 | Mem:0.00M, Peak:0.00M | Scene, ViewLayer | Synchronizing object | Mesh118
Fra:15 Mem:61.87M (Peak 143.53M) | Time:00:00.03 | Mem:0.00M, Peak:0.00M | Scene, ViewLayer | Synchronizing object | Mesh117
Fra:15 Mem:61.88M (Peak 143.53M) | Time:00:00.03 | Mem:0.00M, Peak:0.00M | Scene, ViewLayer | Synchronizing object | Mesh116
Fra:15 Mem:61.92M (Peak 143.53M) | Time:00:00.03 | Mem:0.00M, Peak:0.00M | Scene, ViewLayer | Synchronizing object | Mesh115
Fra:15 Mem:61.95M (Peak 143.53M) | Time:00:00.03 | Mem:0.00M, Peak:0.00M | Scene, ViewLayer | Synchronizing object | Mesh64
Fra:15 Mem:62.37M (Peak 143.53M) | Time:00:00.03 | Mem:0.00M, Peak:0.00M | Scene, ViewLayer | Synchronizing object | Mesh65
Fra:15 Mem:62.43M (Peak 143.53M) | Time:00:00.03 | Mem:0.00M, Peak:0.00M | Scene, ViewLayer | Synchronizing object | Mesh66
Fra:15 Mem:62.43M (Peak 143.53M) | Time:00:00.03 | Mem:0.00M, Peak:0.00M | Scene, ViewLayer | Synchronizing object | Mesh67
Fra:15 Mem:62.60M (Peak 143.53M) | Time:00:00.03 | Mem:0.00M, Peak:0.00M | Scene, ViewLayer | Synchronizing object | Mesh68
Fra:15 Mem:62.63M (Peak 143.53M) | Time:00:00.03 | Mem:0.00M, Peak:0.00M | Scene, ViewLayer | Synchronizing object | Mesh113
Fra:15 Mem:62.64M (Peak 143.53M) | Time:00:00.03 | Mem:0.00M, Peak:0.00M | Scene, ViewLayer | Synchronizing object | Mesh112
Fra:15 Mem:62.64M (Peak 143.53M) | Time:00:00.03 | Mem:0.00M, Peak:0.00M | Scene, ViewLayer | Synchronizing object | Mesh111
Fra:15 Mem:62.74M (Peak 143.53M) | Time:00:00.03 | Mem:0.00M, Peak:0.00M | Scene, ViewLayer | Synchronizing object | Mesh110
Fra:15 Mem:62.79M (Peak 143.53M) | Time:00:00.03 | Mem:0.00M, Peak:0.00M | Scene, ViewLayer | Synchronizing object | Mesh69
Fra:15 Mem:62.99M (Peak 143.53M) | Time:00:00.03 | Mem:0.00M, Peak:0.00M | Scene, ViewLayer | Synchronizing object | Mesh70
Fra:15 Mem:63.02M (Peak 143.53M) | Time:00:00.04 | Mem:0.00M, Peak:0.00M | Scene, ViewLayer | Synchronizing object | Mesh109
Fra:15 Mem:63.03M (Peak 143.53M) | Time:00:00.04 | Mem:0.00M, Peak:0.00M | Scene, ViewLayer | Synchronizing object | Mesh108
Fra:15 Mem:63.05M (Peak 143.53M) | Time:00:00.04 | Mem:0.00M, Peak:0.00M | Scene, ViewLayer | Synchronizing object | Mesh107
Fra:15 Mem:63.07M (Peak 143.53M) | Time:00:00.04 | Mem:0.00M, Peak:0.00M | Scene, ViewLayer | Synchronizing object | Mesh106
Fra:15 Mem:63.86M (Peak 143.53M) | Time:00:00.04 | Mem:0.00M, Peak:0.00M | Scene, ViewLayer | Synchronizing object | Mesh71
Fra:15 Mem:63.88M (Peak 143.53M) | Time:00:00.04 | Mem:0.00M, Peak:0.00M | Scene, ViewLayer | Synchronizing object | Mesh72
Fra:15 Mem:64.11M (Peak 143.53M) | Time:00:00.04 | Mem:0.00M, Peak:0.00M | Scene, ViewLayer | Synchronizing object | Mesh73
Fra:15 Mem:63.78M (Peak 143.53M) | Time:00:00.04 | Mem:0.00M, Peak:0.00M | Scene, ViewLayer | Synchronizing object | Mesh74
Fra:15 Mem:63.79M (Peak 143.53M) | Time:00:00.04 | Mem:0.00M, Peak:0.00M | Scene, ViewLayer | Synchronizing object | Mesh75
Fra:15 Mem:63.93M (Peak 143.53M) | Time:00:00.04 | Mem:0.00M, Peak:0.00M | Scene, ViewLayer | Synchronizing object | Mesh104
Fra:15 Mem:63.94M (Peak 143.53M) | Time:00:00.04 | Mem:0.00M, Peak:0.00M | Scene, ViewLayer | Synchronizing object | Mesh76
Fra:15 Mem:63.99M (Peak 143.53M) | Time:00:00.04 | Mem:0.00M, Peak:0.00M | Scene, ViewLayer | Synchronizing object | Mesh77
Fra:15 Mem:64.03M (Peak 143.53M) | Time:00:00.04 | Mem:0.00M, Peak:0.00M | Scene, ViewLayer | Synchronizing object | Mesh78
Fra:15 Mem:64.03M (Peak 143.53M) | Time:00:00.04 | Mem:0.00M, Peak:0.00M | Scene, ViewLayer | Synchronizing object | Mesh79
Fra:15 Mem:64.06M (Peak 143.53M) | Time:00:00.04 | Mem:0.00M, Peak:0.00M | Scene, ViewLayer | Synchronizing object | Mesh80
Fra:15 Mem:64.06M (Peak 143.53M) | Time:00:00.04 | Mem:0.00M, Peak:0.00M | Scene, ViewLayer | Synchronizing object | Mesh81
Fra:15 Mem:64.47M (Peak 143.53M) | Time:00:00.04 | Mem:0.00M, Peak:0.00M | Scene, ViewLayer | Synchronizing object | Mesh103
Fra:15 Mem:64.24M (Peak 143.53M) | Time:00:00.04 | Mem:0.00M, Peak:0.00M | Scene, ViewLayer | Synchronizing object | Mesh82
Fra:15 Mem:64.34M (Peak 143.53M) | Time:00:00.04 | Mem:0.00M, Peak:0.00M | Scene, ViewLayer | Synchronizing object | Mesh102
Fra:15 Mem:64.31M (Peak 143.53M) | Time:00:00.04 | Mem:0.00M, Peak:0.00M | Scene, ViewLayer | Synchronizing object | Mesh83
Fra:15 Mem:64.37M (Peak 143.53M) | Time:00:00.04 | Mem:0.00M, Peak:0.00M | Scene, ViewLayer | Synchronizing object | Mesh101
Fra:15 Mem:64.40M (Peak 143.53M) | Time:00:00.04 | Mem:0.00M, Peak:0.00M | Scene, ViewLayer | Synchronizing object | Mesh84
Fra:15 Mem:64.39M (Peak 143.53M) | Time:00:00.04 | Mem:0.00M, Peak:0.00M | Scene, ViewLayer | Synchronizing object | Mesh100
Fra:15 Mem:64.62M (Peak 143.53M) | Time:00:00.04 | Mem:0.00M, Peak:0.00M | Scene, ViewLayer | Synchronizing object | Mesh85
Fra:15 Mem:64.88M (Peak 143.53M) | Time:00:00.04 | Mem:0.00M, Peak:0.00M | Scene, ViewLayer | Synchronizing object | Mesh86
Fra:15 Mem:64.85M (Peak 143.53M) | Time:00:00.04 | Mem:0.00M, Peak:0.00M | Scene, ViewLayer | Synchronizing object | Mesh99
Fra:15 Mem:65.04M (Peak 143.53M) | Time:00:00.04 | Mem:0.00M, Peak:0.00M | Scene, ViewLayer | Synchronizing object | Mesh98
Fra:15 Mem:65.06M (Peak 143.53M) | Time:00:00.04 | Mem:0.00M, Peak:0.00M | Scene, ViewLayer | Synchronizing object | Mesh97
Fra:15 Mem:64.94M (Peak 143.53M) | Time:00:00.04 | Mem:0.00M, Peak:0.00M | Scene, ViewLayer | Synchronizing object | Mesh96
Fra:15 Mem:64.96M (Peak 143.53M) | Time:00:00.04 | Mem:0.00M, Peak:0.00M | Scene, ViewLayer | Synchronizing object | Mesh87
Fra:15 Mem:65.01M (Peak 143.53M) | Time:00:00.04 | Mem:0.00M, Peak:0.00M | Scene, ViewLayer | Synchronizing object | Mesh88
Fra:15 Mem:65.04M (Peak 143.53M) | Time:00:00.04 | Mem:0.00M, Peak:0.00M | Scene, ViewLayer | Synchronizing object | Mesh89
Fra:15 Mem:65.04M (Peak 143.53M) | Time:00:00.04 | Mem:0.00M, Peak:0.00M | Scene, ViewLayer | Synchronizing object | Mesh90
Fra:15 Mem:65.06M (Peak 143.53M) | Time:00:00.04 | Mem:0.00M, Peak:0.00M | Scene, ViewLayer | Synchronizing object | Mesh91
Fra:15 Mem:65.13M (Peak 143.53M) | Time:00:00.04 | Mem:0.00M, Peak:0.00M | Scene, ViewLayer | Synchronizing object | Mesh92
Fra:15 Mem:65.15M (Peak 143.53M) | Time:00:00.04 | Mem:0.00M, Peak:0.00M | Scene, ViewLayer | Synchronizing object | Mesh93
Fra:15 Mem:65.17M (Peak 143.53M) | Time:00:00.04 | Mem:0.00M, Peak:0.00M | Scene, ViewLayer | Synchronizing object | Mesh94
Fra:15 Mem:65.10M (Peak 143.53M) | Time:00:00.04 | Mem:0.00M, Peak:0.00M | Scene, ViewLayer | Synchronizing object | Mesh95
Fra:15 Mem:65.14M (Peak 143.53M) | Time:00:00.04 | Mem:0.00M, Peak:0.00M | Scene, ViewLayer | Initializing
Fra:15 Mem:56.30M (Peak 143.53M) | Time:00:00.05 | Mem:0.00M, Peak:0.00M | Scene, ViewLayer | Waiting for render to start
Fra:15 Mem:56.31M (Peak 143.53M) | Time:00:00.05 | Mem:0.00M, Peak:0.00M | Scene, ViewLayer | Loading render kernels (may take a few minutes the first time)
Fra:15 Mem:56.31M (Peak 143.53M) | Time:00:00.05 | Mem:0.00M, Peak:0.00M | Scene, ViewLayer | Updating Scene
Fra:15 Mem:56.31M (Peak 143.53M) | Time:00:00.05 | Mem:0.00M, Peak:0.00M | Scene, ViewLayer | Updating Shaders
Fra:15 Mem:56.40M (Peak 143.53M) | Time:00:00.05 | Mem:0.02M, Peak:0.02M | Scene, ViewLayer | Updating Procedurals
Fra:15 Mem:56.40M (Peak 143.53M) | Time:00:00.05 | Mem:0.02M, Peak:0.02M | Scene, ViewLayer | Updating Background
Fra:15 Mem:56.40M (Peak 143.53M) | Time:00:00.05 | Mem:0.02M, Peak:0.02M | Scene, ViewLayer | Updating Camera
Fra:15 Mem:56.40M (Peak 143.53M) | Time:00:00.05 | Mem:0.02M, Peak:0.02M | Scene, ViewLayer | Updating Meshes Flags
Fra:15 Mem:56.40M (Peak 143.53M) | Time:00:00.05 | Mem:0.02M, Peak:0.02M | Scene, ViewLayer | Updating Objects
Fra:15 Mem:56.40M (Peak 143.53M) | Time:00:00.05 | Mem:0.02M, Peak:0.02M | Scene, ViewLayer | Updating Objects | Copying Transformations to device
Fra:15 Mem:56.44M (Peak 143.53M) | Time:00:00.05 | Mem:0.05M, Peak:0.05M | Scene, ViewLayer | Updating Objects | Applying Static Transformations
Fra:15 Mem:56.44M (Peak 143.53M) | Time:00:00.05 | Mem:0.05M, Peak:0.05M | Scene, ViewLayer | Updating Particle Systems
Fra:15 Mem:56.44M (Peak 143.53M) | Time:00:00.05 | Mem:0.05M, Peak:0.05M | Scene, ViewLayer | Updating Particle Systems | Copying Particles to device
Fra:15 Mem:56.44M (Peak 143.53M) | Time:00:00.05 | Mem:0.05M, Peak:0.05M | Scene, ViewLayer | Updating Meshes
Fra:15 Mem:57.55M (Peak 143.53M) | Time:00:00.05 | Mem:0.05M, Peak:0.05M | Scene, ViewLayer | Updating Mesh | Computing attributes
Fra:15 Mem:59.61M (Peak 143.53M) | Time:00:00.05 | Mem:0.07M, Peak:0.07M | Scene, ViewLayer | Updating Mesh | Copying Attributes to device
Fra:15 Mem:59.59M (Peak 143.53M) | Time:00:00.05 | Mem:2.10M, Peak:2.10M | Scene, ViewLayer | Updating Scene BVH | Building
Fra:15 Mem:59.59M (Peak 143.53M) | Time:00:00.05 | Mem:2.10M, Peak:2.10M | Scene, ViewLayer | Updating Scene BVH | Building BVH
Fra:15 Mem:59.59M (Peak 143.53M) | Time:00:00.05 | Mem:4.30M, Peak:4.30M | Scene, ViewLayer | Updating Scene BVH | Building BVH 0%
Fra:15 Mem:59.59M (Peak 143.53M) | Time:00:00.07 | Mem:6.93M, Peak:9.14M | Scene, ViewLayer | Updating Scene BVH | Copying BVH to device
Fra:15 Mem:59.59M (Peak 143.53M) | Time:00:00.07 | Mem:6.93M, Peak:9.14M | Scene, ViewLayer | Updating Mesh | Computing normals
Fra:15 Mem:66.39M (Peak 143.53M) | Time:00:00.07 | Mem:6.93M, Peak:9.14M | Scene, ViewLayer | Updating Mesh | Copying Mesh to device
Fra:15 Mem:66.39M (Peak 143.53M) | Time:00:00.07 | Mem:13.73M, Peak:13.73M | Scene, ViewLayer | Updating Objects Flags
Fra:15 Mem:66.39M (Peak 143.53M) | Time:00:00.07 | Mem:13.73M, Peak:13.73M | Scene, ViewLayer | Updating Primitive Offsets
Fra:15 Mem:66.39M (Peak 143.53M) | Time:00:00.07 | Mem:13.73M, Peak:13.73M | Scene, ViewLayer | Updating Images
Fra:15 Mem:66.39M (Peak 143.53M) | Time:00:00.07 | Mem:13.73M, Peak:13.73M | Scene, ViewLayer | Updating Camera Volume
Fra:15 Mem:66.39M (Peak 143.53M) | Time:00:00.07 | Mem:13.73M, Peak:13.73M | Scene, ViewLayer | Updating Lookup Tables
Fra:15 Mem:66.39M (Peak 143.53M) | Time:00:00.07 | Mem:13.81M, Peak:13.81M | Scene, ViewLayer | Updating Lights
Fra:15 Mem:66.39M (Peak 143.53M) | Time:00:00.07 | Mem:13.81M, Peak:13.81M | Scene, ViewLayer | Updating Lights | Computing tree
Fra:15 Mem:66.39M (Peak 143.53M) | Time:00:00.07 | Mem:13.81M, Peak:13.81M | Scene, ViewLayer | Updating Integrator
Fra:15 Mem:66.39M (Peak 143.53M) | Time:00:00.07 | Mem:13.81M, Peak:13.81M | Scene, ViewLayer | Updating Film
Fra:15 Mem:66.39M (Peak 143.53M) | Time:00:00.07 | Mem:13.73M, Peak:13.81M | Scene, ViewLayer | Updating Lookup Tables
Fra:15 Mem:66.39M (Peak 143.53M) | Time:00:00.07 | Mem:13.82M, Peak:13.82M | Scene, ViewLayer | Updating Baking
Fra:15 Mem:66.39M (Peak 143.53M) | Time:00:00.07 | Mem:13.82M, Peak:13.82M | Scene, ViewLayer | Updating Device | Writing constant memory
Fra:15 Mem:66.40M (Peak 143.53M) | Time:00:00.07 | Mem:13.82M, Peak:13.82M | Scene, ViewLayer | Loading denoising kernels (may take a few minutes the first time)
Fra:15 Mem:66.40M (Peak 143.53M) | Time:00:00.07 | Mem:13.82M, Peak:13.82M | Scene, ViewLayer | Sample 0/2
Fra:15 Mem:103.98M (Peak 143.53M) | Time:00:00.12 | Remaining:00:00.05 | Mem:51.39M, Peak:51.39M | Scene, ViewLayer | Sample 1/2
Fra:15 Mem:119.80M (Peak 143.53M) | Time:00:09.27 | Mem:51.39M, Peak:51.39M | Scene, ViewLayer | Sample 2/2
Fra:15 Mem:119.80M (Peak 143.53M) | Time:00:09.27 | Mem:51.39M, Peak:51.39M | Scene, ViewLayer | Finished
Append frame 15
Time: 00:09.33 (Saving: 00:00.05)

Fra:16 Mem:55.82M (Peak 143.53M) | Time:00:00.01 | Mem:0.00M, Peak:0.00M | Scene, ViewLayer | Synchronizing object | Mesh1
Fra:16 Mem:55.86M (Peak 143.53M) | Time:00:00.01 | Mem:0.00M, Peak:0.00M | Scene, ViewLayer | Synchronizing object | Mesh2
Fra:16 Mem:55.93M (Peak 143.53M) | Time:00:00.01 | Mem:0.00M, Peak:0.00M | Scene, ViewLayer | Synchronizing object | Mesh3
Fra:16 Mem:56.02M (Peak 143.53M) | Time:00:00.01 | Mem:0.00M, Peak:0.00M | Scene, ViewLayer | Synchronizing object | Mesh168
Fra:16 Mem:56.06M (Peak 143.53M) | Time:00:00.01 | Mem:0.00M, Peak:0.00M | Scene, ViewLayer | Synchronizing object | Mesh4
Fra:16 Mem:56.08M (Peak 143.53M) | Time:00:00.01 | Mem:0.00M, Peak:0.00M | Scene, ViewLayer | Synchronizing object | Mesh5
Fra:16 Mem:56.15M (Peak 143.53M) | Time:00:00.01 | Mem:0.00M, Peak:0.00M | Scene, ViewLayer | Synchronizing object | Mesh6
Fra:16 Mem:56.20M (Peak 143.53M) | Time:00:00.01 | Mem:0.00M, Peak:0.00M | Scene, ViewLayer | Synchronizing object | Mesh167
Fra:16 Mem:56.81M (Peak 143.53M) | Time:00:00.01 | Mem:0.00M, Peak:0.00M | Scene, ViewLayer | Synchronizing object | Mesh7
Fra:16 Mem:57.65M (Peak 143.53M) | Time:00:00.02 | Mem:0.00M, Peak:0.00M | Scene, ViewLayer | Synchronizing object | Mesh166
Fra:16 Mem:57.72M (Peak 143.53M) | Time:00:00.02 | Mem:0.00M, Peak:0.00M | Scene, ViewLayer | Synchronizing object | Mesh165
Fra:16 Mem:57.74M (Peak 143.53M) | Time:00:00.02 | Mem:0.00M, Peak:0.00M | Scene, ViewLayer | Synchronizing object | Mesh164
Fra:16 Mem:57.75M (Peak 143.53M) | Time:00:00.02 | Mem:0.00M, Peak:0.00M | Scene, ViewLayer | Synchronizing object | Mesh163
Fra:16 Mem:57.56M (Peak 143.53M) | Time:00:00.02 | Mem:0.00M, Peak:0.00M | Scene, ViewLayer | Synchronizing object | Mesh8
Fra:16 Mem:57.71M (Peak 143.53M) | Time:00:00.02 | Mem:0.00M, Peak:0.00M | Scene, ViewLayer | Synchronizing object | Mesh162
Fra:16 Mem:57.77M (Peak 143.53M) | Time:00:00.02 | Mem:0.00M, Peak:0.00M | Scene, ViewLayer | Synchronizing object | Mesh9
Fra:16 Mem:57.79M (Peak 143.53M) | Time:00:00.02 | Mem:0.00M, Peak:0.00M | Scene, ViewLayer | Synchronizing object | Mesh10
Fra:16 Mem:57.78M (Peak 143.53M) | Time:00:00.02 | Mem:0.00M, Peak:0.00M | Scene, ViewLayer | Synchronizing object | Mesh161
Fra:16 Mem:57.95M (Peak 143.53M) | Time:00:00.02 | Mem:0.00M, Peak:0.00M | Scene, ViewLayer | Synchronizing object | Mesh160
Fra:16 Mem:57.91M (Peak 143.53M) | Time:00:00.02 | Mem:0.00M, Peak:0.00M | Scene, ViewLayer | Synchronizing object | Mesh11
Fra:16 Mem:58.04M (Peak 143.53M) | Time:00:00.02 | Mem:0.00M, Peak:0.00M | Scene, ViewLayer | Synchronizing object | Mesh12
Fra:16 Mem:58.00M (Peak 143.53M) | Time:00:00.02 | Mem:0.00M, Peak:0.00M | Scene, ViewLayer | Synchronizing object | Mesh13
Fra:16 Mem:58.01M (Peak 143.53M) | Time:00:00.02 | Mem:0.00M, Peak:0.00M | Scene, ViewLayer | Synchronizing object | Mesh159
Fra:16 Mem:58.03M (Peak 143.53M) | Time:00:00.02 | Mem:0.00M, Peak:0.00M | Scene, ViewLayer | Synchronizing object | Mesh14
Fra:16 Mem:58.15M (Peak 143.53M) | Time:00:00.02 | Mem:0.00M, Peak:0.00M | Scene, ViewLayer | Synchronizing object | Mesh15
Fra:16 Mem:60.36M (Peak 143.53M) | Time:00:00.02 | Mem:0.00M, Peak:0.00M | Scene, ViewLayer | Synchronizing object | Mesh16
Fra:16 Mem:59.60M (Peak 143.53M) | Time:00:00.02 | Mem:0.00M, Peak:0.00M | Scene, ViewLayer | Synchronizing object | Mesh17
Fra:16 Mem:59.62M (Peak 143.53M) | Time:00:00.02 | Mem:0.00M, Peak:0.00M | Scene, ViewLayer | Synchronizing object | Mesh18
Fra:16 Mem:59.44M (Peak 143.53M) | Time:00:00.02 | Mem:0.00M, Peak:0.00M | Scene, ViewLayer | Synchronizing object | Mesh158
Fra:16 Mem:59.60M (Peak 143.53M) | Time:00:00.02 | Mem:0.00M, Peak:0.00M | Scene, ViewLayer | Synchronizing object | Mesh19
Fra:16 Mem:59.61M (Peak 143.53M) | Time:00:00.02 | Mem:0.00M, Peak:0.00M | Scene, ViewLayer | Synchronizing object | Mesh20
Fra:16 Mem:59.72M (Peak 143.53M) | Time:00:00.02 | Mem:0.00M, Peak:0.00M | Scene, ViewLayer | Synchronizing object | Mesh157
Fra:16 Mem:59.67M (Peak 143.53M) | Time:00:00.02 | Mem:0.00M, Peak:0.00M | Scene, ViewLayer | Synchronizing object | Mesh21
Fra:16 Mem:59.67M (Peak 143.53M) | Time:00:00.02 | Mem:0.00M, Peak:0.00M | Scene, ViewLayer | Synchronizing object | Mesh156
Fra:16 Mem:59.70M (Peak 143.53M) | Time:00:00.02 | Mem:0.00M, Peak:0.00M | Scene, ViewLayer | Synchronizing object | Mesh155
Fra:16 Mem:59.69M (Peak 143.53M) | Time:00:00.02 | Mem:0.00M, Peak:0.00M | Scene, ViewLayer | Synchronizing object | Mesh22
Fra:16 Mem:59.84M (Peak 143.53M) | Time:00:00.02 | Mem:0.00M, Peak:0.00M | Scene, ViewLayer | Synchronizing object | Mesh154
Fra:16 Mem:59.93M (Peak 143.53M) | Time:00:00.02 | Mem:0.00M, Peak:0.00M | Scene, ViewLayer | Synchronizing object | Mesh23
Fra:16 Mem:59.92M (Peak 143.53M) | Time:00:00.02 | Mem:0.00M, Peak:0.00M | Scene, ViewLayer | Synchronizing object | Mesh153
Fra:16 Mem:59.92M (Peak 143.53M) | Time:00:00.02 | Mem:0.00M, Peak:0.00M | Scene, ViewLayer | Synchronizing object | Mesh24
Fra:16 Mem:59.97M (Peak 143.53M) | Time:00:00.02 | Mem:0.00M, Peak:0.00M | Scene, ViewLayer | Synchronizing object | Mesh25
Fra:16 Mem:60.04M (Peak 143.53M) | Time:00:00.03 | Mem:0.00M, Peak:0.00M | Scene, ViewLayer | Synchronizing object | Mesh152
Fra:16 Mem:60.05M (Peak 143.53M) | Time:00:00.03 | Mem:0.00M, Peak:0.00M | Scene, ViewLayer | Synchronizing object | Mesh151
Fra:16 Mem:60.13M (Peak 143.53M) | Time:00:00.03 | Mem:0.00M, Peak:0.00M | Scene, ViewLayer | Synchronizing object | Mesh150
Fra:16 Mem:60.15M (Peak 143.53M) | Time:00:00.03 | Mem:0.00M, Peak:0.00M | Scene, ViewLayer | Synchronizing object | Mesh149
Fra:16 Mem:60.15M (Peak 143.53M) | Time:00:00.03 | Mem:0.00M, Peak:0.00M | Scene, ViewLayer | Synchronizing object | Mesh148
Fra:16 Mem:60.17M (Peak 143.53M) | Time:00:00.03 | Mem:0.00M, Peak:0.00M | Scene, ViewLayer | Synchronizing object | Mesh26
Fra:16 Mem:60.15M (Peak 143.53M) | Time:00:00.03 | Mem:0.00M, Peak:0.00M | Scene, ViewLayer | Synchronizing object | Mesh147
Fra:16 Mem:60.14M (Peak 143.53M) | Time:00:00.03 | Mem:0.00M, Peak:0.00M | Scene, ViewLayer | Synchronizing object | Mesh27
Fra:16 Mem:60.16M (Peak 143.53M) | Time:00:00.03 | Mem:0.00M, Peak:0.00M | Scene, ViewLayer | Synchronizing object | Mesh28
Fra:16 Mem:60.16M (Peak 143.53M) | Time:00:00.03 | Mem:0.00M, Peak:0.00M | Scene, ViewLayer | Synchronizing object | Mesh146
Fra:16 Mem:60.16M (Peak 143.53M) | Time:00:00.03 | Mem:0.00M, Peak:0.00M | Scene, ViewLayer | Synchronizing object | Mesh29
Fra:16 Mem:60.18M (Peak 143.53M) | Time:00:00.03 | Mem:0.00M, Peak:0.00M | Scene, ViewLayer | Synchronizing object | Mesh30
Fra:16 Mem:60.18M (Peak 143.53M) | Time:00:00.03 | Mem:0.00M, Peak:0.00M | Scene, ViewLayer | Synchronizing object | Mesh145
Fra:16 Mem:60.26M (Peak 143.53M) | Time:00:00.03 | Mem:0.00M, Peak:0.00M | Scene, ViewLayer | Synchronizing object | Mesh144
Fra:16 Mem:60.25M (Peak 143.53M) | Time:00:00.03 | Mem:0.00M, Peak:0.00M | Scene, ViewLayer | Synchronizing object | Mesh31
Fra:16 Mem:60.25M (Peak 143.53M) | Time:00:00.03 | Mem:0.00M, Peak:0.00M | Scene, ViewLayer | Synchronizing object | Mesh143
Fra:16 Mem:60.32M (Peak 143.53M) | Time:00:00.03 | Mem:0.00M, Peak:0.00M | Scene, ViewLayer | Synchronizing object | Mesh142
Fra:16 Mem:60.34M (Peak 143.53M) | Time:00:00.03 | Mem:0.00M, Peak:0.00M | Scene, ViewLayer | Synchronizing object | Mesh32
Fra:16 Mem:60.42M (Peak 143.53M) | Time:00:00.03 | Mem:0.00M, Peak:0.00M | Scene, ViewLayer | Synchronizing object | Mesh33
Fra:16 Mem:60.45M (Peak 143.53M) | Time:00:00.03 | Mem:0.00M, Peak:0.00M | Scene, ViewLayer | Synchronizing object | Mesh34
Fra:16 Mem:60.47M (Peak 143.53M) | Time:00:00.03 | Mem:0.00M, Peak:0.00M | Scene, ViewLayer | Synchronizing object | Mesh35
Fra:16 Mem:60.54M (Peak 143.53M) | Time:00:00.03 | Mem:0.00M, Peak:0.00M | Scene, ViewLayer | Synchronizing object | Mesh141
Fra:16 Mem:60.56M (Peak 143.53M) | Time:00:00.03 | Mem:0.00M, Peak:0.00M | Scene, ViewLayer | Synchronizing object | Mesh36
Fra:16 Mem:60.60M (Peak 143.53M) | Time:00:00.03 | Mem:0.00M, Peak:0.00M | Scene, ViewLayer | Synchronizing object | Mesh140
Fra:16 Mem:60.72M (Peak 143.53M) | Time:00:00.03 | Mem:0.00M, Peak:0.00M | Scene, ViewLayer | Synchronizing object | Mesh37
Fra:16 Mem:60.63M (Peak 143.53M) | Time:00:00.03 | Mem:0.00M, Peak:0.00M | Scene, ViewLayer | Synchronizing object | Mesh139
Fra:16 Mem:60.70M (Peak 143.53M) | Time:00:00.03 | Mem:0.00M, Peak:0.00M | Scene, ViewLayer | Synchronizing object | Mesh138
Fra:16 Mem:60.77M (Peak 143.53M) | Time:00:00.03 | Mem:0.00M, Peak:0.00M | Scene, ViewLayer | Synchronizing object | Mesh137
Fra:16 Mem:60.75M (Peak 143.53M) | Time:00:00.03 | Mem:0.00M, Peak:0.00M | Scene, ViewLayer | Synchronizing object | Mesh38
Fra:16 Mem:60.75M (Peak 143.53M) | Time:00:00.03 | Mem:0.00M, Peak:0.00M | Scene, ViewLayer | Synchronizing object | Mesh39
Fra:16 Mem:60.78M (Peak 143.53M) | Time:00:00.03 | Mem:0.00M, Peak:0.00M | Scene, ViewLayer | Synchronizing object | Mesh40
Fra:16 Mem:60.87M (Peak 143.53M) | Time:00:00.03 | Mem:0.00M, Peak:0.00M | Scene, ViewLayer | Synchronizing object | Mesh41
Fra:16 Mem:60.94M (Peak 143.53M) | Time:00:00.03 | Mem:0.00M, Peak:0.00M | Scene, ViewLayer | Synchronizing object | Mesh42
Fra:16 Mem:60.94M (Peak 143.53M) | Time:00:00.03 | Mem:0.00M, Peak:0.00M | Scene, ViewLayer | Synchronizing object | Mesh135
Fra:16 Mem:61.07M (Peak 143.53M) | Time:00:00.03 | Mem:0.00M, Peak:0.00M | Scene, ViewLayer | Synchronizing object | Mesh134
Fra:16 Mem:61.11M (Peak 143.53M) | Time:00:00.03 | Mem:0.00M, Peak:0.00M | Scene, ViewLayer | Synchronizing object | Mesh44
Fra:16 Mem:61.12M (Peak 143.53M) | Time:00:00.03 | Mem:0.00M, Peak:0.00M | Scene, ViewLayer | Synchronizing object | Mesh45
Fra:16 Mem:61.13M (Peak 143.53M) | Time:00:00.03 | Mem:0.00M, Peak:0.00M | Scene, ViewLayer | Synchronizing object | Mesh46
Fra:16 Mem:61.13M (Peak 143.53M) | Time:00:00.03 | Mem:0.00M, Peak:0.00M | Scene, ViewLayer | Synchronizing object | Mesh133
Fra:16 Mem:61.14M (Peak 143.53M) | Time:00:00.03 | Mem:0.00M, Peak:0.00M | Scene, ViewLayer | Synchronizing object | Mesh132
Fra:16 Mem:61.18M (Peak 143.53M) | Time:00:00.03 | Mem:0.00M, Peak:0.00M | Scene, ViewLayer | Synchronizing object | Mesh131
Fra:16 Mem:61.19M (Peak 143.53M) | Time:00:00.03 | Mem:0.00M, Peak:0.00M | Scene, ViewLayer | Synchronizing object | Mesh47
Fra:16 Mem:61.20M (Peak 143.53M) | Time:00:00.03 | Mem:0.00M, Peak:0.00M | Scene, ViewLayer | Synchronizing object | Mesh48
Fra:16 Mem:61.24M (Peak 143.53M) | Time:00:00.03 | Mem:0.00M, Peak:0.00M | Scene, ViewLayer | Synchronizing object | Mesh49
Fra:16 Mem:61.28M (Peak 143.53M) | Time:00:00.03 | Mem:0.00M, Peak:0.00M | Scene, ViewLayer | Synchronizing object | Mesh50
Fra:16 Mem:61.29M (Peak 143.53M) | Time:00:00.03 | Mem:0.00M, Peak:0.00M | Scene, ViewLayer | Synchronizing object | Mesh51
Fra:16 Mem:61.30M (Peak 143.53M) | Time:00:00.03 | Mem:0.00M, Peak:0.00M | Scene, ViewLayer | Synchronizing object | Mesh129
Fra:16 Mem:61.30M (Peak 143.53M) | Time:00:00.03 | Mem:0.00M, Peak:0.00M | Scene, ViewLayer | Synchronizing object | Mesh52
Fra:16 Mem:61.31M (Peak 143.53M) | Time:00:00.03 | Mem:0.00M, Peak:0.00M | Scene, ViewLayer | Synchronizing object | Mesh53
Fra:16 Mem:61.32M (Peak 143.53M) | Time:00:00.03 | Mem:0.00M, Peak:0.00M | Scene, ViewLayer | Synchronizing object | Mesh54
Fra:16 Mem:61.32M (Peak 143.53M) | Time:00:00.03 | Mem:0.00M, Peak:0.00M | Scene, ViewLayer | Synchronizing object | Mesh127
Fra:16 Mem:61.34M (Peak 143.53M) | Time:00:00.03 | Mem:0.00M, Peak:0.00M | Scene, ViewLayer | Synchronizing object | Mesh126
Fra:16 Mem:61.36M (Peak 143.53M) | Time:00:00.03 | Mem:0.00M, Peak:0.00M | Scene, ViewLayer | Synchronizing object | Mesh56
Fra:16 Mem:61.36M (Peak 143.53M) | Time:00:00.03 | Mem:0.00M, Peak:0.00M | Scene, ViewLayer | Synchronizing object | Mesh57
Fra:16 Mem:61.38M (Peak 143.53M) | Time:00:00.03 | Mem:0.00M, Peak:0.00M | Scene, ViewLayer | Synchronizing object | Mesh124
Fra:16 Mem:61.45M (Peak 143.53M) | Time:00:00.03 | Mem:0.00M, Peak:0.00M | Scene, ViewLayer | Synchronizing object | Mesh123
Fra:16 Mem:61.48M (Peak 143.53M) | Time:00:00.03 | Mem:0.00M, Peak:0.00M | Scene, ViewLayer | Synchronizing object | Mesh59
Fra:16 Mem:61.49M (Peak 143.53M) | Time:00:00.03 | Mem:0.00M, Peak:0.00M | Scene, ViewLayer | Synchronizing object | Mesh122
Fra:16 Mem:61.50M (Peak 143.53M) | Time:00:00.03 | Mem:0.00M, Peak:0.00M | Scene, ViewLayer | Synchronizing object | Mesh121
Fra:16 Mem:61.51M (Peak 143.53M) | Time:00:00.03 | Mem:0.00M, Peak:0.00M | Scene, ViewLayer | Synchronizing object | Mesh120
Fra:16 Mem:61.51M (Peak 143.53M) | Time:00:00.03 | Mem:0.00M, Peak:0.00M | Scene, ViewLayer | Synchronizing object | Mesh119
Fra:16 Mem:61.60M (Peak 143.53M) | Time:00:00.03 | Mem:0.00M, Peak:0.00M | Scene, ViewLayer | Synchronizing object | Mesh118
Fra:16 Mem:61.60M (Peak 143.53M) | Time:00:00.03 | Mem:0.00M, Peak:0.00M | Scene, ViewLayer | Synchronizing object | Mesh117
Fra:16 Mem:61.61M (Peak 143.53M) | Time:00:00.03 | Mem:0.00M, Peak:0.00M | Scene, ViewLayer | Synchronizing object | Mesh116
Fra:16 Mem:61.61M (Peak 143.53M) | Time:00:00.03 | Mem:0.00M, Peak:0.00M | Scene, ViewLayer | Synchronizing object | Mesh115
Fra:16 Mem:62.01M (Peak 143.53M) | Time:00:00.03 | Mem:0.00M, Peak:0.00M | Scene, ViewLayer | Synchronizing object | Mesh60
Fra:16 Mem:62.12M (Peak 143.53M) | Time:00:00.03 | Mem:0.00M, Peak:0.00M | Scene, ViewLayer | Synchronizing object | Mesh61
Fra:16 Mem:62.25M (Peak 143.53M) | Time:00:00.04 | Mem:0.00M, Peak:0.00M | Scene, ViewLayer | Synchronizing object | Mesh62
Fra:16 Mem:62.28M (Peak 143.53M) | Time:00:00.04 | Mem:0.00M, Peak:0.00M | Scene, ViewLayer | Synchronizing object | Mesh63
Fra:16 Mem:62.31M (Peak 143.53M) | Time:00:00.04 | Mem:0.00M, Peak:0.00M | Scene, ViewLayer | Synchronizing object | Mesh64
Fra:16 Mem:62.38M (Peak 143.53M) | Time:00:00.04 | Mem:0.00M, Peak:0.00M | Scene, ViewLayer | Synchronizing object | Mesh65
Fra:16 Mem:62.43M (Peak 143.53M) | Time:00:00.04 | Mem:0.00M, Peak:0.00M | Scene, ViewLayer | Synchronizing object | Mesh66
Fra:16 Mem:62.44M (Peak 143.53M) | Time:00:00.04 | Mem:0.00M, Peak:0.00M | Scene, ViewLayer | Synchronizing object | Mesh67
Fra:16 Mem:62.60M (Peak 143.53M) | Time:00:00.04 | Mem:0.00M, Peak:0.00M | Scene, ViewLayer | Synchronizing object | Mesh68
Fra:16 Mem:62.60M (Peak 143.53M) | Time:00:00.04 | Mem:0.00M, Peak:0.00M | Scene, ViewLayer | Synchronizing object | Mesh114
Fra:16 Mem:62.63M (Peak 143.53M) | Time:00:00.04 | Mem:0.00M, Peak:0.00M | Scene, ViewLayer | Synchronizing object | Mesh113
Fra:16 Mem:62.64M (Peak 143.53M) | Time:00:00.04 | Mem:0.00M, Peak:0.00M | Scene, ViewLayer | Synchronizing object | Mesh112
Fra:16 Mem:62.64M (Peak 143.53M) | Time:00:00.04 | Mem:0.00M, Peak:0.00M | Scene, ViewLayer | Synchronizing object | Mesh111
Fra:16 Mem:62.79M (Peak 143.53M) | Time:00:00.04 | Mem:0.00M, Peak:0.00M | Scene, ViewLayer | Synchronizing object | Mesh110
Fra:16 Mem:62.99M (Peak 143.53M) | Time:00:00.04 | Mem:0.00M, Peak:0.00M | Scene, ViewLayer | Synchronizing object | Mesh70
Fra:16 Mem:63.02M (Peak 143.53M) | Time:00:00.04 | Mem:0.00M, Peak:0.00M | Scene, ViewLayer | Synchronizing object | Mesh109
Fra:16 Mem:63.03M (Peak 143.53M) | Time:00:00.04 | Mem:0.00M, Peak:0.00M | Scene, ViewLayer | Synchronizing object | Mesh108
Fra:16 Mem:63.05M (Peak 143.53M) | Time:00:00.04 | Mem:0.00M, Peak:0.00M | Scene, ViewLayer | Synchronizing object | Mesh107
Fra:16 Mem:63.07M (Peak 143.53M) | Time:00:00.04 | Mem:0.00M, Peak:0.00M | Scene, ViewLayer | Synchronizing object | Mesh106
Fra:16 Mem:63.27M (Peak 143.53M) | Time:00:00.04 | Mem:0.00M, Peak:0.00M | Scene, ViewLayer | Synchronizing object | Mesh71
Fra:16 Mem:63.88M (Peak 143.53M) | Time:00:00.04 | Mem:0.00M, Peak:0.00M | Scene, ViewLayer | Synchronizing object | Mesh72
Fra:16 Mem:64.11M (Peak 143.53M) | Time:00:00.04 | Mem:0.00M, Peak:0.00M | Scene, ViewLayer | Synchronizing object | Mesh73
Fra:16 Mem:64.14M (Peak 143.53M) | Time:00:00.04 | Mem:0.00M, Peak:0.00M | Scene, ViewLayer | Synchronizing object | Mesh74
Fra:16 Mem:64.14M (Peak 143.53M) | Time:00:00.04 | Mem:0.00M, Peak:0.00M | Scene, ViewLayer | Synchronizing object | Mesh75
Fra:16 Mem:64.15M (Peak 143.53M) | Time:00:00.04 | Mem:0.00M, Peak:0.00M | Scene, ViewLayer | Synchronizing object | Mesh76
Fra:16 Mem:64.20M (Peak 143.53M) | Time:00:00.04 | Mem:0.00M, Peak:0.00M | Scene, ViewLayer | Synchronizing object | Mesh77
Fra:16 Mem:64.20M (Peak 143.53M) | Time:00:00.04 | Mem:0.00M, Peak:0.00M | Scene, ViewLayer | Synchronizing object | Mesh78
Fra:16 Mem:63.89M (Peak 143.53M) | Time:00:00.04 | Mem:0.00M, Peak:0.00M | Scene, ViewLayer | Synchronizing object | Mesh105
Fra:16 Mem:64.07M (Peak 143.53M) | Time:00:00.04 | Mem:0.00M, Peak:0.00M | Scene, ViewLayer | Synchronizing object | Mesh79
Fra:16 Mem:64.22M (Peak 143.53M) | Time:00:00.04 | Mem:0.00M, Peak:0.00M | Scene, ViewLayer | Synchronizing object | Mesh80
Fra:16 Mem:64.06M (Peak 143.53M) | Time:00:00.04 | Mem:0.00M, Peak:0.00M | Scene, ViewLayer | Synchronizing object | Mesh81
Fra:16 Mem:64.46M (Peak 143.53M) | Time:00:00.05 | Mem:0.00M, Peak:0.00M | Scene, ViewLayer | Synchronizing object | Mesh104
Fra:16 Mem:64.47M (Peak 143.53M) | Time:00:00.05 | Mem:0.00M, Peak:0.00M | Scene, ViewLayer | Synchronizing object | Mesh103
Fra:16 Mem:64.30M (Peak 143.53M) | Time:00:00.05 | Mem:0.00M, Peak:0.00M | Scene, ViewLayer | Synchronizing object | Mesh82
Fra:16 Mem:64.28M (Peak 143.53M) | Time:00:00.05 | Mem:0.00M, Peak:0.00M | Scene, ViewLayer | Synchronizing object | Mesh102
Fra:16 Mem:64.32M (Peak 143.53M) | Time:00:00.05 | Mem:0.00M, Peak:0.00M | Scene, ViewLayer | Synchronizing object | Mesh101
Fra:16 Mem:64.37M (Peak 143.53M) | Time:00:00.05 | Mem:0.00M, Peak:0.00M | Scene, ViewLayer | Synchronizing object | Mesh83
Fra:16 Mem:64.40M (Peak 143.53M) | Time:00:00.05 | Mem:0.00M, Peak:0.00M | Scene, ViewLayer | Synchronizing object | Mesh100
Fra:16 Mem:64.52M (Peak 143.53M) | Time:00:00.05 | Mem:0.00M, Peak:0.00M | Scene, ViewLayer | Synchronizing object | Mesh84
Fra:16 Mem:64.70M (Peak 143.53M) | Time:00:00.05 | Mem:0.00M, Peak:0.00M | Scene, ViewLayer | Synchronizing object | Mesh85
Fra:16 Mem:64.79M (Peak 143.53M) | Time:00:00.05 | Mem:0.00M, Peak:0.00M | Scene, ViewLayer | Synchronizing object | Mesh99
Fra:16 Mem:64.84M (Peak 143.53M) | Time:00:00.05 | Mem:0.00M, Peak:0.00M | Scene, ViewLayer | Synchronizing object | Mesh86
Fra:16 Mem:64.92M (Peak 143.53M) | Time:00:00.05 | Mem:0.00M, Peak:0.00M | Scene, ViewLayer | Synchronizing object | Mesh98
Fra:16 Mem:65.00M (Peak 143.53M) | Time:00:00.05 | Mem:0.00M, Peak:0.00M | Scene, ViewLayer | Synchronizing object | Mesh97
Fra:16 Mem:65.07M (Peak 143.53M) | Time:00:00.05 | Mem:0.00M, Peak:0.00M | Scene, ViewLayer | Synchronizing object | Mesh96
Fra:16 Mem:65.11M (Peak 143.53M) | Time:00:00.05 | Mem:0.00M, Peak:0.00M | Scene, ViewLayer | Synchronizing object | Mesh87
Fra:16 Mem:65.11M (Peak 143.53M) | Time:00:00.05 | Mem:0.00M, Peak:0.00M | Scene, ViewLayer | Synchronizing object | Mesh88
Fra:16 Mem:65.12M (Peak 143.53M) | Time:00:00.05 | Mem:0.00M, Peak:0.00M | Scene, ViewLayer | Synchronizing object | Mesh89
Fra:16 Mem:65.09M (Peak 143.53M) | Time:00:00.05 | Mem:0.00M, Peak:0.00M | Scene, ViewLayer | Synchronizing object | Mesh90
Fra:16 Mem:65.09M (Peak 143.53M) | Time:00:00.05 | Mem:0.00M, Peak:0.00M | Scene, ViewLayer | Synchronizing object | Mesh91
Fra:16 Mem:65.05M (Peak 143.53M) | Time:00:00.05 | Mem:0.00M, Peak:0.00M | Scene, ViewLayer | Synchronizing object | Mesh92
Fra:16 Mem:65.03M (Peak 143.53M) | Time:00:00.05 | Mem:0.00M, Peak:0.00M | Scene, ViewLayer | Synchronizing object | Mesh95
Fra:16 Mem:65.06M (Peak 143.53M) | Time:00:00.05 | Mem:0.00M, Peak:0.00M | Scene, ViewLayer | Synchronizing object | Mesh93
Fra:16 Mem:65.14M (Peak 143.53M) | Time:00:00.05 | Mem:0.00M, Peak:0.00M | Scene, ViewLayer | Synchronizing object | Mesh94
Fra:16 Mem:65.14M (Peak 143.53M) | Time:00:00.05 | Mem:0.00M, Peak:0.00M | Scene, ViewLayer | Initializing
Fra:16 Mem:56.30M (Peak 143.53M) | Time:00:00.05 | Mem:0.00M, Peak:0.00M | Scene, ViewLayer | Waiting for render to start
Fra:16 Mem:56.31M (Peak 143.53M) | Time:00:00.05 | Mem:0.00M, Peak:0.00M | Scene, ViewLayer | Loading render kernels (may take a few minutes the first time)
Fra:16 Mem:56.31M (Peak 143.53M) | Time:00:00.05 | Mem:0.00M, Peak:0.00M | Scene, ViewLayer | Updating Scene
Fra:16 Mem:56.31M (Peak 143.53M) | Time:00:00.05 | Mem:0.00M, Peak:0.00M | Scene, ViewLayer | Updating Shaders
Fra:16 Mem:56.40M (Peak 143.53M) | Time:00:00.05 | Mem:0.02M, Peak:0.02M | Scene, ViewLayer | Updating Procedurals
Fra:16 Mem:56.40M (Peak 143.53M) | Time:00:00.05 | Mem:0.02M, Peak:0.02M | Scene, ViewLayer | Updating Background
Fra:16 Mem:56.40M (Peak 143.53M) | Time:00:00.05 | Mem:0.02M, Peak:0.02M | Scene, ViewLayer | Updating Camera
Fra:16 Mem:56.40M (Peak 143.53M) | Time:00:00.05 | Mem:0.02M, Peak:0.02M | Scene, ViewLayer | Updating Meshes Flags
Fra:16 Mem:56.40M (Peak 143.53M) | Time:00:00.05 | Mem:0.02M, Peak:0.02M | Scene, ViewLayer | Updating Objects
Fra:16 Mem:56.40M (Peak 143.53M) | Time:00:00.05 | Mem:0.02M, Peak:0.02M | Scene, ViewLayer | Updating Objects | Copying Transformations to device
Fra:16 Mem:56.44M (Peak 143.53M) | Time:00:00.05 | Mem:0.05M, Peak:0.05M | Scene, ViewLayer | Updating Objects | Applying Static Transformations
Fra:16 Mem:56.44M (Peak 143.53M) | Time:00:00.05 | Mem:0.05M, Peak:0.05M | Scene, ViewLayer | Updating Particle Systems
Fra:16 Mem:56.44M (Peak 143.53M) | Time:00:00.05 | Mem:0.05M, Peak:0.05M | Scene, ViewLayer | Updating Particle Systems | Copying Particles to device
Fra:16 Mem:56.44M (Peak 143.53M) | Time:00:00.05 | Mem:0.05M, Peak:0.05M | Scene, ViewLayer | Updating Meshes
Fra:16 Mem:57.55M (Peak 143.53M) | Time:00:00.05 | Mem:0.05M, Peak:0.05M | Scene, ViewLayer | Updating Mesh | Computing attributes
Fra:16 Mem:59.61M (Peak 143.53M) | Time:00:00.06 | Mem:0.07M, Peak:0.07M | Scene, ViewLayer | Updating Mesh | Copying Attributes to device
Fra:16 Mem:59.59M (Peak 143.53M) | Time:00:00.06 | Mem:2.10M, Peak:2.10M | Scene, ViewLayer | Updating Scene BVH | Building
Fra:16 Mem:59.59M (Peak 143.53M) | Time:00:00.06 | Mem:2.10M, Peak:2.10M | Scene, ViewLayer | Updating Scene BVH | Building BVH
Fra:16 Mem:59.59M (Peak 143.53M) | Time:00:00.06 | Mem:4.30M, Peak:4.30M | Scene, ViewLayer | Updating Scene BVH | Building BVH 0%
Fra:16 Mem:59.59M (Peak 143.53M) | Time:00:00.07 | Mem:6.93M, Peak:9.14M | Scene, ViewLayer | Updating Scene BVH | Copying BVH to device
Fra:16 Mem:59.59M (Peak 143.53M) | Time:00:00.07 | Mem:6.93M, Peak:9.14M | Scene, ViewLayer | Updating Mesh | Computing normals
Fra:16 Mem:66.39M (Peak 143.53M) | Time:00:00.07 | Mem:6.93M, Peak:9.14M | Scene, ViewLayer | Updating Mesh | Copying Mesh to device
Fra:16 Mem:66.39M (Peak 143.53M) | Time:00:00.07 | Mem:13.73M, Peak:13.73M | Scene, ViewLayer | Updating Objects Flags
Fra:16 Mem:66.39M (Peak 143.53M) | Time:00:00.07 | Mem:13.73M, Peak:13.73M | Scene, ViewLayer | Updating Primitive Offsets
Fra:16 Mem:66.39M (Peak 143.53M) | Time:00:00.07 | Mem:13.73M, Peak:13.73M | Scene, ViewLayer | Updating Images
Fra:16 Mem:66.39M (Peak 143.53M) | Time:00:00.07 | Mem:13.73M, Peak:13.73M | Scene, ViewLayer | Updating Camera Volume
Fra:16 Mem:66.39M (Peak 143.53M) | Time:00:00.07 | Mem:13.73M, Peak:13.73M | Scene, ViewLayer | Updating Lookup Tables
Fra:16 Mem:66.39M (Peak 143.53M) | Time:00:00.07 | Mem:13.81M, Peak:13.81M | Scene, ViewLayer | Updating Lights
Fra:16 Mem:66.39M (Peak 143.53M) | Time:00:00.07 | Mem:13.81M, Peak:13.81M | Scene, ViewLayer | Updating Lights | Computing tree
Fra:16 Mem:66.39M (Peak 143.53M) | Time:00:00.07 | Mem:13.81M, Peak:13.81M | Scene, ViewLayer | Updating Integrator
Fra:16 Mem:66.39M (Peak 143.53M) | Time:00:00.07 | Mem:13.81M, Peak:13.81M | Scene, ViewLayer | Updating Film
Fra:16 Mem:66.39M (Peak 143.53M) | Time:00:00.07 | Mem:13.73M, Peak:13.81M | Scene, ViewLayer | Updating Lookup Tables
Fra:16 Mem:66.39M (Peak 143.53M) | Time:00:00.07 | Mem:13.82M, Peak:13.82M | Scene, ViewLayer | Updating Baking
Fra:16 Mem:66.39M (Peak 143.53M) | Time:00:00.07 | Mem:13.82M, Peak:13.82M | Scene, ViewLayer | Updating Device | Writing constant memory
Fra:16 Mem:66.40M (Peak 143.53M) | Time:00:00.07 | Mem:13.82M, Peak:13.82M | Scene, ViewLayer | Loading denoising kernels (may take a few minutes the first time)
Fra:16 Mem:66.40M (Peak 143.53M) | Time:00:00.07 | Mem:13.82M, Peak:13.82M | Scene, ViewLayer | Sample 0/2
Fra:16 Mem:103.98M (Peak 143.53M) | Time:00:00.13 | Remaining:00:00.05 | Mem:51.39M, Peak:51.39M | Scene, ViewLayer | Sample 1/2
Fra:16 Mem:119.80M (Peak 143.53M) | Time:00:09.26 | Mem:51.39M, Peak:51.39M | Scene, ViewLayer | Sample 2/2
Fra:16 Mem:119.80M (Peak 143.53M) | Time:00:09.26 | Mem:51.39M, Peak:51.39M | Scene, ViewLayer | Finished
Append frame 16
Time: 00:09.31 (Saving: 00:00.05)

Fra:17 Mem:55.82M (Peak 143.53M) | Time:00:00.01 | Mem:0.00M, Peak:0.00M | Scene, ViewLayer | Synchronizing object | Mesh1
Fra:17 Mem:55.85M (Peak 143.53M) | Time:00:00.01 | Mem:0.00M, Peak:0.00M | Scene, ViewLayer | Synchronizing object | Mesh2
Fra:17 Mem:55.92M (Peak 143.53M) | Time:00:00.01 | Mem:0.00M, Peak:0.00M | Scene, ViewLayer | Synchronizing object | Mesh3
Fra:17 Mem:56.01M (Peak 143.53M) | Time:00:00.01 | Mem:0.00M, Peak:0.00M | Scene, ViewLayer | Synchronizing object | Mesh4
Fra:17 Mem:56.02M (Peak 143.53M) | Time:00:00.01 | Mem:0.00M, Peak:0.00M | Scene, ViewLayer | Synchronizing object | Mesh5
Fra:17 Mem:56.05M (Peak 143.53M) | Time:00:00.01 | Mem:0.00M, Peak:0.00M | Scene, ViewLayer | Synchronizing object | Mesh6
Fra:17 Mem:56.06M (Peak 143.53M) | Time:00:00.01 | Mem:0.00M, Peak:0.00M | Scene, ViewLayer | Synchronizing object | Mesh168
Fra:17 Mem:56.30M (Peak 143.53M) | Time:00:00.01 | Mem:0.00M, Peak:0.00M | Scene, ViewLayer | Synchronizing object | Mesh167
Fra:17 Mem:56.19M (Peak 143.53M) | Time:00:00.01 | Mem:0.00M, Peak:0.00M | Scene, ViewLayer | Synchronizing object | Mesh7
Fra:17 Mem:58.45M (Peak 143.53M) | Time:00:00.02 | Mem:0.00M, Peak:0.00M | Scene, ViewLayer | Synchronizing object | Mesh166
Fra:17 Mem:57.72M (Peak 143.53M) | Time:00:00.02 | Mem:0.00M, Peak:0.00M | Scene, ViewLayer | Synchronizing object | Mesh165
Fra:17 Mem:57.74M (Peak 143.53M) | Time:00:00.02 | Mem:0.00M, Peak:0.00M | Scene, ViewLayer | Synchronizing object | Mesh164
Fra:17 Mem:57.75M (Peak 143.53M) | Time:00:00.02 | Mem:0.00M, Peak:0.00M | Scene, ViewLayer | Synchronizing object | Mesh163
Fra:17 Mem:57.63M (Peak 143.53M) | Time:00:00.02 | Mem:0.00M, Peak:0.00M | Scene, ViewLayer | Synchronizing object | Mesh8
Fra:17 Mem:57.70M (Peak 143.53M) | Time:00:00.02 | Mem:0.00M, Peak:0.00M | Scene, ViewLayer | Synchronizing object | Mesh162
Fra:17 Mem:57.84M (Peak 143.53M) | Time:00:00.02 | Mem:0.00M, Peak:0.00M | Scene, ViewLayer | Synchronizing object | Mesh9
Fra:17 Mem:57.79M (Peak 143.53M) | Time:00:00.02 | Mem:0.00M, Peak:0.00M | Scene, ViewLayer | Synchronizing object | Mesh161
Fra:17 Mem:57.85M (Peak 143.53M) | Time:00:00.02 | Mem:0.00M, Peak:0.00M | Scene, ViewLayer | Synchronizing object | Mesh10
Fra:17 Mem:57.85M (Peak 143.53M) | Time:00:00.02 | Mem:0.00M, Peak:0.00M | Scene, ViewLayer | Synchronizing object | Mesh160
Fra:17 Mem:57.99M (Peak 143.53M) | Time:00:00.02 | Mem:0.00M, Peak:0.00M | Scene, ViewLayer | Synchronizing object | Mesh159
Fra:17 Mem:58.09M (Peak 143.53M) | Time:00:00.02 | Mem:0.00M, Peak:0.00M | Scene, ViewLayer | Synchronizing object | Mesh11
Fra:17 Mem:58.32M (Peak 143.53M) | Time:00:00.02 | Mem:0.00M, Peak:0.00M | Scene, ViewLayer | Synchronizing object | Mesh12
Fra:17 Mem:58.35M (Peak 143.53M) | Time:00:00.02 | Mem:0.00M, Peak:0.00M | Scene, ViewLayer | Synchronizing object | Mesh13
Fra:17 Mem:58.66M (Peak 143.53M) | Time:00:00.02 | Mem:0.00M, Peak:0.00M | Scene, ViewLayer | Synchronizing object | Mesh14
Fra:17 Mem:58.72M (Peak 143.53M) | Time:00:00.02 | Mem:0.00M, Peak:0.00M | Scene, ViewLayer | Synchronizing object | Mesh15
Fra:17 Mem:60.35M (Peak 143.53M) | Time:00:00.02 | Mem:0.00M, Peak:0.00M | Scene, ViewLayer | Synchronizing object | Mesh158
Fra:17 Mem:59.52M (Peak 143.53M) | Time:00:00.02 | Mem:0.00M, Peak:0.00M | Scene, ViewLayer | Synchronizing object | Mesh16
Fra:17 Mem:59.51M (Peak 143.53M) | Time:00:00.02 | Mem:0.00M, Peak:0.00M | Scene, ViewLayer | Synchronizing object | Mesh157
Fra:17 Mem:59.49M (Peak 143.53M) | Time:00:00.02 | Mem:0.00M, Peak:0.00M | Scene, ViewLayer | Synchronizing object | Mesh17
Fra:17 Mem:59.55M (Peak 143.53M) | Time:00:00.02 | Mem:0.00M, Peak:0.00M | Scene, ViewLayer | Synchronizing object | Mesh18
Fra:17 Mem:59.55M (Peak 143.53M) | Time:00:00.02 | Mem:0.00M, Peak:0.00M | Scene, ViewLayer | Synchronizing object | Mesh156
Fra:17 Mem:59.61M (Peak 143.53M) | Time:00:00.02 | Mem:0.00M, Peak:0.00M | Scene, ViewLayer | Synchronizing object | Mesh19
Fra:17 Mem:59.62M (Peak 143.53M) | Time:00:00.02 | Mem:0.00M, Peak:0.00M | Scene, ViewLayer | Synchronizing object | Mesh20
Fra:17 Mem:59.61M (Peak 143.53M) | Time:00:00.02 | Mem:0.00M, Peak:0.00M | Scene, ViewLayer | Synchronizing object | Mesh155
Fra:17 Mem:59.78M (Peak 143.53M) | Time:00:00.02 | Mem:0.00M, Peak:0.00M | Scene, ViewLayer | Synchronizing object | Mesh154
Fra:17 Mem:59.88M (Peak 143.53M) | Time:00:00.02 | Mem:0.00M, Peak:0.00M | Scene, ViewLayer | Synchronizing object | Mesh21
Fra:17 Mem:59.83M (Peak 143.53M) | Time:00:00.02 | Mem:0.00M, Peak:0.00M | Scene, ViewLayer | Synchronizing object | Mesh153
Fra:17 Mem:59.83M (Peak 143.53M) | Time:00:00.03 | Mem:0.00M, Peak:0.00M | Scene, ViewLayer | Synchronizing object | Mesh22
Fra:17 Mem:60.01M (Peak 143.53M) | Time:00:00.03 | Mem:0.00M, Peak:0.00M | Scene, ViewLayer | Synchronizing object | Mesh152
Fra:17 Mem:60.02M (Peak 143.53M) | Time:00:00.03 | Mem:0.00M, Peak:0.00M | Scene, ViewLayer | Synchronizing object | Mesh151
Fra:17 Mem:60.03M (Peak 143.53M) | Time:00:00.03 | Mem:0.00M, Peak:0.00M | Scene, ViewLayer | Synchronizing object | Mesh150
Fra:17 Mem:60.04M (Peak 143.53M) | Time:00:00.03 | Mem:0.00M, Peak:0.00M | Scene, ViewLayer | Synchronizing object | Mesh149
Fra:17 Mem:59.96M (Peak 143.53M) | Time:00:00.03 | Mem:0.00M, Peak:0.00M | Scene, ViewLayer | Synchronizing object | Mesh148
Fra:17 Mem:59.95M (Peak 143.53M) | Time:00:00.03 | Mem:0.00M, Peak:0.00M | Scene, ViewLayer | Synchronizing object | Mesh23
Fra:17 Mem:60.02M (Peak 143.53M) | Time:00:00.03 | Mem:0.00M, Peak:0.00M | Scene, ViewLayer | Synchronizing object | Mesh24
Fra:17 Mem:60.05M (Peak 143.53M) | Time:00:00.03 | Mem:0.00M, Peak:0.00M | Scene, ViewLayer | Synchronizing object | Mesh25
Fra:17 Mem:60.19M (Peak 143.53M) | Time:00:00.03 | Mem:0.00M, Peak:0.00M | Scene, ViewLayer | Synchronizing object | Mesh147
Fra:17 Mem:60.20M (Peak 143.53M) | Time:00:00.03 | Mem:0.00M, Peak:0.00M | Scene, ViewLayer | Synchronizing object | Mesh146
Fra:17 Mem:60.20M (Peak 143.53M) | Time:00:00.03 | Mem:0.00M, Peak:0.00M | Scene, ViewLayer | Synchronizing object | Mesh145
Fra:17 Mem:60.12M (Peak 143.53M) | Time:00:00.03 | Mem:0.00M, Peak:0.00M | Scene, ViewLayer | Synchronizing object | Mesh26
Fra:17 Mem:60.15M (Peak 143.53M) | Time:00:00.03 | Mem:0.00M, Peak:0.00M | Scene, ViewLayer | Synchronizing object | Mesh144
Fra:17 Mem:60.18M (Peak 143.53M) | Time:00:00.03 | Mem:0.00M, Peak:0.00M | Scene, ViewLayer | Synchronizing object | Mesh143
Fra:17 Mem:60.18M (Peak 143.53M) | Time:00:00.03 | Mem:0.00M, Peak:0.00M | Scene, ViewLayer | Synchronizing object | Mesh142
Fra:17 Mem:60.14M (Peak 143.53M) | Time:00:00.03 | Mem:0.00M, Peak:0.00M | Scene, ViewLayer | Synchronizing object | Mesh27
Fra:17 Mem:60.21M (Peak 143.53M) | Time:00:00.03 | Mem:0.00M, Peak:0.00M | Scene, ViewLayer | Synchronizing object | Mesh28
Fra:17 Mem:60.23M (Peak 143.53M) | Time:00:00.03 | Mem:0.00M, Peak:0.00M | Scene, ViewLayer | Synchronizing object | Mesh29
Fra:17 Mem:60.27M (Peak 143.53M) | Time:00:00.03 | Mem:0.00M, Peak:0.00M | Scene, ViewLayer | Synchronizing object | Mesh30
Fra:17 Mem:60.34M (Peak 143.53M) | Time:00:00.03 | Mem:0.00M, Peak:0.00M | Scene, ViewLayer | Synchronizing object | Mesh31
Fra:17 Mem:60.48M (Peak 143.53M) | Time:00:00.03 | Mem:0.00M, Peak:0.00M | Scene, ViewLayer | Synchronizing object | Mesh32
Fra:17 Mem:60.52M (Peak 143.53M) | Time:00:00.03 | Mem:0.00M, Peak:0.00M | Scene, ViewLayer | Synchronizing object | Mesh33
Fra:17 Mem:60.52M (Peak 143.53M) | Time:00:00.03 | Mem:0.00M, Peak:0.00M | Scene, ViewLayer | Synchronizing object | Mesh34
Fra:17 Mem:60.45M (Peak 143.53M) | Time:00:00.03 | Mem:0.00M, Peak:0.00M | Scene, ViewLayer | Synchronizing object | Mesh35
Fra:17 Mem:60.44M (Peak 143.53M) | Time:00:00.03 | Mem:0.00M, Peak:0.00M | Scene, ViewLayer | Synchronizing object | Mesh141
Fra:17 Mem:60.52M (Peak 143.53M) | Time:00:00.03 | Mem:0.00M, Peak:0.00M | Scene, ViewLayer | Synchronizing object | Mesh140
Fra:17 Mem:60.56M (Peak 143.53M) | Time:00:00.03 | Mem:0.00M, Peak:0.00M | Scene, ViewLayer | Synchronizing object | Mesh139
Fra:17 Mem:60.57M (Peak 143.53M) | Time:00:00.03 | Mem:0.00M, Peak:0.00M | Scene, ViewLayer | Synchronizing object | Mesh138
Fra:17 Mem:60.79M (Peak 143.53M) | Time:00:00.03 | Mem:0.00M, Peak:0.00M | Scene, ViewLayer | Synchronizing object | Mesh137
Fra:17 Mem:60.79M (Peak 143.53M) | Time:00:00.03 | Mem:0.00M, Peak:0.00M | Scene, ViewLayer | Synchronizing object | Mesh37
Fra:17 Mem:60.91M (Peak 143.53M) | Time:00:00.03 | Mem:0.00M, Peak:0.00M | Scene, ViewLayer | Synchronizing object | Mesh136
Fra:17 Mem:60.85M (Peak 143.53M) | Time:00:00.03 | Mem:0.00M, Peak:0.00M | Scene, ViewLayer | Synchronizing object | Mesh135
Fra:17 Mem:60.87M (Peak 143.53M) | Time:00:00.03 | Mem:0.00M, Peak:0.00M | Scene, ViewLayer | Synchronizing object | Mesh134
Fra:17 Mem:60.87M (Peak 143.53M) | Time:00:00.03 | Mem:0.00M, Peak:0.00M | Scene, ViewLayer | Synchronizing object | Mesh39
Fra:17 Mem:60.91M (Peak 143.53M) | Time:00:00.03 | Mem:0.00M, Peak:0.00M | Scene, ViewLayer | Synchronizing object | Mesh40
Fra:17 Mem:60.92M (Peak 143.53M) | Time:00:00.03 | Mem:0.00M, Peak:0.00M | Scene, ViewLayer | Synchronizing object | Mesh41
Fra:17 Mem:60.93M (Peak 143.53M) | Time:00:00.03 | Mem:0.00M, Peak:0.00M | Scene, ViewLayer | Synchronizing object | Mesh132
Fra:17 Mem:61.03M (Peak 143.53M) | Time:00:00.03 | Mem:0.00M, Peak:0.00M | Scene, ViewLayer | Synchronizing object | Mesh131
Fra:17 Mem:61.03M (Peak 143.53M) | Time:00:00.03 | Mem:0.00M, Peak:0.00M | Scene, ViewLayer | Synchronizing object | Mesh130
Fra:17 Mem:61.04M (Peak 143.53M) | Time:00:00.03 | Mem:0.00M, Peak:0.00M | Scene, ViewLayer | Synchronizing object | Mesh129
Fra:17 Mem:61.04M (Peak 143.53M) | Time:00:00.03 | Mem:0.00M, Peak:0.00M | Scene, ViewLayer | Synchronizing object | Mesh128
Fra:17 Mem:61.13M (Peak 143.53M) | Time:00:00.03 | Mem:0.00M, Peak:0.00M | Scene, ViewLayer | Synchronizing object | Mesh43
Fra:17 Mem:61.13M (Peak 143.53M) | Time:00:00.03 | Mem:0.00M, Peak:0.00M | Scene, ViewLayer | Synchronizing object | Mesh127
Fra:17 Mem:61.14M (Peak 143.53M) | Time:00:00.03 | Mem:0.00M, Peak:0.00M | Scene, ViewLayer | Synchronizing object | Mesh126
Fra:17 Mem:61.18M (Peak 143.53M) | Time:00:00.03 | Mem:0.00M, Peak:0.00M | Scene, ViewLayer | Synchronizing object | Mesh44
Fra:17 Mem:61.19M (Peak 143.53M) | Time:00:00.03 | Mem:0.00M, Peak:0.00M | Scene, ViewLayer | Synchronizing object | Mesh45
Fra:17 Mem:61.20M (Peak 143.53M) | Time:00:00.03 | Mem:0.00M, Peak:0.00M | Scene, ViewLayer | Synchronizing object | Mesh46
Fra:17 Mem:61.21M (Peak 143.53M) | Time:00:00.03 | Mem:0.00M, Peak:0.00M | Scene, ViewLayer | Synchronizing object | Mesh124
Fra:17 Mem:61.21M (Peak 143.53M) | Time:00:00.03 | Mem:0.00M, Peak:0.00M | Scene, ViewLayer | Synchronizing object | Mesh47
Fra:17 Mem:61.23M (Peak 143.53M) | Time:00:00.03 | Mem:0.00M, Peak:0.00M | Scene, ViewLayer | Synchronizing object | Mesh48
Fra:17 Mem:61.24M (Peak 143.53M) | Time:00:00.03 | Mem:0.00M, Peak:0.00M | Scene, ViewLayer | Synchronizing object | Mesh122
Fra:17 Mem:61.29M (Peak 143.53M) | Time:00:00.03 | Mem:0.00M, Peak:0.00M | Scene, ViewLayer | Synchronizing object | Mesh121
Fra:17 Mem:61.33M (Peak 143.53M) | Time:00:00.03 | Mem:0.00M, Peak:0.00M | Scene, ViewLayer | Synchronizing object | Mesh50
Fra:17 Mem:61.33M (Peak 143.53M) | Time:00:00.03 | Mem:0.00M, Peak:0.00M | Scene, ViewLayer | Synchronizing object | Mesh120
Fra:17 Mem:61.34M (Peak 143.53M) | Time:00:00.03 | Mem:0.00M, Peak:0.00M | Scene, ViewLayer | Synchronizing object | Mesh119
Fra:17 Mem:61.35M (Peak 143.53M) | Time:00:00.03 | Mem:0.00M, Peak:0.00M | Scene, ViewLayer | Synchronizing object | Mesh51
Fra:17 Mem:61.35M (Peak 143.53M) | Time:00:00.03 | Mem:0.00M, Peak:0.00M | Scene, ViewLayer | Synchronizing object | Mesh52
Fra:17 Mem:61.45M (Peak 143.53M) | Time:00:00.03 | Mem:0.00M, Peak:0.00M | Scene, ViewLayer | Synchronizing object | Mesh53
Fra:17 Mem:61.46M (Peak 143.53M) | Time:00:00.03 | Mem:0.00M, Peak:0.00M | Scene, ViewLayer | Synchronizing object | Mesh54
Fra:17 Mem:61.47M (Peak 143.53M) | Time:00:00.03 | Mem:0.00M, Peak:0.00M | Scene, ViewLayer | Synchronizing object | Mesh55
Fra:17 Mem:61.49M (Peak 143.53M) | Time:00:00.03 | Mem:0.00M, Peak:0.00M | Scene, ViewLayer | Synchronizing object | Mesh56
Fra:17 Mem:61.49M (Peak 143.53M) | Time:00:00.03 | Mem:0.00M, Peak:0.00M | Scene, ViewLayer | Synchronizing object | Mesh57
Fra:17 Mem:61.57M (Peak 143.53M) | Time:00:00.03 | Mem:0.00M, Peak:0.00M | Scene, ViewLayer | Synchronizing object | Mesh58
Fra:17 Mem:61.60M (Peak 143.53M) | Time:00:00.03 | Mem:0.00M, Peak:0.00M | Scene, ViewLayer | Synchronizing object | Mesh59
Fra:17 Mem:61.63M (Peak 143.53M) | Time:00:00.03 | Mem:0.00M, Peak:0.00M | Scene, ViewLayer | Synchronizing object | Mesh60
Fra:17 Mem:61.74M (Peak 143.53M) | Time:00:00.03 | Mem:0.00M, Peak:0.00M | Scene, ViewLayer | Synchronizing object | Mesh61
Fra:17 Mem:61.86M (Peak 143.53M) | Time:00:00.03 | Mem:0.00M, Peak:0.00M | Scene, ViewLayer | Synchronizing object | Mesh62
Fra:17 Mem:61.90M (Peak 143.53M) | Time:00:00.03 | Mem:0.00M, Peak:0.00M | Scene, ViewLayer | Synchronizing object | Mesh63
Fra:17 Mem:61.93M (Peak 143.53M) | Time:00:00.03 | Mem:0.00M, Peak:0.00M | Scene, ViewLayer | Synchronizing object | Mesh64
Fra:17 Mem:61.93M (Peak 143.53M) | Time:00:00.03 | Mem:0.00M, Peak:0.00M | Scene, ViewLayer | Synchronizing object | Mesh117
Fra:17 Mem:61.94M (Peak 143.53M) | Time:00:00.03 | Mem:0.00M, Peak:0.00M | Scene, ViewLayer | Synchronizing object | Mesh116
Fra:17 Mem:61.95M (Peak 143.53M) | Time:00:00.03 | Mem:0.00M, Peak:0.00M | Scene, ViewLayer | Synchronizing object | Mesh115
Fra:17 Mem:62.30M (Peak 143.53M) | Time:00:00.04 | Mem:0.00M, Peak:0.00M | Scene, ViewLayer | Synchronizing object | Mesh114
Fra:17 Mem:62.34M (Peak 143.53M) | Time:00:00.04 | Mem:0.00M, Peak:0.00M | Scene, ViewLayer | Synchronizing object | Mesh113
Fra:17 Mem:62.41M (Peak 143.53M) | Time:00:00.04 | Mem:0.00M, Peak:0.00M | Scene, ViewLayer | Synchronizing object | Mesh112
Fra:17 Mem:62.47M (Peak 143.53M) | Time:00:00.04 | Mem:0.00M, Peak:0.00M | Scene, ViewLayer | Synchronizing object | Mesh66
Fra:17 Mem:62.48M (Peak 143.53M) | Time:00:00.04 | Mem:0.00M, Peak:0.00M | Scene, ViewLayer | Synchronizing object | Mesh67
Fra:17 Mem:62.58M (Peak 143.53M) | Time:00:00.04 | Mem:0.00M, Peak:0.00M | Scene, ViewLayer | Synchronizing object | Mesh110
Fra:17 Mem:62.77M (Peak 143.53M) | Time:00:00.04 | Mem:0.00M, Peak:0.00M | Scene, ViewLayer | Synchronizing object | Mesh109
Fra:17 Mem:62.77M (Peak 143.53M) | Time:00:00.04 | Mem:0.00M, Peak:0.00M | Scene, ViewLayer | Synchronizing object | Mesh108
Fra:17 Mem:62.80M (Peak 143.53M) | Time:00:00.04 | Mem:0.00M, Peak:0.00M | Scene, ViewLayer | Synchronizing object | Mesh107
Fra:17 Mem:62.82M (Peak 143.53M) | Time:00:00.04 | Mem:0.00M, Peak:0.00M | Scene, ViewLayer | Synchronizing object | Mesh106
Fra:17 Mem:63.16M (Peak 143.53M) | Time:00:00.04 | Mem:0.00M, Peak:0.00M | Scene, ViewLayer | Synchronizing object | Mesh69
Fra:17 Mem:63.42M (Peak 143.53M) | Time:00:00.04 | Mem:0.00M, Peak:0.00M | Scene, ViewLayer | Synchronizing object | Mesh70
Fra:17 Mem:63.86M (Peak 143.53M) | Time:00:00.04 | Mem:0.00M, Peak:0.00M | Scene, ViewLayer | Synchronizing object | Mesh71
Fra:17 Mem:63.76M (Peak 143.53M) | Time:00:00.04 | Mem:0.00M, Peak:0.00M | Scene, ViewLayer | Synchronizing object | Mesh72
Fra:17 Mem:63.80M (Peak 143.53M) | Time:00:00.04 | Mem:0.00M, Peak:0.00M | Scene, ViewLayer | Synchronizing object | Mesh105
Fra:17 Mem:64.26M (Peak 143.53M) | Time:00:00.04 | Mem:0.00M, Peak:0.00M | Scene, ViewLayer | Synchronizing object | Mesh104
Fra:17 Mem:64.27M (Peak 143.53M) | Time:00:00.04 | Mem:0.00M, Peak:0.00M | Scene, ViewLayer | Synchronizing object | Mesh103
Fra:17 Mem:64.26M (Peak 143.53M) | Time:00:00.04 | Mem:0.00M, Peak:0.00M | Scene, ViewLayer | Synchronizing object | Mesh102
Fra:17 Mem:64.01M (Peak 143.53M) | Time:00:00.04 | Mem:0.00M, Peak:0.00M | Scene, ViewLayer | Synchronizing object | Mesh101
Fra:17 Mem:64.01M (Peak 143.53M) | Time:00:00.04 | Mem:0.00M, Peak:0.00M | Scene, ViewLayer | Synchronizing object | Mesh73
Fra:17 Mem:64.01M (Peak 143.53M) | Time:00:00.04 | Mem:0.00M, Peak:0.00M | Scene, ViewLayer | Synchronizing object | Mesh74
Fra:17 Mem:64.02M (Peak 143.53M) | Time:00:00.04 | Mem:0.00M, Peak:0.00M | Scene, ViewLayer | Synchronizing object | Mesh100
Fra:17 Mem:64.11M (Peak 143.53M) | Time:00:00.04 | Mem:0.00M, Peak:0.00M | Scene, ViewLayer | Synchronizing object | Mesh75
Fra:17 Mem:64.13M (Peak 143.53M) | Time:00:00.04 | Mem:0.00M, Peak:0.00M | Scene, ViewLayer | Synchronizing object | Mesh76
Fra:17 Mem:64.20M (Peak 143.53M) | Time:00:00.04 | Mem:0.00M, Peak:0.00M | Scene, ViewLayer | Synchronizing object | Mesh77
Fra:17 Mem:64.18M (Peak 143.53M) | Time:00:00.04 | Mem:0.00M, Peak:0.00M | Scene, ViewLayer | Synchronizing object | Mesh99
Fra:17 Mem:64.26M (Peak 143.53M) | Time:00:00.04 | Mem:0.00M, Peak:0.00M | Scene, ViewLayer | Synchronizing object | Mesh78
Fra:17 Mem:64.22M (Peak 143.53M) | Time:00:00.04 | Mem:0.00M, Peak:0.00M | Scene, ViewLayer | Synchronizing object | Mesh79
Fra:17 Mem:64.21M (Peak 143.53M) | Time:00:00.04 | Mem:0.00M, Peak:0.00M | Scene, ViewLayer | Synchronizing object | Mesh98
Fra:17 Mem:64.31M (Peak 143.53M) | Time:00:00.04 | Mem:0.00M, Peak:0.00M | Scene, ViewLayer | Synchronizing object | Mesh80
Fra:17 Mem:64.27M (Peak 143.53M) | Time:00:00.04 | Mem:0.00M, Peak:0.00M | Scene, ViewLayer | Synchronizing object | Mesh81
Fra:17 Mem:64.27M (Peak 143.53M) | Time:00:00.04 | Mem:0.00M, Peak:0.00M | Scene, ViewLayer | Synchronizing object | Mesh97
Fra:17 Mem:64.28M (Peak 143.53M) | Time:00:00.04 | Mem:0.00M, Peak:0.00M | Scene, ViewLayer | Synchronizing object | Mesh96
Fra:17 Mem:64.73M (Peak 143.53M) | Time:00:00.04 | Mem:0.00M, Peak:0.00M | Scene, ViewLayer | Synchronizing object | Mesh95
Fra:17 Mem:64.79M (Peak 143.53M) | Time:00:00.04 | Mem:0.00M, Peak:0.00M | Scene, ViewLayer | Synchronizing object | Mesh94
Fra:17 Mem:64.81M (Peak 143.53M) | Time:00:00.04 | Mem:0.00M, Peak:0.00M | Scene, ViewLayer | Synchronizing object | Mesh93
Fra:17 Mem:64.83M (Peak 143.53M) | Time:00:00.04 | Mem:0.00M, Peak:0.00M | Scene, ViewLayer | Synchronizing object | Mesh92
Fra:17 Mem:64.78M (Peak 143.53M) | Time:00:00.04 | Mem:0.00M, Peak:0.00M | Scene, ViewLayer | Synchronizing object | Mesh91
Fra:17 Mem:64.83M (Peak 143.53M) | Time:00:00.04 | Mem:0.00M, Peak:0.00M | Scene, ViewLayer | Synchronizing object | Mesh90
Fra:17 Mem:64.83M (Peak 143.53M) | Time:00:00.04 | Mem:0.00M, Peak:0.00M | Scene, ViewLayer | Synchronizing object | Mesh89
Fra:17 Mem:64.84M (Peak 143.53M) | Time:00:00.04 | Mem:0.00M, Peak:0.00M | Scene, ViewLayer | Synchronizing object | Mesh88
Fra:17 Mem:64.63M (Peak 143.53M) | Time:00:00.04 | Mem:0.00M, Peak:0.00M | Scene, ViewLayer | Synchronizing object | Mesh87
Fra:17 Mem:64.64M (Peak 143.53M) | Time:00:00.04 | Mem:0.00M, Peak:0.00M | Scene, ViewLayer | Synchronizing object | Mesh82
Fra:17 Mem:64.63M (Peak 143.53M) | Time:00:00.04 | Mem:0.00M, Peak:0.00M | Scene, ViewLayer | Synchronizing object | Mesh86
Fra:17 Mem:64.79M (Peak 143.53M) | Time:00:00.04 | Mem:0.00M, Peak:0.00M | Scene, ViewLayer | Synchronizing object | Mesh83
Fra:17 Mem:64.80M (Peak 143.53M) | Time:00:00.05 | Mem:0.00M, Peak:0.00M | Scene, ViewLayer | Synchronizing object | Mesh85
Fra:17 Mem:64.87M (Peak 143.53M) | Time:00:00.05 | Mem:0.00M, Peak:0.00M | Scene, ViewLayer | Synchronizing object | Mesh84
Fra:17 Mem:65.14M (Peak 143.53M) | Time:00:00.05 | Mem:0.00M, Peak:0.00M | Scene, ViewLayer | Initializing
Fra:17 Mem:56.30M (Peak 143.53M) | Time:00:00.05 | Mem:0.00M, Peak:0.00M | Scene, ViewLayer | Waiting for render to start
Fra:17 Mem:56.31M (Peak 143.53M) | Time:00:00.05 | Mem:0.00M, Peak:0.00M | Scene, ViewLayer | Loading render kernels (may take a few minutes the first time)
Fra:17 Mem:56.31M (Peak 143.53M) | Time:00:00.05 | Mem:0.00M, Peak:0.00M | Scene, ViewLayer | Updating Scene
Fra:17 Mem:56.31M (Peak 143.53M) | Time:00:00.05 | Mem:0.00M, Peak:0.00M | Scene, ViewLayer | Updating Shaders
Fra:17 Mem:56.40M (Peak 143.53M) | Time:00:00.05 | Mem:0.02M, Peak:0.02M | Scene, ViewLayer | Updating Procedurals
Fra:17 Mem:56.40M (Peak 143.53M) | Time:00:00.05 | Mem:0.02M, Peak:0.02M | Scene, ViewLayer | Updating Background
Fra:17 Mem:56.40M (Peak 143.53M) | Time:00:00.05 | Mem:0.02M, Peak:0.02M | Scene, ViewLayer | Updating Camera
Fra:17 Mem:56.40M (Peak 143.53M) | Time:00:00.05 | Mem:0.02M, Peak:0.02M | Scene, ViewLayer | Updating Meshes Flags
Fra:17 Mem:56.40M (Peak 143.53M) | Time:00:00.05 | Mem:0.02M, Peak:0.02M | Scene, ViewLayer | Updating Objects
Fra:17 Mem:56.40M (Peak 143.53M) | Time:00:00.05 | Mem:0.02M, Peak:0.02M | Scene, ViewLayer | Updating Objects | Copying Transformations to device
Fra:17 Mem:56.44M (Peak 143.53M) | Time:00:00.05 | Mem:0.05M, Peak:0.05M | Scene, ViewLayer | Updating Objects | Applying Static Transformations
Fra:17 Mem:56.44M (Peak 143.53M) | Time:00:00.05 | Mem:0.05M, Peak:0.05M | Scene, ViewLayer | Updating Particle Systems
Fra:17 Mem:56.44M (Peak 143.53M) | Time:00:00.05 | Mem:0.05M, Peak:0.05M | Scene, ViewLayer | Updating Particle Systems | Copying Particles to device
Fra:17 Mem:56.44M (Peak 143.53M) | Time:00:00.05 | Mem:0.05M, Peak:0.05M | Scene, ViewLayer | Updating Meshes
Fra:17 Mem:57.55M (Peak 143.53M) | Time:00:00.05 | Mem:0.05M, Peak:0.05M | Scene, ViewLayer | Updating Mesh | Computing attributes
Fra:17 Mem:59.61M (Peak 143.53M) | Time:00:00.05 | Mem:0.07M, Peak:0.07M | Scene, ViewLayer | Updating Mesh | Copying Attributes to device
Fra:17 Mem:59.59M (Peak 143.53M) | Time:00:00.05 | Mem:2.10M, Peak:2.10M | Scene, ViewLayer | Updating Scene BVH | Building
Fra:17 Mem:59.59M (Peak 143.53M) | Time:00:00.05 | Mem:2.10M, Peak:2.10M | Scene, ViewLayer | Updating Scene BVH | Building BVH
Fra:17 Mem:59.59M (Peak 143.53M) | Time:00:00.05 | Mem:4.30M, Peak:4.30M | Scene, ViewLayer | Updating Scene BVH | Building BVH 0%
Fra:17 Mem:59.59M (Peak 143.53M) | Time:00:00.07 | Mem:6.93M, Peak:9.14M | Scene, ViewLayer | Updating Scene BVH | Copying BVH to device
Fra:17 Mem:59.59M (Peak 143.53M) | Time:00:00.07 | Mem:6.93M, Peak:9.14M | Scene, ViewLayer | Updating Mesh | Computing normals
Fra:17 Mem:66.39M (Peak 143.53M) | Time:00:00.07 | Mem:6.93M, Peak:9.14M | Scene, ViewLayer | Updating Mesh | Copying Mesh to device
Fra:17 Mem:66.39M (Peak 143.53M) | Time:00:00.07 | Mem:13.73M, Peak:13.73M | Scene, ViewLayer | Updating Objects Flags
Fra:17 Mem:66.39M (Peak 143.53M) | Time:00:00.07 | Mem:13.73M, Peak:13.73M | Scene, ViewLayer | Updating Primitive Offsets
Fra:17 Mem:66.39M (Peak 143.53M) | Time:00:00.07 | Mem:13.73M, Peak:13.73M | Scene, ViewLayer | Updating Images
Fra:17 Mem:66.39M (Peak 143.53M) | Time:00:00.07 | Mem:13.73M, Peak:13.73M | Scene, ViewLayer | Updating Camera Volume
Fra:17 Mem:66.39M (Peak 143.53M) | Time:00:00.07 | Mem:13.73M, Peak:13.73M | Scene, ViewLayer | Updating Lookup Tables
Fra:17 Mem:66.39M (Peak 143.53M) | Time:00:00.07 | Mem:13.81M, Peak:13.81M | Scene, ViewLayer | Updating Lights
Fra:17 Mem:66.39M (Peak 143.53M) | Time:00:00.07 | Mem:13.81M, Peak:13.81M | Scene, ViewLayer | Updating Lights | Computing tree
Fra:17 Mem:66.39M (Peak 143.53M) | Time:00:00.07 | Mem:13.81M, Peak:13.81M | Scene, ViewLayer | Updating Integrator
Fra:17 Mem:66.39M (Peak 143.53M) | Time:00:00.07 | Mem:13.81M, Peak:13.81M | Scene, ViewLayer | Updating Film
Fra:17 Mem:66.39M (Peak 143.53M) | Time:00:00.07 | Mem:13.73M, Peak:13.81M | Scene, ViewLayer | Updating Lookup Tables
Fra:17 Mem:66.39M (Peak 143.53M) | Time:00:00.07 | Mem:13.82M, Peak:13.82M | Scene, ViewLayer | Updating Baking
Fra:17 Mem:66.39M (Peak 143.53M) | Time:00:00.07 | Mem:13.82M, Peak:13.82M | Scene, ViewLayer | Updating Device | Writing constant memory
Fra:17 Mem:66.40M (Peak 143.53M) | Time:00:00.07 | Mem:13.82M, Peak:13.82M | Scene, ViewLayer | Loading denoising kernels (may take a few minutes the first time)
Fra:17 Mem:66.40M (Peak 143.53M) | Time:00:00.07 | Mem:13.82M, Peak:13.82M | Scene, ViewLayer | Sample 0/2
Fra:17 Mem:103.98M (Peak 143.53M) | Time:00:00.12 | Remaining:00:00.05 | Mem:51.39M, Peak:51.39M | Scene, ViewLayer | Sample 1/2
Fra:17 Mem:119.80M (Peak 143.53M) | Time:00:09.26 | Mem:51.39M, Peak:51.39M | Scene, ViewLayer | Sample 2/2
Fra:17 Mem:119.80M (Peak 143.53M) | Time:00:09.26 | Mem:51.39M, Peak:51.39M | Scene, ViewLayer | Finished
Append frame 17
Time: 00:09.31 (Saving: 00:00.05)

Fra:18 Mem:55.82M (Peak 143.53M) | Time:00:00.01 | Mem:0.00M, Peak:0.00M | Scene, ViewLayer | Synchronizing object | Mesh1
Fra:18 Mem:55.85M (Peak 143.53M) | Time:00:00.01 | Mem:0.00M, Peak:0.00M | Scene, ViewLayer | Synchronizing object | Mesh2
Fra:18 Mem:55.92M (Peak 143.53M) | Time:00:00.01 | Mem:0.00M, Peak:0.00M | Scene, ViewLayer | Synchronizing object | Mesh3
Fra:18 Mem:56.00M (Peak 143.53M) | Time:00:00.01 | Mem:0.00M, Peak:0.00M | Scene, ViewLayer | Synchronizing object | Mesh4
Fra:18 Mem:56.01M (Peak 143.53M) | Time:00:00.01 | Mem:0.00M, Peak:0.00M | Scene, ViewLayer | Synchronizing object | Mesh5
Fra:18 Mem:56.04M (Peak 143.53M) | Time:00:00.01 | Mem:0.00M, Peak:0.00M | Scene, ViewLayer | Synchronizing object | Mesh6
Fra:18 Mem:56.18M (Peak 143.53M) | Time:00:00.01 | Mem:0.00M, Peak:0.00M | Scene, ViewLayer | Synchronizing object | Mesh168
Fra:18 Mem:56.19M (Peak 143.53M) | Time:00:00.01 | Mem:0.00M, Peak:0.00M | Scene, ViewLayer | Synchronizing object | Mesh167
Fra:18 Mem:56.19M (Peak 143.53M) | Time:00:00.01 | Mem:0.00M, Peak:0.00M | Scene, ViewLayer | Synchronizing object | Mesh7
Fra:18 Mem:58.57M (Peak 143.53M) | Time:00:00.02 | Mem:0.00M, Peak:0.00M | Scene, ViewLayer | Synchronizing object | Mesh8
Fra:18 Mem:58.49M (Peak 143.53M) | Time:00:00.02 | Mem:0.00M, Peak:0.00M | Scene, ViewLayer | Synchronizing object | Mesh9
Fra:18 Mem:58.52M (Peak 143.53M) | Time:00:00.02 | Mem:0.00M, Peak:0.00M | Scene, ViewLayer | Synchronizing object | Mesh10
Fra:18 Mem:57.68M (Peak 143.53M) | Time:00:00.02 | Mem:0.00M, Peak:0.00M | Scene, ViewLayer | Synchronizing object | Mesh166
Fra:18 Mem:57.67M (Peak 143.53M) | Time:00:00.02 | Mem:0.00M, Peak:0.00M | Scene, ViewLayer | Synchronizing object | Mesh165
Fra:18 Mem:57.65M (Peak 143.53M) | Time:00:00.02 | Mem:0.00M, Peak:0.00M | Scene, ViewLayer | Synchronizing object | Mesh11
Fra:18 Mem:57.77M (Peak 143.53M) | Time:00:00.02 | Mem:0.00M, Peak:0.00M | Scene, ViewLayer | Synchronizing object | Mesh164
Fra:18 Mem:57.79M (Peak 143.53M) | Time:00:00.02 | Mem:0.00M, Peak:0.00M | Scene, ViewLayer | Synchronizing object | Mesh12
Fra:18 Mem:57.78M (Peak 143.53M) | Time:00:00.02 | Mem:0.00M, Peak:0.00M | Scene, ViewLayer | Synchronizing object | Mesh163
Fra:18 Mem:57.87M (Peak 143.53M) | Time:00:00.02 | Mem:0.00M, Peak:0.00M | Scene, ViewLayer | Synchronizing object | Mesh13
Fra:18 Mem:57.89M (Peak 143.53M) | Time:00:00.02 | Mem:0.00M, Peak:0.00M | Scene, ViewLayer | Synchronizing object | Mesh162
Fra:18 Mem:57.90M (Peak 143.53M) | Time:00:00.02 | Mem:0.00M, Peak:0.00M | Scene, ViewLayer | Synchronizing object | Mesh14
Fra:18 Mem:58.02M (Peak 143.53M) | Time:00:00.02 | Mem:0.00M, Peak:0.00M | Scene, ViewLayer | Synchronizing object | Mesh15
Fra:18 Mem:58.35M (Peak 143.53M) | Time:00:00.02 | Mem:0.00M, Peak:0.00M | Scene, ViewLayer | Synchronizing object | Mesh161
Fra:18 Mem:58.68M (Peak 143.53M) | Time:00:00.02 | Mem:0.00M, Peak:0.00M | Scene, ViewLayer | Synchronizing object | Mesh160
Fra:18 Mem:58.86M (Peak 143.53M) | Time:00:00.02 | Mem:0.00M, Peak:0.00M | Scene, ViewLayer | Synchronizing object | Mesh159
Fra:18 Mem:60.44M (Peak 143.53M) | Time:00:00.02 | Mem:0.00M, Peak:0.00M | Scene, ViewLayer | Synchronizing object | Mesh16
Fra:18 Mem:60.48M (Peak 143.53M) | Time:00:00.02 | Mem:0.00M, Peak:0.00M | Scene, ViewLayer | Synchronizing object | Mesh17
Fra:18 Mem:60.50M (Peak 143.53M) | Time:00:00.02 | Mem:0.00M, Peak:0.00M | Scene, ViewLayer | Synchronizing object | Mesh18
Fra:18 Mem:60.55M (Peak 143.53M) | Time:00:00.02 | Mem:0.00M, Peak:0.00M | Scene, ViewLayer | Synchronizing object | Mesh19
Fra:18 Mem:60.55M (Peak 143.53M) | Time:00:00.02 | Mem:0.00M, Peak:0.00M | Scene, ViewLayer | Synchronizing object | Mesh20
Fra:18 Mem:60.35M (Peak 143.53M) | Time:00:00.02 | Mem:0.00M, Peak:0.00M | Scene, ViewLayer | Synchronizing object | Mesh21
Fra:18 Mem:60.36M (Peak 143.53M) | Time:00:00.02 | Mem:0.00M, Peak:0.00M | Scene, ViewLayer | Synchronizing object | Mesh22
Fra:18 Mem:59.81M (Peak 143.53M) | Time:00:00.02 | Mem:0.00M, Peak:0.00M | Scene, ViewLayer | Synchronizing object | Mesh23
Fra:18 Mem:59.84M (Peak 143.53M) | Time:00:00.02 | Mem:0.00M, Peak:0.00M | Scene, ViewLayer | Synchronizing object | Mesh24
Fra:18 Mem:59.66M (Peak 143.53M) | Time:00:00.02 | Mem:0.00M, Peak:0.00M | Scene, ViewLayer | Synchronizing object | Mesh158
Fra:18 Mem:59.69M (Peak 143.53M) | Time:00:00.02 | Mem:0.00M, Peak:0.00M | Scene, ViewLayer | Synchronizing object | Mesh25
Fra:18 Mem:59.95M (Peak 143.53M) | Time:00:00.02 | Mem:0.00M, Peak:0.00M | Scene, ViewLayer | Synchronizing object | Mesh26
Fra:18 Mem:59.87M (Peak 143.53M) | Time:00:00.02 | Mem:0.00M, Peak:0.00M | Scene, ViewLayer | Synchronizing object | Mesh157
Fra:18 Mem:59.85M (Peak 143.53M) | Time:00:00.02 | Mem:0.00M, Peak:0.00M | Scene, ViewLayer | Synchronizing object | Mesh27
Fra:18 Mem:59.88M (Peak 143.53M) | Time:00:00.02 | Mem:0.00M, Peak:0.00M | Scene, ViewLayer | Synchronizing object | Mesh156
Fra:18 Mem:59.90M (Peak 143.53M) | Time:00:00.02 | Mem:0.00M, Peak:0.00M | Scene, ViewLayer | Synchronizing object | Mesh28
Fra:18 Mem:59.91M (Peak 143.53M) | Time:00:00.02 | Mem:0.00M, Peak:0.00M | Scene, ViewLayer | Synchronizing object | Mesh29
Fra:18 Mem:59.90M (Peak 143.53M) | Time:00:00.02 | Mem:0.00M, Peak:0.00M | Scene, ViewLayer | Synchronizing object | Mesh155
Fra:18 Mem:59.97M (Peak 143.53M) | Time:00:00.02 | Mem:0.00M, Peak:0.00M | Scene, ViewLayer | Synchronizing object | Mesh30
Fra:18 Mem:60.07M (Peak 143.53M) | Time:00:00.02 | Mem:0.00M, Peak:0.00M | Scene, ViewLayer | Synchronizing object | Mesh154
Fra:18 Mem:60.07M (Peak 143.53M) | Time:00:00.02 | Mem:0.00M, Peak:0.00M | Scene, ViewLayer | Synchronizing object | Mesh31
Fra:18 Mem:60.21M (Peak 143.53M) | Time:00:00.02 | Mem:0.00M, Peak:0.00M | Scene, ViewLayer | Synchronizing object | Mesh32
Fra:18 Mem:60.31M (Peak 143.53M) | Time:00:00.02 | Mem:0.00M, Peak:0.00M | Scene, ViewLayer | Synchronizing object | Mesh33
Fra:18 Mem:60.31M (Peak 143.53M) | Time:00:00.02 | Mem:0.00M, Peak:0.00M | Scene, ViewLayer | Synchronizing object | Mesh34
Fra:18 Mem:60.27M (Peak 143.53M) | Time:00:00.02 | Mem:0.00M, Peak:0.00M | Scene, ViewLayer | Synchronizing object | Mesh35
Fra:18 Mem:60.27M (Peak 143.53M) | Time:00:00.02 | Mem:0.00M, Peak:0.00M | Scene, ViewLayer | Synchronizing object | Mesh153
Fra:18 Mem:60.37M (Peak 143.53M) | Time:00:00.02 | Mem:0.00M, Peak:0.00M | Scene, ViewLayer | Synchronizing object | Mesh152
Fra:18 Mem:60.32M (Peak 143.53M) | Time:00:00.02 | Mem:0.00M, Peak:0.00M | Scene, ViewLayer | Synchronizing object | Mesh36
Fra:18 Mem:60.41M (Peak 143.53M) | Time:00:00.02 | Mem:0.00M, Peak:0.00M | Scene, ViewLayer | Synchronizing object | Mesh151
Fra:18 Mem:60.43M (Peak 143.53M) | Time:00:00.02 | Mem:0.00M, Peak:0.00M | Scene, ViewLayer | Synchronizing object | Mesh150
Fra:18 Mem:60.51M (Peak 143.53M) | Time:00:00.02 | Mem:0.00M, Peak:0.00M | Scene, ViewLayer | Synchronizing object | Mesh149
Fra:18 Mem:60.51M (Peak 143.53M) | Time:00:00.02 | Mem:0.00M, Peak:0.00M | Scene, ViewLayer | Synchronizing object | Mesh148
Fra:18 Mem:60.52M (Peak 143.53M) | Time:00:00.02 | Mem:0.00M, Peak:0.00M | Scene, ViewLayer | Synchronizing object | Mesh37
Fra:18 Mem:60.54M (Peak 143.53M) | Time:00:00.03 | Mem:0.00M, Peak:0.00M | Scene, ViewLayer | Synchronizing object | Mesh147
Fra:18 Mem:60.62M (Peak 143.53M) | Time:00:00.03 | Mem:0.00M, Peak:0.00M | Scene, ViewLayer | Synchronizing object | Mesh146
Fra:18 Mem:60.63M (Peak 143.53M) | Time:00:00.03 | Mem:0.00M, Peak:0.00M | Scene, ViewLayer | Synchronizing object | Mesh145
Fra:18 Mem:60.62M (Peak 143.53M) | Time:00:00.03 | Mem:0.00M, Peak:0.00M | Scene, ViewLayer | Synchronizing object | Mesh144
Fra:18 Mem:60.56M (Peak 143.53M) | Time:00:00.03 | Mem:0.00M, Peak:0.00M | Scene, ViewLayer | Synchronizing object | Mesh143
Fra:18 Mem:60.55M (Peak 143.53M) | Time:00:00.03 | Mem:0.00M, Peak:0.00M | Scene, ViewLayer | Synchronizing object | Mesh38
Fra:18 Mem:60.55M (Peak 143.53M) | Time:00:00.03 | Mem:0.00M, Peak:0.00M | Scene, ViewLayer | Synchronizing object | Mesh142
Fra:18 Mem:60.55M (Peak 143.53M) | Time:00:00.03 | Mem:0.00M, Peak:0.00M | Scene, ViewLayer | Synchronizing object | Mesh39
Fra:18 Mem:60.74M (Peak 143.53M) | Time:00:00.03 | Mem:0.00M, Peak:0.00M | Scene, ViewLayer | Synchronizing object | Mesh40
Fra:18 Mem:60.75M (Peak 143.53M) | Time:00:00.03 | Mem:0.00M, Peak:0.00M | Scene, ViewLayer | Synchronizing object | Mesh41
Fra:18 Mem:60.72M (Peak 143.53M) | Time:00:00.03 | Mem:0.00M, Peak:0.00M | Scene, ViewLayer | Synchronizing object | Mesh141
Fra:18 Mem:60.80M (Peak 143.53M) | Time:00:00.03 | Mem:0.00M, Peak:0.00M | Scene, ViewLayer | Synchronizing object | Mesh140
Fra:18 Mem:60.83M (Peak 143.53M) | Time:00:00.03 | Mem:0.00M, Peak:0.00M | Scene, ViewLayer | Synchronizing object | Mesh42
Fra:18 Mem:60.92M (Peak 143.53M) | Time:00:00.03 | Mem:0.00M, Peak:0.00M | Scene, ViewLayer | Synchronizing object | Mesh43
Fra:18 Mem:61.02M (Peak 143.53M) | Time:00:00.03 | Mem:0.00M, Peak:0.00M | Scene, ViewLayer | Synchronizing object | Mesh44
Fra:18 Mem:61.04M (Peak 143.53M) | Time:00:00.03 | Mem:0.00M, Peak:0.00M | Scene, ViewLayer | Synchronizing object | Mesh45
Fra:18 Mem:61.03M (Peak 143.53M) | Time:00:00.03 | Mem:0.00M, Peak:0.00M | Scene, ViewLayer | Synchronizing object | Mesh46
Fra:18 Mem:60.97M (Peak 143.53M) | Time:00:00.03 | Mem:0.00M, Peak:0.00M | Scene, ViewLayer | Synchronizing object | Mesh47
Fra:18 Mem:60.96M (Peak 143.53M) | Time:00:00.03 | Mem:0.00M, Peak:0.00M | Scene, ViewLayer | Synchronizing object | Mesh139
Fra:18 Mem:60.99M (Peak 143.53M) | Time:00:00.03 | Mem:0.00M, Peak:0.00M | Scene, ViewLayer | Synchronizing object | Mesh48
Fra:18 Mem:60.99M (Peak 143.53M) | Time:00:00.03 | Mem:0.00M, Peak:0.00M | Scene, ViewLayer | Synchronizing object | Mesh138
Fra:18 Mem:61.12M (Peak 143.53M) | Time:00:00.03 | Mem:0.00M, Peak:0.00M | Scene, ViewLayer | Synchronizing object | Mesh49
Fra:18 Mem:61.10M (Peak 143.53M) | Time:00:00.03 | Mem:0.00M, Peak:0.00M | Scene, ViewLayer | Synchronizing object | Mesh50
Fra:18 Mem:61.13M (Peak 143.53M) | Time:00:00.03 | Mem:0.00M, Peak:0.00M | Scene, ViewLayer | Synchronizing object | Mesh51
Fra:18 Mem:61.15M (Peak 143.53M) | Time:00:00.03 | Mem:0.00M, Peak:0.00M | Scene, ViewLayer | Synchronizing object | Mesh52
Fra:18 Mem:61.20M (Peak 143.53M) | Time:00:00.03 | Mem:0.00M, Peak:0.00M | Scene, ViewLayer | Synchronizing object | Mesh53
Fra:18 Mem:61.21M (Peak 143.53M) | Time:00:00.03 | Mem:0.00M, Peak:0.00M | Scene, ViewLayer | Synchronizing object | Mesh54
Fra:18 Mem:61.16M (Peak 143.53M) | Time:00:00.03 | Mem:0.00M, Peak:0.00M | Scene, ViewLayer | Synchronizing object | Mesh137
Fra:18 Mem:61.18M (Peak 143.53M) | Time:00:00.03 | Mem:0.00M, Peak:0.00M | Scene, ViewLayer | Synchronizing object | Mesh55
Fra:18 Mem:61.19M (Peak 143.53M) | Time:00:00.03 | Mem:0.00M, Peak:0.00M | Scene, ViewLayer | Synchronizing object | Mesh56
Fra:18 Mem:61.20M (Peak 143.53M) | Time:00:00.03 | Mem:0.00M, Peak:0.00M | Scene, ViewLayer | Synchronizing object | Mesh57
Fra:18 Mem:61.35M (Peak 143.53M) | Time:00:00.03 | Mem:0.00M, Peak:0.00M | Scene, ViewLayer | Synchronizing object | Mesh58
Fra:18 Mem:61.48M (Peak 143.53M) | Time:00:00.03 | Mem:0.00M, Peak:0.00M | Scene, ViewLayer | Synchronizing object | Mesh59
Fra:18 Mem:61.45M (Peak 143.53M) | Time:00:00.03 | Mem:0.00M, Peak:0.00M | Scene, ViewLayer | Synchronizing object | Mesh136
Fra:18 Mem:61.45M (Peak 143.53M) | Time:00:00.03 | Mem:0.00M, Peak:0.00M | Scene, ViewLayer | Synchronizing object | Mesh135
Fra:18 Mem:61.46M (Peak 143.53M) | Time:00:00.03 | Mem:0.00M, Peak:0.00M | Scene, ViewLayer | Synchronizing object | Mesh60
Fra:18 Mem:61.56M (Peak 143.53M) | Time:00:00.03 | Mem:0.00M, Peak:0.00M | Scene, ViewLayer | Synchronizing object | Mesh61
Fra:18 Mem:61.55M (Peak 143.53M) | Time:00:00.03 | Mem:0.00M, Peak:0.00M | Scene, ViewLayer | Synchronizing object | Mesh134
Fra:18 Mem:61.58M (Peak 143.53M) | Time:00:00.03 | Mem:0.00M, Peak:0.00M | Scene, ViewLayer | Synchronizing object | Mesh133
Fra:18 Mem:61.64M (Peak 143.53M) | Time:00:00.03 | Mem:0.00M, Peak:0.00M | Scene, ViewLayer | Synchronizing object | Mesh132
Fra:18 Mem:61.91M (Peak 143.53M) | Time:00:00.03 | Mem:0.00M, Peak:0.00M | Scene, ViewLayer | Synchronizing object | Mesh131
Fra:18 Mem:61.91M (Peak 143.53M) | Time:00:00.03 | Mem:0.00M, Peak:0.00M | Scene, ViewLayer | Synchronizing object | Mesh130
Fra:18 Mem:61.82M (Peak 143.53M) | Time:00:00.03 | Mem:0.00M, Peak:0.00M | Scene, ViewLayer | Synchronizing object | Mesh129
Fra:18 Mem:61.89M (Peak 143.53M) | Time:00:00.03 | Mem:0.00M, Peak:0.00M | Scene, ViewLayer | Synchronizing object | Mesh128
Fra:18 Mem:61.73M (Peak 143.53M) | Time:00:00.03 | Mem:0.00M, Peak:0.00M | Scene, ViewLayer | Synchronizing object | Mesh127
Fra:18 Mem:61.73M (Peak 143.53M) | Time:00:00.03 | Mem:0.00M, Peak:0.00M | Scene, ViewLayer | Synchronizing object | Mesh62
Fra:18 Mem:61.78M (Peak 143.53M) | Time:00:00.03 | Mem:0.00M, Peak:0.00M | Scene, ViewLayer | Synchronizing object | Mesh63
Fra:18 Mem:61.77M (Peak 143.53M) | Time:00:00.03 | Mem:0.00M, Peak:0.00M | Scene, ViewLayer | Synchronizing object | Mesh126
Fra:18 Mem:61.81M (Peak 143.53M) | Time:00:00.03 | Mem:0.00M, Peak:0.00M | Scene, ViewLayer | Synchronizing object | Mesh64
Fra:18 Mem:61.80M (Peak 143.53M) | Time:00:00.03 | Mem:0.00M, Peak:0.00M | Scene, ViewLayer | Synchronizing object | Mesh125
Fra:18 Mem:61.90M (Peak 143.53M) | Time:00:00.03 | Mem:0.00M, Peak:0.00M | Scene, ViewLayer | Synchronizing object | Mesh65
Fra:18 Mem:61.88M (Peak 143.53M) | Time:00:00.03 | Mem:0.00M, Peak:0.00M | Scene, ViewLayer | Synchronizing object | Mesh124
Fra:18 Mem:61.94M (Peak 143.53M) | Time:00:00.03 | Mem:0.00M, Peak:0.00M | Scene, ViewLayer | Synchronizing object | Mesh123
Fra:18 Mem:61.95M (Peak 143.53M) | Time:00:00.03 | Mem:0.00M, Peak:0.00M | Scene, ViewLayer | Synchronizing object | Mesh66
Fra:18 Mem:61.95M (Peak 143.53M) | Time:00:00.03 | Mem:0.00M, Peak:0.00M | Scene, ViewLayer | Synchronizing object | Mesh122
Fra:18 Mem:61.97M (Peak 143.53M) | Time:00:00.03 | Mem:0.00M, Peak:0.00M | Scene, ViewLayer | Synchronizing object | Mesh67
Fra:18 Mem:61.97M (Peak 143.53M) | Time:00:00.03 | Mem:0.00M, Peak:0.00M | Scene, ViewLayer | Synchronizing object | Mesh121
Fra:18 Mem:62.02M (Peak 143.53M) | Time:00:00.03 | Mem:0.00M, Peak:0.00M | Scene, ViewLayer | Synchronizing object | Mesh120
Fra:18 Mem:62.08M (Peak 143.53M) | Time:00:00.03 | Mem:0.00M, Peak:0.00M | Scene, ViewLayer | Synchronizing object | Mesh119
Fra:18 Mem:62.24M (Peak 143.53M) | Time:00:00.03 | Mem:0.00M, Peak:0.00M | Scene, ViewLayer | Synchronizing object | Mesh68
Fra:18 Mem:62.22M (Peak 143.53M) | Time:00:00.03 | Mem:0.00M, Peak:0.00M | Scene, ViewLayer | Synchronizing object | Mesh118
Fra:18 Mem:62.24M (Peak 143.53M) | Time:00:00.03 | Mem:0.00M, Peak:0.00M | Scene, ViewLayer | Synchronizing object | Mesh117
Fra:18 Mem:62.31M (Peak 143.53M) | Time:00:00.03 | Mem:0.00M, Peak:0.00M | Scene, ViewLayer | Synchronizing object | Mesh116
Fra:18 Mem:62.37M (Peak 143.53M) | Time:00:00.03 | Mem:0.00M, Peak:0.00M | Scene, ViewLayer | Synchronizing object | Mesh115
Fra:18 Mem:62.54M (Peak 143.53M) | Time:00:00.03 | Mem:0.00M, Peak:0.00M | Scene, ViewLayer | Synchronizing object | Mesh69
Fra:18 Mem:62.95M (Peak 143.53M) | Time:00:00.03 | Mem:0.00M, Peak:0.00M | Scene, ViewLayer | Synchronizing object | Mesh114
Fra:18 Mem:63.18M (Peak 143.53M) | Time:00:00.03 | Mem:0.00M, Peak:0.00M | Scene, ViewLayer | Synchronizing object | Mesh113
Fra:18 Mem:63.19M (Peak 143.53M) | Time:00:00.03 | Mem:0.00M, Peak:0.00M | Scene, ViewLayer | Synchronizing object | Mesh112
Fra:18 Mem:63.11M (Peak 143.53M) | Time:00:00.03 | Mem:0.00M, Peak:0.00M | Scene, ViewLayer | Synchronizing object | Mesh111
Fra:18 Mem:62.99M (Peak 143.53M) | Time:00:00.03 | Mem:0.00M, Peak:0.00M | Scene, ViewLayer | Synchronizing object | Mesh70
Fra:18 Mem:63.29M (Peak 143.53M) | Time:00:00.03 | Mem:0.00M, Peak:0.00M | Scene, ViewLayer | Synchronizing object | Mesh71
Fra:18 Mem:63.24M (Peak 143.53M) | Time:00:00.03 | Mem:0.00M, Peak:0.00M | Scene, ViewLayer | Synchronizing object | Mesh110
Fra:18 Mem:63.25M (Peak 143.53M) | Time:00:00.03 | Mem:0.00M, Peak:0.00M | Scene, ViewLayer | Synchronizing object | Mesh72
Fra:18 Mem:63.44M (Peak 143.53M) | Time:00:00.03 | Mem:0.00M, Peak:0.00M | Scene, ViewLayer | Synchronizing object | Mesh109
Fra:18 Mem:63.52M (Peak 143.53M) | Time:00:00.03 | Mem:0.00M, Peak:0.00M | Scene, ViewLayer | Synchronizing object | Mesh108
Fra:18 Mem:63.58M (Peak 143.53M) | Time:00:00.03 | Mem:0.00M, Peak:0.00M | Scene, ViewLayer | Synchronizing object | Mesh107
Fra:18 Mem:63.89M (Peak 143.53M) | Time:00:00.03 | Mem:0.00M, Peak:0.00M | Scene, ViewLayer | Synchronizing object | Mesh106
Fra:18 Mem:63.84M (Peak 143.53M) | Time:00:00.03 | Mem:0.00M, Peak:0.00M | Scene, ViewLayer | Synchronizing object | Mesh73
Fra:18 Mem:63.87M (Peak 143.53M) | Time:00:00.03 | Mem:0.00M, Peak:0.00M | Scene, ViewLayer | Synchronizing object | Mesh74
Fra:18 Mem:63.92M (Peak 143.53M) | Time:00:00.03 | Mem:0.00M, Peak:0.00M | Scene, ViewLayer | Synchronizing object | Mesh75
Fra:18 Mem:64.15M (Peak 143.53M) | Time:00:00.03 | Mem:0.00M, Peak:0.00M | Scene, ViewLayer | Synchronizing object | Mesh76
Fra:18 Mem:64.20M (Peak 143.53M) | Time:00:00.03 | Mem:0.00M, Peak:0.00M | Scene, ViewLayer | Synchronizing object | Mesh77
Fra:18 Mem:63.95M (Peak 143.53M) | Time:00:00.03 | Mem:0.00M, Peak:0.00M | Scene, ViewLayer | Synchronizing object | Mesh78
Fra:18 Mem:63.95M (Peak 143.53M) | Time:00:00.03 | Mem:0.00M, Peak:0.00M | Scene, ViewLayer | Synchronizing object | Mesh79
Fra:18 Mem:63.90M (Peak 143.53M) | Time:00:00.03 | Mem:0.00M, Peak:0.00M | Scene, ViewLayer | Synchronizing object | Mesh105
Fra:18 Mem:64.10M (Peak 143.53M) | Time:00:00.03 | Mem:0.00M, Peak:0.00M | Scene, ViewLayer | Synchronizing object | Mesh80
Fra:18 Mem:64.11M (Peak 143.53M) | Time:00:00.03 | Mem:0.00M, Peak:0.00M | Scene, ViewLayer | Synchronizing object | Mesh81
Fra:18 Mem:64.46M (Peak 143.53M) | Time:00:00.03 | Mem:0.00M, Peak:0.00M | Scene, ViewLayer | Synchronizing object | Mesh104
Fra:18 Mem:64.47M (Peak 143.53M) | Time:00:00.03 | Mem:0.00M, Peak:0.00M | Scene, ViewLayer | Synchronizing object | Mesh103
Fra:18 Mem:64.31M (Peak 143.53M) | Time:00:00.03 | Mem:0.00M, Peak:0.00M | Scene, ViewLayer | Synchronizing object | Mesh102
Fra:18 Mem:64.28M (Peak 143.53M) | Time:00:00.03 | Mem:0.00M, Peak:0.00M | Scene, ViewLayer | Synchronizing object | Mesh82
Fra:18 Mem:64.31M (Peak 143.53M) | Time:00:00.04 | Mem:0.00M, Peak:0.00M | Scene, ViewLayer | Synchronizing object | Mesh101
Fra:18 Mem:64.40M (Peak 143.53M) | Time:00:00.04 | Mem:0.00M, Peak:0.00M | Scene, ViewLayer | Synchronizing object | Mesh83
Fra:18 Mem:64.43M (Peak 143.53M) | Time:00:00.04 | Mem:0.00M, Peak:0.00M | Scene, ViewLayer | Synchronizing object | Mesh100
Fra:18 Mem:64.46M (Peak 143.53M) | Time:00:00.04 | Mem:0.00M, Peak:0.00M | Scene, ViewLayer | Synchronizing object | Mesh84
Fra:18 Mem:64.66M (Peak 143.53M) | Time:00:00.04 | Mem:0.00M, Peak:0.00M | Scene, ViewLayer | Synchronizing object | Mesh99
Fra:18 Mem:64.65M (Peak 143.53M) | Time:00:00.04 | Mem:0.00M, Peak:0.00M | Scene, ViewLayer | Synchronizing object | Mesh85
Fra:18 Mem:64.87M (Peak 143.53M) | Time:00:00.04 | Mem:0.00M, Peak:0.00M | Scene, ViewLayer | Synchronizing object | Mesh98
Fra:18 Mem:64.84M (Peak 143.53M) | Time:00:00.04 | Mem:0.00M, Peak:0.00M | Scene, ViewLayer | Synchronizing object | Mesh86
Fra:18 Mem:64.98M (Peak 143.53M) | Time:00:00.04 | Mem:0.00M, Peak:0.00M | Scene, ViewLayer | Synchronizing object | Mesh97
Fra:18 Mem:64.99M (Peak 143.53M) | Time:00:00.04 | Mem:0.00M, Peak:0.00M | Scene, ViewLayer | Synchronizing object | Mesh96
Fra:18 Mem:65.11M (Peak 143.53M) | Time:00:00.04 | Mem:0.00M, Peak:0.00M | Scene, ViewLayer | Synchronizing object | Mesh87
Fra:18 Mem:65.11M (Peak 143.53M) | Time:00:00.04 | Mem:0.00M, Peak:0.00M | Scene, ViewLayer | Synchronizing object | Mesh88
Fra:18 Mem:65.12M (Peak 143.53M) | Time:00:00.04 | Mem:0.00M, Peak:0.00M | Scene, ViewLayer | Synchronizing object | Mesh89
Fra:18 Mem:65.12M (Peak 143.53M) | Time:00:00.04 | Mem:0.00M, Peak:0.00M | Scene, ViewLayer | Synchronizing object | Mesh90
Fra:18 Mem:65.12M (Peak 143.53M) | Time:00:00.04 | Mem:0.00M, Peak:0.00M | Scene, ViewLayer | Synchronizing object | Mesh91
Fra:18 Mem:65.05M (Peak 143.53M) | Time:00:00.04 | Mem:0.00M, Peak:0.00M | Scene, ViewLayer | Synchronizing object | Mesh92
Fra:18 Mem:65.05M (Peak 143.53M) | Time:00:00.04 | Mem:0.00M, Peak:0.00M | Scene, ViewLayer | Synchronizing object | Mesh95
Fra:18 Mem:65.05M (Peak 143.53M) | Time:00:00.04 | Mem:0.00M, Peak:0.00M | Scene, ViewLayer | Synchronizing object | Mesh93
Fra:18 Mem:65.14M (Peak 143.53M) | Time:00:00.04 | Mem:0.00M, Peak:0.00M | Scene, ViewLayer | Synchronizing object | Mesh94
Fra:18 Mem:65.14M (Peak 143.53M) | Time:00:00.04 | Mem:0.00M, Peak:0.00M | Scene, ViewLayer | Initializing
Fra:18 Mem:56.30M (Peak 143.53M) | Time:00:00.04 | Mem:0.00M, Peak:0.00M | Scene, ViewLayer | Waiting for render to start
Fra:18 Mem:56.31M (Peak 143.53M) | Time:00:00.04 | Mem:0.00M, Peak:0.00M | Scene, ViewLayer | Loading render kernels (may take a few minutes the first time)
Fra:18 Mem:56.31M (Peak 143.53M) | Time:00:00.04 | Mem:0.00M, Peak:0.00M | Scene, ViewLayer | Updating Scene
Fra:18 Mem:56.31M (Peak 143.53M) | Time:00:00.04 | Mem:0.00M, Peak:0.00M | Scene, ViewLayer | Updating Shaders
Fra:18 Mem:56.40M (Peak 143.53M) | Time:00:00.04 | Mem:0.02M, Peak:0.02M | Scene, ViewLayer | Updating Procedurals
Fra:18 Mem:56.40M (Peak 143.53M) | Time:00:00.04 | Mem:0.02M, Peak:0.02M | Scene, ViewLayer | Updating Background
Fra:18 Mem:56.40M (Peak 143.53M) | Time:00:00.04 | Mem:0.02M, Peak:0.02M | Scene, ViewLayer | Updating Camera
Fra:18 Mem:56.40M (Peak 143.53M) | Time:00:00.04 | Mem:0.02M, Peak:0.02M | Scene, ViewLayer | Updating Meshes Flags
Fra:18 Mem:56.40M (Peak 143.53M) | Time:00:00.04 | Mem:0.02M, Peak:0.02M | Scene, ViewLayer | Updating Objects
Fra:18 Mem:56.40M (Peak 143.53M) | Time:00:00.04 | Mem:0.02M, Peak:0.02M | Scene, ViewLayer | Updating Objects | Copying Transformations to device
Fra:18 Mem:56.44M (Peak 143.53M) | Time:00:00.04 | Mem:0.05M, Peak:0.05M | Scene, ViewLayer | Updating Objects | Applying Static Transformations
Fra:18 Mem:56.44M (Peak 143.53M) | Time:00:00.04 | Mem:0.05M, Peak:0.05M | Scene, ViewLayer | Updating Particle Systems
Fra:18 Mem:56.44M (Peak 143.53M) | Time:00:00.04 | Mem:0.05M, Peak:0.05M | Scene, ViewLayer | Updating Particle Systems | Copying Particles to device
Fra:18 Mem:56.44M (Peak 143.53M) | Time:00:00.04 | Mem:0.05M, Peak:0.05M | Scene, ViewLayer | Updating Meshes
Fra:18 Mem:57.55M (Peak 143.53M) | Time:00:00.05 | Mem:0.05M, Peak:0.05M | Scene, ViewLayer | Updating Mesh | Computing attributes
Fra:18 Mem:59.61M (Peak 143.53M) | Time:00:00.05 | Mem:0.07M, Peak:0.07M | Scene, ViewLayer | Updating Mesh | Copying Attributes to device
Fra:18 Mem:59.59M (Peak 143.53M) | Time:00:00.05 | Mem:2.10M, Peak:2.10M | Scene, ViewLayer | Updating Scene BVH | Building
Fra:18 Mem:59.59M (Peak 143.53M) | Time:00:00.05 | Mem:2.10M, Peak:2.10M | Scene, ViewLayer | Updating Scene BVH | Building BVH
Fra:18 Mem:59.59M (Peak 143.53M) | Time:00:00.05 | Mem:4.30M, Peak:4.30M | Scene, ViewLayer | Updating Scene BVH | Building BVH 0%
Fra:18 Mem:59.59M (Peak 143.53M) | Time:00:00.07 | Mem:6.93M, Peak:9.14M | Scene, ViewLayer | Updating Scene BVH | Copying BVH to device
Fra:18 Mem:59.59M (Peak 143.53M) | Time:00:00.07 | Mem:6.93M, Peak:9.14M | Scene, ViewLayer | Updating Mesh | Computing normals
Fra:18 Mem:66.39M (Peak 143.53M) | Time:00:00.07 | Mem:6.93M, Peak:9.14M | Scene, ViewLayer | Updating Mesh | Copying Mesh to device
Fra:18 Mem:66.39M (Peak 143.53M) | Time:00:00.07 | Mem:13.73M, Peak:13.73M | Scene, ViewLayer | Updating Objects Flags
Fra:18 Mem:66.39M (Peak 143.53M) | Time:00:00.07 | Mem:13.73M, Peak:13.73M | Scene, ViewLayer | Updating Primitive Offsets
Fra:18 Mem:66.39M (Peak 143.53M) | Time:00:00.07 | Mem:13.73M, Peak:13.73M | Scene, ViewLayer | Updating Images
Fra:18 Mem:66.39M (Peak 143.53M) | Time:00:00.07 | Mem:13.73M, Peak:13.73M | Scene, ViewLayer | Updating Camera Volume
Fra:18 Mem:66.39M (Peak 143.53M) | Time:00:00.07 | Mem:13.73M, Peak:13.73M | Scene, ViewLayer | Updating Lookup Tables
Fra:18 Mem:66.39M (Peak 143.53M) | Time:00:00.07 | Mem:13.81M, Peak:13.81M | Scene, ViewLayer | Updating Lights
Fra:18 Mem:66.39M (Peak 143.53M) | Time:00:00.07 | Mem:13.81M, Peak:13.81M | Scene, ViewLayer | Updating Lights | Computing tree
Fra:18 Mem:66.39M (Peak 143.53M) | Time:00:00.07 | Mem:13.81M, Peak:13.81M | Scene, ViewLayer | Updating Integrator
Fra:18 Mem:66.39M (Peak 143.53M) | Time:00:00.07 | Mem:13.81M, Peak:13.81M | Scene, ViewLayer | Updating Film
Fra:18 Mem:66.39M (Peak 143.53M) | Time:00:00.07 | Mem:13.73M, Peak:13.81M | Scene, ViewLayer | Updating Lookup Tables
Fra:18 Mem:66.39M (Peak 143.53M) | Time:00:00.07 | Mem:13.82M, Peak:13.82M | Scene, ViewLayer | Updating Baking
Fra:18 Mem:66.39M (Peak 143.53M) | Time:00:00.07 | Mem:13.82M, Peak:13.82M | Scene, ViewLayer | Updating Device | Writing constant memory
Fra:18 Mem:66.40M (Peak 143.53M) | Time:00:00.07 | Mem:13.82M, Peak:13.82M | Scene, ViewLayer | Loading denoising kernels (may take a few minutes the first time)
Fra:18 Mem:66.40M (Peak 143.53M) | Time:00:00.07 | Mem:13.82M, Peak:13.82M | Scene, ViewLayer | Sample 0/2
Fra:18 Mem:103.98M (Peak 143.53M) | Time:00:00.13 | Remaining:00:00.05 | Mem:51.39M, Peak:51.39M | Scene, ViewLayer | Sample 1/2
Fra:18 Mem:119.80M (Peak 143.53M) | Time:00:09.26 | Mem:51.39M, Peak:51.39M | Scene, ViewLayer | Sample 2/2
Fra:18 Mem:119.80M (Peak 143.53M) | Time:00:09.26 | Mem:51.39M, Peak:51.39M | Scene, ViewLayer | Finished
Append frame 18
Time: 00:09.31 (Saving: 00:00.05)

Fra:19 Mem:55.82M (Peak 143.53M) | Time:00:00.01 | Mem:0.00M, Peak:0.00M | Scene, ViewLayer | Synchronizing object | Mesh1
Fra:19 Mem:55.85M (Peak 143.53M) | Time:00:00.01 | Mem:0.00M, Peak:0.00M | Scene, ViewLayer | Synchronizing object | Mesh2
Fra:19 Mem:55.93M (Peak 143.53M) | Time:00:00.01 | Mem:0.00M, Peak:0.00M | Scene, ViewLayer | Synchronizing object | Mesh3
Fra:19 Mem:56.01M (Peak 143.53M) | Time:00:00.01 | Mem:0.00M, Peak:0.00M | Scene, ViewLayer | Synchronizing object | Mesh4
Fra:19 Mem:56.03M (Peak 143.53M) | Time:00:00.01 | Mem:0.00M, Peak:0.00M | Scene, ViewLayer | Synchronizing object | Mesh168
Fra:19 Mem:56.04M (Peak 143.53M) | Time:00:00.01 | Mem:0.00M, Peak:0.00M | Scene, ViewLayer | Synchronizing object | Mesh5
Fra:19 Mem:56.11M (Peak 143.53M) | Time:00:00.01 | Mem:0.00M, Peak:0.00M | Scene, ViewLayer | Synchronizing object | Mesh6
Fra:19 Mem:56.20M (Peak 143.53M) | Time:00:00.01 | Mem:0.00M, Peak:0.00M | Scene, ViewLayer | Synchronizing object | Mesh167
Fra:19 Mem:56.61M (Peak 143.53M) | Time:00:00.01 | Mem:0.00M, Peak:0.00M | Scene, ViewLayer | Synchronizing object | Mesh7
Fra:19 Mem:58.53M (Peak 143.53M) | Time:00:00.02 | Mem:0.00M, Peak:0.00M | Scene, ViewLayer | Synchronizing object | Mesh166
Fra:19 Mem:58.59M (Peak 143.53M) | Time:00:00.02 | Mem:0.00M, Peak:0.00M | Scene, ViewLayer | Synchronizing object | Mesh165
Fra:19 Mem:58.62M (Peak 143.53M) | Time:00:00.02 | Mem:0.00M, Peak:0.00M | Scene, ViewLayer | Synchronizing object | Mesh164
Fra:19 Mem:58.36M (Peak 143.53M) | Time:00:00.02 | Mem:0.00M, Peak:0.00M | Scene, ViewLayer | Synchronizing object | Mesh163
Fra:19 Mem:58.63M (Peak 143.53M) | Time:00:00.02 | Mem:0.00M, Peak:0.00M | Scene, ViewLayer | Synchronizing object | Mesh162
Fra:19 Mem:57.79M (Peak 143.53M) | Time:00:00.02 | Mem:0.00M, Peak:0.00M | Scene, ViewLayer | Synchronizing object | Mesh8
Fra:19 Mem:57.75M (Peak 143.53M) | Time:00:00.02 | Mem:0.00M, Peak:0.00M | Scene, ViewLayer | Synchronizing object | Mesh161
Fra:19 Mem:57.83M (Peak 143.53M) | Time:00:00.02 | Mem:0.00M, Peak:0.00M | Scene, ViewLayer | Synchronizing object | Mesh160
Fra:19 Mem:57.82M (Peak 143.53M) | Time:00:00.02 | Mem:0.00M, Peak:0.00M | Scene, ViewLayer | Synchronizing object | Mesh9
Fra:19 Mem:57.81M (Peak 143.53M) | Time:00:00.02 | Mem:0.00M, Peak:0.00M | Scene, ViewLayer | Synchronizing object | Mesh159
Fra:19 Mem:58.03M (Peak 143.53M) | Time:00:00.02 | Mem:0.00M, Peak:0.00M | Scene, ViewLayer | Synchronizing object | Mesh10
Fra:19 Mem:58.54M (Peak 143.53M) | Time:00:00.02 | Mem:0.00M, Peak:0.00M | Scene, ViewLayer | Synchronizing object | Mesh11
Fra:19 Mem:58.46M (Peak 143.53M) | Time:00:00.02 | Mem:0.00M, Peak:0.00M | Scene, ViewLayer | Synchronizing object | Mesh12
Fra:19 Mem:58.72M (Peak 143.53M) | Time:00:00.02 | Mem:0.00M, Peak:0.00M | Scene, ViewLayer | Synchronizing object | Mesh13
Fra:19 Mem:58.75M (Peak 143.53M) | Time:00:00.02 | Mem:0.00M, Peak:0.00M | Scene, ViewLayer | Synchronizing object | Mesh14
Fra:19 Mem:58.97M (Peak 143.53M) | Time:00:00.02 | Mem:0.00M, Peak:0.00M | Scene, ViewLayer | Synchronizing object | Mesh15
Fra:19 Mem:60.44M (Peak 143.53M) | Time:00:00.02 | Mem:0.00M, Peak:0.00M | Scene, ViewLayer | Synchronizing object | Mesh158
Fra:19 Mem:59.56M (Peak 143.53M) | Time:00:00.02 | Mem:0.00M, Peak:0.00M | Scene, ViewLayer | Synchronizing object | Mesh16
Fra:19 Mem:59.52M (Peak 143.53M) | Time:00:00.02 | Mem:0.00M, Peak:0.00M | Scene, ViewLayer | Synchronizing object | Mesh157
Fra:19 Mem:59.58M (Peak 143.53M) | Time:00:00.02 | Mem:0.00M, Peak:0.00M | Scene, ViewLayer | Synchronizing object | Mesh156
Fra:19 Mem:59.53M (Peak 143.53M) | Time:00:00.02 | Mem:0.00M, Peak:0.00M | Scene, ViewLayer | Synchronizing object | Mesh17
Fra:19 Mem:59.55M (Peak 143.53M) | Time:00:00.02 | Mem:0.00M, Peak:0.00M | Scene, ViewLayer | Synchronizing object | Mesh155
Fra:19 Mem:59.55M (Peak 143.53M) | Time:00:00.02 | Mem:0.00M, Peak:0.00M | Scene, ViewLayer | Synchronizing object | Mesh18
Fra:19 Mem:59.71M (Peak 143.53M) | Time:00:00.02 | Mem:0.00M, Peak:0.00M | Scene, ViewLayer | Synchronizing object | Mesh19
Fra:19 Mem:59.69M (Peak 143.53M) | Time:00:00.02 | Mem:0.00M, Peak:0.00M | Scene, ViewLayer | Synchronizing object | Mesh154
Fra:19 Mem:59.69M (Peak 143.53M) | Time:00:00.02 | Mem:0.00M, Peak:0.00M | Scene, ViewLayer | Synchronizing object | Mesh20
Fra:19 Mem:59.93M (Peak 143.53M) | Time:00:00.02 | Mem:0.00M, Peak:0.00M | Scene, ViewLayer | Synchronizing object | Mesh153
Fra:19 Mem:59.96M (Peak 143.53M) | Time:00:00.02 | Mem:0.00M, Peak:0.00M | Scene, ViewLayer | Synchronizing object | Mesh152
Fra:19 Mem:59.97M (Peak 143.53M) | Time:00:00.02 | Mem:0.00M, Peak:0.00M | Scene, ViewLayer | Synchronizing object | Mesh151
Fra:19 Mem:59.97M (Peak 143.53M) | Time:00:00.02 | Mem:0.00M, Peak:0.00M | Scene, ViewLayer | Synchronizing object | Mesh150
Fra:19 Mem:59.90M (Peak 143.53M) | Time:00:00.02 | Mem:0.00M, Peak:0.00M | Scene, ViewLayer | Synchronizing object | Mesh149
Fra:19 Mem:59.88M (Peak 143.53M) | Time:00:00.02 | Mem:0.00M, Peak:0.00M | Scene, ViewLayer | Synchronizing object | Mesh21
Fra:19 Mem:59.88M (Peak 143.53M) | Time:00:00.02 | Mem:0.00M, Peak:0.00M | Scene, ViewLayer | Synchronizing object | Mesh148
Fra:19 Mem:59.96M (Peak 143.53M) | Time:00:00.02 | Mem:0.00M, Peak:0.00M | Scene, ViewLayer | Synchronizing object | Mesh22
Fra:19 Mem:60.04M (Peak 143.53M) | Time:00:00.02 | Mem:0.00M, Peak:0.00M | Scene, ViewLayer | Synchronizing object | Mesh147
Fra:19 Mem:60.10M (Peak 143.53M) | Time:00:00.02 | Mem:0.00M, Peak:0.00M | Scene, ViewLayer | Synchronizing object | Mesh146
Fra:19 Mem:60.11M (Peak 143.53M) | Time:00:00.02 | Mem:0.00M, Peak:0.00M | Scene, ViewLayer | Synchronizing object | Mesh145
Fra:19 Mem:60.11M (Peak 143.53M) | Time:00:00.02 | Mem:0.00M, Peak:0.00M | Scene, ViewLayer | Synchronizing object | Mesh144
Fra:19 Mem:60.03M (Peak 143.53M) | Time:00:00.02 | Mem:0.00M, Peak:0.00M | Scene, ViewLayer | Synchronizing object | Mesh143
Fra:19 Mem:60.02M (Peak 143.53M) | Time:00:00.02 | Mem:0.00M, Peak:0.00M | Scene, ViewLayer | Synchronizing object | Mesh23
Fra:19 Mem:60.06M (Peak 143.53M) | Time:00:00.02 | Mem:0.00M, Peak:0.00M | Scene, ViewLayer | Synchronizing object | Mesh142
Fra:19 Mem:60.06M (Peak 143.53M) | Time:00:00.02 | Mem:0.00M, Peak:0.00M | Scene, ViewLayer | Synchronizing object | Mesh24
Fra:19 Mem:60.12M (Peak 143.53M) | Time:00:00.02 | Mem:0.00M, Peak:0.00M | Scene, ViewLayer | Synchronizing object | Mesh25
Fra:19 Mem:60.25M (Peak 143.53M) | Time:00:00.02 | Mem:0.00M, Peak:0.00M | Scene, ViewLayer | Synchronizing object | Mesh141
Fra:19 Mem:60.24M (Peak 143.53M) | Time:00:00.02 | Mem:0.00M, Peak:0.00M | Scene, ViewLayer | Synchronizing object | Mesh26
Fra:19 Mem:60.29M (Peak 143.53M) | Time:00:00.02 | Mem:0.00M, Peak:0.00M | Scene, ViewLayer | Synchronizing object | Mesh27
Fra:19 Mem:60.25M (Peak 143.53M) | Time:00:00.02 | Mem:0.00M, Peak:0.00M | Scene, ViewLayer | Synchronizing object | Mesh140
Fra:19 Mem:60.28M (Peak 143.53M) | Time:00:00.02 | Mem:0.00M, Peak:0.00M | Scene, ViewLayer | Synchronizing object | Mesh28
Fra:19 Mem:60.35M (Peak 143.53M) | Time:00:00.02 | Mem:0.00M, Peak:0.00M | Scene, ViewLayer | Synchronizing object | Mesh29
Fra:19 Mem:60.39M (Peak 143.53M) | Time:00:00.02 | Mem:0.00M, Peak:0.00M | Scene, ViewLayer | Synchronizing object | Mesh30
Fra:19 Mem:60.42M (Peak 143.53M) | Time:00:00.03 | Mem:0.00M, Peak:0.00M | Scene, ViewLayer | Synchronizing object | Mesh31
Fra:19 Mem:60.56M (Peak 143.53M) | Time:00:00.03 | Mem:0.00M, Peak:0.00M | Scene, ViewLayer | Synchronizing object | Mesh32
Fra:19 Mem:60.57M (Peak 143.53M) | Time:00:00.03 | Mem:0.00M, Peak:0.00M | Scene, ViewLayer | Synchronizing object | Mesh33
Fra:19 Mem:60.51M (Peak 143.53M) | Time:00:00.03 | Mem:0.00M, Peak:0.00M | Scene, ViewLayer | Synchronizing object | Mesh34
Fra:19 Mem:60.52M (Peak 143.53M) | Time:00:00.03 | Mem:0.00M, Peak:0.00M | Scene, ViewLayer | Synchronizing object | Mesh139
Fra:19 Mem:60.54M (Peak 143.53M) | Time:00:00.03 | Mem:0.00M, Peak:0.00M | Scene, ViewLayer | Synchronizing object | Mesh138
Fra:19 Mem:60.53M (Peak 143.53M) | Time:00:00.03 | Mem:0.00M, Peak:0.00M | Scene, ViewLayer | Synchronizing object | Mesh35
Fra:19 Mem:60.69M (Peak 143.53M) | Time:00:00.03 | Mem:0.00M, Peak:0.00M | Scene, ViewLayer | Synchronizing object | Mesh137
Fra:19 Mem:60.70M (Peak 143.53M) | Time:00:00.03 | Mem:0.00M, Peak:0.00M | Scene, ViewLayer | Synchronizing object | Mesh36
Fra:19 Mem:60.78M (Peak 143.53M) | Time:00:00.03 | Mem:0.00M, Peak:0.00M | Scene, ViewLayer | Synchronizing object | Mesh136
Fra:19 Mem:60.76M (Peak 143.53M) | Time:00:00.03 | Mem:0.00M, Peak:0.00M | Scene, ViewLayer | Synchronizing object | Mesh135
Fra:19 Mem:60.83M (Peak 143.53M) | Time:00:00.03 | Mem:0.00M, Peak:0.00M | Scene, ViewLayer | Synchronizing object | Mesh38
Fra:19 Mem:60.87M (Peak 143.53M) | Time:00:00.03 | Mem:0.00M, Peak:0.00M | Scene, ViewLayer | Synchronizing object | Mesh134
Fra:19 Mem:60.87M (Peak 143.53M) | Time:00:00.03 | Mem:0.00M, Peak:0.00M | Scene, ViewLayer | Synchronizing object | Mesh133
Fra:19 Mem:60.88M (Peak 143.53M) | Time:00:00.03 | Mem:0.00M, Peak:0.00M | Scene, ViewLayer | Synchronizing object | Mesh132
Fra:19 Mem:60.92M (Peak 143.53M) | Time:00:00.03 | Mem:0.00M, Peak:0.00M | Scene, ViewLayer | Synchronizing object | Mesh131
Fra:19 Mem:60.96M (Peak 143.53M) | Time:00:00.03 | Mem:0.00M, Peak:0.00M | Scene, ViewLayer | Synchronizing object | Mesh40
Fra:19 Mem:60.97M (Peak 143.53M) | Time:00:00.03 | Mem:0.00M, Peak:0.00M | Scene, ViewLayer | Synchronizing object | Mesh41
Fra:19 Mem:60.97M (Peak 143.53M) | Time:00:00.03 | Mem:0.00M, Peak:0.00M | Scene, ViewLayer | Synchronizing object | Mesh129
Fra:19 Mem:60.97M (Peak 143.53M) | Time:00:00.03 | Mem:0.00M, Peak:0.00M | Scene, ViewLayer | Synchronizing object | Mesh128
Fra:19 Mem:61.04M (Peak 143.53M) | Time:00:00.03 | Mem:0.00M, Peak:0.00M | Scene, ViewLayer | Synchronizing object | Mesh127
Fra:19 Mem:61.05M (Peak 143.53M) | Time:00:00.03 | Mem:0.00M, Peak:0.00M | Scene, ViewLayer | Synchronizing object | Mesh126
Fra:19 Mem:61.05M (Peak 143.53M) | Time:00:00.03 | Mem:0.00M, Peak:0.00M | Scene, ViewLayer | Synchronizing object | Mesh125
Fra:19 Mem:61.06M (Peak 143.53M) | Time:00:00.03 | Mem:0.00M, Peak:0.00M | Scene, ViewLayer | Synchronizing object | Mesh124
Fra:19 Mem:61.06M (Peak 143.53M) | Time:00:00.03 | Mem:0.00M, Peak:0.00M | Scene, ViewLayer | Synchronizing object | Mesh123
Fra:19 Mem:61.15M (Peak 143.53M) | Time:00:00.03 | Mem:0.00M, Peak:0.00M | Scene, ViewLayer | Synchronizing object | Mesh43
Fra:19 Mem:61.16M (Peak 143.53M) | Time:00:00.03 | Mem:0.00M, Peak:0.00M | Scene, ViewLayer | Synchronizing object | Mesh122
Fra:19 Mem:61.18M (Peak 143.53M) | Time:00:00.03 | Mem:0.00M, Peak:0.00M | Scene, ViewLayer | Synchronizing object | Mesh121
Fra:19 Mem:61.18M (Peak 143.53M) | Time:00:00.03 | Mem:0.00M, Peak:0.00M | Scene, ViewLayer | Synchronizing object | Mesh120
Fra:19 Mem:61.22M (Peak 143.53M) | Time:00:00.03 | Mem:0.00M, Peak:0.00M | Scene, ViewLayer | Synchronizing object | Mesh119
Fra:19 Mem:61.23M (Peak 143.53M) | Time:00:00.03 | Mem:0.00M, Peak:0.00M | Scene, ViewLayer | Synchronizing object | Mesh45
Fra:19 Mem:61.32M (Peak 143.53M) | Time:00:00.03 | Mem:0.00M, Peak:0.00M | Scene, ViewLayer | Synchronizing object | Mesh46
Fra:19 Mem:61.33M (Peak 143.53M) | Time:00:00.03 | Mem:0.00M, Peak:0.00M | Scene, ViewLayer | Synchronizing object | Mesh47
Fra:19 Mem:61.34M (Peak 143.53M) | Time:00:00.03 | Mem:0.00M, Peak:0.00M | Scene, ViewLayer | Synchronizing object | Mesh48
Fra:19 Mem:61.38M (Peak 143.53M) | Time:00:00.03 | Mem:0.00M, Peak:0.00M | Scene, ViewLayer | Synchronizing object | Mesh49
Fra:19 Mem:61.42M (Peak 143.53M) | Time:00:00.03 | Mem:0.00M, Peak:0.00M | Scene, ViewLayer | Synchronizing object | Mesh50
Fra:19 Mem:61.43M (Peak 143.53M) | Time:00:00.03 | Mem:0.00M, Peak:0.00M | Scene, ViewLayer | Synchronizing object | Mesh51
Fra:19 Mem:61.44M (Peak 143.53M) | Time:00:00.03 | Mem:0.00M, Peak:0.00M | Scene, ViewLayer | Synchronizing object | Mesh52
Fra:19 Mem:61.45M (Peak 143.53M) | Time:00:00.03 | Mem:0.00M, Peak:0.00M | Scene, ViewLayer | Synchronizing object | Mesh53
Fra:19 Mem:61.46M (Peak 143.53M) | Time:00:00.03 | Mem:0.00M, Peak:0.00M | Scene, ViewLayer | Synchronizing object | Mesh54
Fra:19 Mem:61.47M (Peak 143.53M) | Time:00:00.03 | Mem:0.00M, Peak:0.00M | Scene, ViewLayer | Synchronizing object | Mesh55
Fra:19 Mem:61.49M (Peak 143.53M) | Time:00:00.03 | Mem:0.00M, Peak:0.00M | Scene, ViewLayer | Synchronizing object | Mesh56
Fra:19 Mem:61.49M (Peak 143.53M) | Time:00:00.03 | Mem:0.00M, Peak:0.00M | Scene, ViewLayer | Synchronizing object | Mesh57
Fra:19 Mem:61.50M (Peak 143.53M) | Time:00:00.03 | Mem:0.00M, Peak:0.00M | Scene, ViewLayer | Synchronizing object | Mesh117
Fra:19 Mem:61.58M (Peak 143.53M) | Time:00:00.03 | Mem:0.00M, Peak:0.00M | Scene, ViewLayer | Synchronizing object | Mesh116
Fra:19 Mem:61.61M (Peak 143.53M) | Time:00:00.03 | Mem:0.00M, Peak:0.00M | Scene, ViewLayer | Synchronizing object | Mesh59
Fra:19 Mem:61.61M (Peak 143.53M) | Time:00:00.03 | Mem:0.00M, Peak:0.00M | Scene, ViewLayer | Synchronizing object | Mesh115
Fra:19 Mem:61.97M (Peak 143.53M) | Time:00:00.03 | Mem:0.00M, Peak:0.00M | Scene, ViewLayer | Synchronizing object | Mesh114
Fra:19 Mem:62.01M (Peak 143.53M) | Time:00:00.03 | Mem:0.00M, Peak:0.00M | Scene, ViewLayer | Synchronizing object | Mesh60
Fra:19 Mem:62.12M (Peak 143.53M) | Time:00:00.03 | Mem:0.00M, Peak:0.00M | Scene, ViewLayer | Synchronizing object | Mesh61
Fra:19 Mem:62.24M (Peak 143.53M) | Time:00:00.03 | Mem:0.00M, Peak:0.00M | Scene, ViewLayer | Synchronizing object | Mesh62
Fra:19 Mem:62.27M (Peak 143.53M) | Time:00:00.03 | Mem:0.00M, Peak:0.00M | Scene, ViewLayer | Synchronizing object | Mesh113
Fra:19 Mem:62.28M (Peak 143.53M) | Time:00:00.03 | Mem:0.00M, Peak:0.00M | Scene, ViewLayer | Synchronizing object | Mesh112
Fra:19 Mem:62.29M (Peak 143.53M) | Time:00:00.03 | Mem:0.00M, Peak:0.00M | Scene, ViewLayer | Synchronizing object | Mesh111
Fra:19 Mem:62.38M (Peak 143.53M) | Time:00:00.03 | Mem:0.00M, Peak:0.00M | Scene, ViewLayer | Synchronizing object | Mesh110
Fra:19 Mem:62.41M (Peak 143.53M) | Time:00:00.03 | Mem:0.00M, Peak:0.00M | Scene, ViewLayer | Synchronizing object | Mesh63
Fra:19 Mem:62.44M (Peak 143.53M) | Time:00:00.03 | Mem:0.00M, Peak:0.00M | Scene, ViewLayer | Synchronizing object | Mesh64
Fra:19 Mem:62.51M (Peak 143.53M) | Time:00:00.03 | Mem:0.00M, Peak:0.00M | Scene, ViewLayer | Synchronizing object | Mesh65
Fra:19 Mem:62.57M (Peak 143.53M) | Time:00:00.03 | Mem:0.00M, Peak:0.00M | Scene, ViewLayer | Synchronizing object | Mesh66
Fra:19 Mem:62.58M (Peak 143.53M) | Time:00:00.03 | Mem:0.00M, Peak:0.00M | Scene, ViewLayer | Synchronizing object | Mesh67
Fra:19 Mem:62.74M (Peak 143.53M) | Time:00:00.03 | Mem:0.00M, Peak:0.00M | Scene, ViewLayer | Synchronizing object | Mesh68
Fra:19 Mem:62.77M (Peak 143.53M) | Time:00:00.03 | Mem:0.00M, Peak:0.00M | Scene, ViewLayer | Synchronizing object | Mesh109
Fra:19 Mem:62.77M (Peak 143.53M) | Time:00:00.03 | Mem:0.00M, Peak:0.00M | Scene, ViewLayer | Synchronizing object | Mesh108
Fra:19 Mem:62.80M (Peak 143.53M) | Time:00:00.04 | Mem:0.00M, Peak:0.00M | Scene, ViewLayer | Synchronizing object | Mesh107
Fra:19 Mem:62.82M (Peak 143.53M) | Time:00:00.04 | Mem:0.00M, Peak:0.00M | Scene, ViewLayer | Synchronizing object | Mesh106
Fra:19 Mem:63.17M (Peak 143.53M) | Time:00:00.04 | Mem:0.00M, Peak:0.00M | Scene, ViewLayer | Synchronizing object | Mesh69
Fra:19 Mem:63.37M (Peak 143.53M) | Time:00:00.04 | Mem:0.00M, Peak:0.00M | Scene, ViewLayer | Synchronizing object | Mesh70
Fra:19 Mem:63.57M (Peak 143.53M) | Time:00:00.04 | Mem:0.00M, Peak:0.00M | Scene, ViewLayer | Synchronizing object | Mesh71
Fra:19 Mem:63.59M (Peak 143.53M) | Time:00:00.04 | Mem:0.00M, Peak:0.00M | Scene, ViewLayer | Synchronizing object | Mesh72
Fra:19 Mem:64.12M (Peak 143.53M) | Time:00:00.04 | Mem:0.00M, Peak:0.00M | Scene, ViewLayer | Synchronizing object | Mesh105
Fra:19 Mem:63.93M (Peak 143.53M) | Time:00:00.04 | Mem:0.00M, Peak:0.00M | Scene, ViewLayer | Synchronizing object | Mesh73
Fra:19 Mem:64.15M (Peak 143.53M) | Time:00:00.04 | Mem:0.00M, Peak:0.00M | Scene, ViewLayer | Synchronizing object | Mesh74
Fra:19 Mem:64.15M (Peak 143.53M) | Time:00:00.04 | Mem:0.00M, Peak:0.00M | Scene, ViewLayer | Synchronizing object | Mesh75
Fra:19 Mem:64.16M (Peak 143.53M) | Time:00:00.04 | Mem:0.00M, Peak:0.00M | Scene, ViewLayer | Synchronizing object | Mesh76
Fra:19 Mem:64.06M (Peak 143.53M) | Time:00:00.04 | Mem:0.00M, Peak:0.00M | Scene, ViewLayer | Synchronizing object | Mesh104
Fra:19 Mem:64.06M (Peak 143.53M) | Time:00:00.04 | Mem:0.00M, Peak:0.00M | Scene, ViewLayer | Synchronizing object | Mesh103
Fra:19 Mem:64.00M (Peak 143.53M) | Time:00:00.04 | Mem:0.00M, Peak:0.00M | Scene, ViewLayer | Synchronizing object | Mesh77
Fra:19 Mem:64.14M (Peak 143.53M) | Time:00:00.04 | Mem:0.00M, Peak:0.00M | Scene, ViewLayer | Synchronizing object | Mesh102
Fra:19 Mem:64.07M (Peak 143.53M) | Time:00:00.04 | Mem:0.00M, Peak:0.00M | Scene, ViewLayer | Synchronizing object | Mesh101
Fra:19 Mem:64.08M (Peak 143.53M) | Time:00:00.04 | Mem:0.00M, Peak:0.00M | Scene, ViewLayer | Synchronizing object | Mesh78
Fra:19 Mem:64.12M (Peak 143.53M) | Time:00:00.04 | Mem:0.00M, Peak:0.00M | Scene, ViewLayer | Synchronizing object | Mesh79
Fra:19 Mem:64.18M (Peak 143.53M) | Time:00:00.04 | Mem:0.00M, Peak:0.00M | Scene, ViewLayer | Synchronizing object | Mesh80
Fra:19 Mem:64.14M (Peak 143.53M) | Time:00:00.04 | Mem:0.00M, Peak:0.00M | Scene, ViewLayer | Synchronizing object | Mesh81
Fra:19 Mem:64.15M (Peak 143.53M) | Time:00:00.04 | Mem:0.00M, Peak:0.00M | Scene, ViewLayer | Synchronizing object | Mesh100
Fra:19 Mem:64.39M (Peak 143.53M) | Time:00:00.04 | Mem:0.00M, Peak:0.00M | Scene, ViewLayer | Synchronizing object | Mesh99
Fra:19 Mem:64.64M (Peak 143.53M) | Time:00:00.04 | Mem:0.00M, Peak:0.00M | Scene, ViewLayer | Synchronizing object | Mesh98
Fra:19 Mem:64.47M (Peak 143.53M) | Time:00:00.04 | Mem:0.00M, Peak:0.00M | Scene, ViewLayer | Synchronizing object | Mesh82
Fra:19 Mem:64.43M (Peak 143.53M) | Time:00:00.04 | Mem:0.00M, Peak:0.00M | Scene, ViewLayer | Synchronizing object | Mesh97
Fra:19 Mem:64.46M (Peak 143.53M) | Time:00:00.04 | Mem:0.00M, Peak:0.00M | Scene, ViewLayer | Synchronizing object | Mesh96
Fra:19 Mem:64.56M (Peak 143.53M) | Time:00:00.04 | Mem:0.00M, Peak:0.00M | Scene, ViewLayer | Synchronizing object | Mesh83
Fra:19 Mem:64.64M (Peak 143.53M) | Time:00:00.04 | Mem:0.00M, Peak:0.00M | Scene, ViewLayer | Synchronizing object | Mesh95
Fra:19 Mem:64.65M (Peak 143.53M) | Time:00:00.04 | Mem:0.00M, Peak:0.00M | Scene, ViewLayer | Synchronizing object | Mesh84
Fra:19 Mem:64.90M (Peak 143.53M) | Time:00:00.04 | Mem:0.00M, Peak:0.00M | Scene, ViewLayer | Synchronizing object | Mesh85
Fra:19 Mem:65.03M (Peak 143.53M) | Time:00:00.04 | Mem:0.00M, Peak:0.00M | Scene, ViewLayer | Synchronizing object | Mesh94
Fra:19 Mem:65.01M (Peak 143.53M) | Time:00:00.04 | Mem:0.00M, Peak:0.00M | Scene, ViewLayer | Synchronizing object | Mesh86
Fra:19 Mem:65.09M (Peak 143.53M) | Time:00:00.04 | Mem:0.00M, Peak:0.00M | Scene, ViewLayer | Synchronizing object | Mesh93
Fra:19 Mem:65.11M (Peak 143.53M) | Time:00:00.04 | Mem:0.00M, Peak:0.00M | Scene, ViewLayer | Synchronizing object | Mesh92
Fra:19 Mem:65.16M (Peak 143.53M) | Time:00:00.04 | Mem:0.00M, Peak:0.00M | Scene, ViewLayer | Synchronizing object | Mesh91
Fra:19 Mem:65.16M (Peak 143.53M) | Time:00:00.04 | Mem:0.00M, Peak:0.00M | Scene, ViewLayer | Synchronizing object | Mesh90
Fra:19 Mem:65.17M (Peak 143.53M) | Time:00:00.04 | Mem:0.00M, Peak:0.00M | Scene, ViewLayer | Synchronizing object | Mesh89
Fra:19 Mem:65.20M (Peak 143.53M) | Time:00:00.04 | Mem:0.00M, Peak:0.00M | Scene, ViewLayer | Synchronizing object | Mesh88
Fra:19 Mem:65.27M (Peak 143.53M) | Time:00:00.04 | Mem:0.00M, Peak:0.00M | Scene, ViewLayer | Synchronizing object | Mesh87
Fra:19 Mem:65.14M (Peak 143.53M) | Time:00:00.04 | Mem:0.00M, Peak:0.00M | Scene, ViewLayer | Initializing
Fra:19 Mem:56.30M (Peak 143.53M) | Time:00:00.05 | Mem:0.00M, Peak:0.00M | Scene, ViewLayer | Waiting for render to start
Fra:19 Mem:56.31M (Peak 143.53M) | Time:00:00.05 | Mem:0.00M, Peak:0.00M | Scene, ViewLayer | Loading render kernels (may take a few minutes the first time)
Fra:19 Mem:56.31M (Peak 143.53M) | Time:00:00.05 | Mem:0.00M, Peak:0.00M | Scene, ViewLayer | Updating Scene
Fra:19 Mem:56.31M (Peak 143.53M) | Time:00:00.05 | Mem:0.00M, Peak:0.00M | Scene, ViewLayer | Updating Shaders
Fra:19 Mem:56.40M (Peak 143.53M) | Time:00:00.05 | Mem:0.02M, Peak:0.02M | Scene, ViewLayer | Updating Procedurals
Fra:19 Mem:56.40M (Peak 143.53M) | Time:00:00.05 | Mem:0.02M, Peak:0.02M | Scene, ViewLayer | Updating Background
Fra:19 Mem:56.40M (Peak 143.53M) | Time:00:00.05 | Mem:0.02M, Peak:0.02M | Scene, ViewLayer | Updating Camera
Fra:19 Mem:56.40M (Peak 143.53M) | Time:00:00.05 | Mem:0.02M, Peak:0.02M | Scene, ViewLayer | Updating Meshes Flags
Fra:19 Mem:56.40M (Peak 143.53M) | Time:00:00.05 | Mem:0.02M, Peak:0.02M | Scene, ViewLayer | Updating Objects
Fra:19 Mem:56.40M (Peak 143.53M) | Time:00:00.05 | Mem:0.02M, Peak:0.02M | Scene, ViewLayer | Updating Objects | Copying Transformations to device
Fra:19 Mem:56.44M (Peak 143.53M) | Time:00:00.05 | Mem:0.05M, Peak:0.05M | Scene, ViewLayer | Updating Objects | Applying Static Transformations
Fra:19 Mem:56.44M (Peak 143.53M) | Time:00:00.05 | Mem:0.05M, Peak:0.05M | Scene, ViewLayer | Updating Particle Systems
Fra:19 Mem:56.44M (Peak 143.53M) | Time:00:00.05 | Mem:0.05M, Peak:0.05M | Scene, ViewLayer | Updating Particle Systems | Copying Particles to device
Fra:19 Mem:56.44M (Peak 143.53M) | Time:00:00.05 | Mem:0.05M, Peak:0.05M | Scene, ViewLayer | Updating Meshes
Fra:19 Mem:57.55M (Peak 143.53M) | Time:00:00.05 | Mem:0.05M, Peak:0.05M | Scene, ViewLayer | Updating Mesh | Computing attributes
Fra:19 Mem:59.61M (Peak 143.53M) | Time:00:00.05 | Mem:0.07M, Peak:0.07M | Scene, ViewLayer | Updating Mesh | Copying Attributes to device
Fra:19 Mem:59.59M (Peak 143.53M) | Time:00:00.05 | Mem:2.10M, Peak:2.10M | Scene, ViewLayer | Updating Scene BVH | Building
Fra:19 Mem:59.59M (Peak 143.53M) | Time:00:00.05 | Mem:2.10M, Peak:2.10M | Scene, ViewLayer | Updating Scene BVH | Building BVH
Fra:19 Mem:59.59M (Peak 143.53M) | Time:00:00.05 | Mem:4.30M, Peak:4.30M | Scene, ViewLayer | Updating Scene BVH | Building BVH 0%
Fra:19 Mem:59.59M (Peak 143.53M) | Time:00:00.07 | Mem:6.93M, Peak:9.14M | Scene, ViewLayer | Updating Scene BVH | Copying BVH to device
Fra:19 Mem:59.59M (Peak 143.53M) | Time:00:00.07 | Mem:6.93M, Peak:9.14M | Scene, ViewLayer | Updating Mesh | Computing normals
Fra:19 Mem:66.39M (Peak 143.53M) | Time:00:00.07 | Mem:6.93M, Peak:9.14M | Scene, ViewLayer | Updating Mesh | Copying Mesh to device
Fra:19 Mem:66.39M (Peak 143.53M) | Time:00:00.07 | Mem:13.73M, Peak:13.73M | Scene, ViewLayer | Updating Objects Flags
Fra:19 Mem:66.39M (Peak 143.53M) | Time:00:00.07 | Mem:13.73M, Peak:13.73M | Scene, ViewLayer | Updating Primitive Offsets
Fra:19 Mem:66.39M (Peak 143.53M) | Time:00:00.07 | Mem:13.73M, Peak:13.73M | Scene, ViewLayer | Updating Images
Fra:19 Mem:66.39M (Peak 143.53M) | Time:00:00.07 | Mem:13.73M, Peak:13.73M | Scene, ViewLayer | Updating Camera Volume
Fra:19 Mem:66.39M (Peak 143.53M) | Time:00:00.07 | Mem:13.73M, Peak:13.73M | Scene, ViewLayer | Updating Lookup Tables
Fra:19 Mem:66.39M (Peak 143.53M) | Time:00:00.07 | Mem:13.81M, Peak:13.81M | Scene, ViewLayer | Updating Lights
Fra:19 Mem:66.39M (Peak 143.53M) | Time:00:00.07 | Mem:13.81M, Peak:13.81M | Scene, ViewLayer | Updating Lights | Computing tree
Fra:19 Mem:66.39M (Peak 143.53M) | Time:00:00.07 | Mem:13.81M, Peak:13.81M | Scene, ViewLayer | Updating Integrator
Fra:19 Mem:66.39M (Peak 143.53M) | Time:00:00.07 | Mem:13.81M, Peak:13.81M | Scene, ViewLayer | Updating Film
Fra:19 Mem:66.39M (Peak 143.53M) | Time:00:00.07 | Mem:13.73M, Peak:13.81M | Scene, ViewLayer | Updating Lookup Tables
Fra:19 Mem:66.39M (Peak 143.53M) | Time:00:00.07 | Mem:13.82M, Peak:13.82M | Scene, ViewLayer | Updating Baking
Fra:19 Mem:66.39M (Peak 143.53M) | Time:00:00.07 | Mem:13.82M, Peak:13.82M | Scene, ViewLayer | Updating Device | Writing constant memory
Fra:19 Mem:66.40M (Peak 143.53M) | Time:00:00.07 | Mem:13.82M, Peak:13.82M | Scene, ViewLayer | Loading denoising kernels (may take a few minutes the first time)
Fra:19 Mem:66.40M (Peak 143.53M) | Time:00:00.07 | Mem:13.82M, Peak:13.82M | Scene, ViewLayer | Sample 0/2
Fra:19 Mem:103.98M (Peak 143.53M) | Time:00:00.12 | Remaining:00:00.05 | Mem:51.39M, Peak:51.39M | Scene, ViewLayer | Sample 1/2
Fra:19 Mem:119.80M (Peak 143.53M) | Time:00:09.25 | Mem:51.39M, Peak:51.39M | Scene, ViewLayer | Sample 2/2
Fra:19 Mem:119.80M (Peak 143.53M) | Time:00:09.25 | Mem:51.39M, Peak:51.39M | Scene, ViewLayer | Finished
Append frame 19
Time: 00:09.30 (Saving: 00:00.05)

Fra:20 Mem:55.82M (Peak 143.53M) | Time:00:00.01 | Mem:0.00M, Peak:0.00M | Scene, ViewLayer | Synchronizing object | Mesh1
Fra:20 Mem:55.85M (Peak 143.53M) | Time:00:00.01 | Mem:0.00M, Peak:0.00M | Scene, ViewLayer | Synchronizing object | Mesh2
Fra:20 Mem:55.93M (Peak 143.53M) | Time:00:00.01 | Mem:0.00M, Peak:0.00M | Scene, ViewLayer | Synchronizing object | Mesh3
Fra:20 Mem:56.04M (Peak 143.53M) | Time:00:00.01 | Mem:0.00M, Peak:0.00M | Scene, ViewLayer | Synchronizing object | Mesh168
Fra:20 Mem:56.07M (Peak 143.53M) | Time:00:00.01 | Mem:0.00M, Peak:0.00M | Scene, ViewLayer | Synchronizing object | Mesh4
Fra:20 Mem:56.12M (Peak 143.53M) | Time:00:00.01 | Mem:0.00M, Peak:0.00M | Scene, ViewLayer | Synchronizing object | Mesh5
Fra:20 Mem:56.11M (Peak 143.53M) | Time:00:00.01 | Mem:0.00M, Peak:0.00M | Scene, ViewLayer | Synchronizing object | Mesh6
Fra:20 Mem:56.11M (Peak 143.53M) | Time:00:00.01 | Mem:0.00M, Peak:0.00M | Scene, ViewLayer | Synchronizing object | Mesh167
Fra:20 Mem:56.82M (Peak 143.53M) | Time:00:00.02 | Mem:0.00M, Peak:0.00M | Scene, ViewLayer | Synchronizing object | Mesh7
Fra:20 Mem:58.45M (Peak 143.53M) | Time:00:00.02 | Mem:0.00M, Peak:0.00M | Scene, ViewLayer | Synchronizing object | Mesh166
Fra:20 Mem:57.72M (Peak 143.53M) | Time:00:00.02 | Mem:0.00M, Peak:0.00M | Scene, ViewLayer | Synchronizing object | Mesh165
Fra:20 Mem:57.74M (Peak 143.53M) | Time:00:00.02 | Mem:0.00M, Peak:0.00M | Scene, ViewLayer | Synchronizing object | Mesh164
Fra:20 Mem:57.57M (Peak 143.53M) | Time:00:00.02 | Mem:0.00M, Peak:0.00M | Scene, ViewLayer | Synchronizing object | Mesh8
Fra:20 Mem:57.60M (Peak 143.53M) | Time:00:00.02 | Mem:0.00M, Peak:0.00M | Scene, ViewLayer | Synchronizing object | Mesh163
Fra:20 Mem:57.75M (Peak 143.53M) | Time:00:00.02 | Mem:0.00M, Peak:0.00M | Scene, ViewLayer | Synchronizing object | Mesh162
Fra:20 Mem:57.76M (Peak 143.53M) | Time:00:00.02 | Mem:0.00M, Peak:0.00M | Scene, ViewLayer | Synchronizing object | Mesh9
Fra:20 Mem:57.81M (Peak 143.53M) | Time:00:00.02 | Mem:0.00M, Peak:0.00M | Scene, ViewLayer | Synchronizing object | Mesh10
Fra:20 Mem:57.82M (Peak 143.53M) | Time:00:00.02 | Mem:0.00M, Peak:0.00M | Scene, ViewLayer | Synchronizing object | Mesh161
Fra:20 Mem:57.95M (Peak 143.53M) | Time:00:00.02 | Mem:0.00M, Peak:0.00M | Scene, ViewLayer | Synchronizing object | Mesh160
Fra:20 Mem:57.87M (Peak 143.53M) | Time:00:00.02 | Mem:0.00M, Peak:0.00M | Scene, ViewLayer | Synchronizing object | Mesh11
Fra:20 Mem:58.01M (Peak 143.53M) | Time:00:00.02 | Mem:0.00M, Peak:0.00M | Scene, ViewLayer | Synchronizing object | Mesh12
Fra:20 Mem:58.00M (Peak 143.53M) | Time:00:00.02 | Mem:0.00M, Peak:0.00M | Scene, ViewLayer | Synchronizing object | Mesh159
Fra:20 Mem:58.01M (Peak 143.53M) | Time:00:00.02 | Mem:0.00M, Peak:0.00M | Scene, ViewLayer | Synchronizing object | Mesh13
Fra:20 Mem:58.04M (Peak 143.53M) | Time:00:00.02 | Mem:0.00M, Peak:0.00M | Scene, ViewLayer | Synchronizing object | Mesh14
Fra:20 Mem:58.27M (Peak 143.53M) | Time:00:00.02 | Mem:0.00M, Peak:0.00M | Scene, ViewLayer | Synchronizing object | Mesh15
Fra:20 Mem:59.56M (Peak 143.53M) | Time:00:00.02 | Mem:0.00M, Peak:0.00M | Scene, ViewLayer | Synchronizing object | Mesh16
Fra:20 Mem:59.43M (Peak 143.53M) | Time:00:00.03 | Mem:0.00M, Peak:0.00M | Scene, ViewLayer | Synchronizing object | Mesh158
Fra:20 Mem:59.53M (Peak 143.53M) | Time:00:00.03 | Mem:0.00M, Peak:0.00M | Scene, ViewLayer | Synchronizing object | Mesh17
Fra:20 Mem:59.56M (Peak 143.53M) | Time:00:00.03 | Mem:0.00M, Peak:0.00M | Scene, ViewLayer | Synchronizing object | Mesh18
Fra:20 Mem:59.63M (Peak 143.53M) | Time:00:00.03 | Mem:0.00M, Peak:0.00M | Scene, ViewLayer | Synchronizing object | Mesh19
Fra:20 Mem:59.71M (Peak 143.53M) | Time:00:00.03 | Mem:0.00M, Peak:0.00M | Scene, ViewLayer | Synchronizing object | Mesh20
Fra:20 Mem:59.75M (Peak 143.53M) | Time:00:00.03 | Mem:0.00M, Peak:0.00M | Scene, ViewLayer | Synchronizing object | Mesh157
Fra:20 Mem:59.78M (Peak 143.53M) | Time:00:00.03 | Mem:0.00M, Peak:0.00M | Scene, ViewLayer | Synchronizing object | Mesh156
Fra:20 Mem:59.77M (Peak 143.53M) | Time:00:00.03 | Mem:0.00M, Peak:0.00M | Scene, ViewLayer | Synchronizing object | Mesh155
Fra:20 Mem:59.76M (Peak 143.53M) | Time:00:00.03 | Mem:0.00M, Peak:0.00M | Scene, ViewLayer | Synchronizing object | Mesh21
Fra:20 Mem:59.78M (Peak 143.53M) | Time:00:00.03 | Mem:0.00M, Peak:0.00M | Scene, ViewLayer | Synchronizing object | Mesh154
Fra:20 Mem:59.82M (Peak 143.53M) | Time:00:00.03 | Mem:0.00M, Peak:0.00M | Scene, ViewLayer | Synchronizing object | Mesh22
Fra:20 Mem:59.94M (Peak 143.53M) | Time:00:00.03 | Mem:0.00M, Peak:0.00M | Scene, ViewLayer | Synchronizing object | Mesh153
Fra:20 Mem:59.94M (Peak 143.53M) | Time:00:00.03 | Mem:0.00M, Peak:0.00M | Scene, ViewLayer | Synchronizing object | Mesh23
Fra:20 Mem:59.97M (Peak 143.53M) | Time:00:00.03 | Mem:0.00M, Peak:0.00M | Scene, ViewLayer | Synchronizing object | Mesh24
Fra:20 Mem:59.96M (Peak 143.53M) | Time:00:00.03 | Mem:0.00M, Peak:0.00M | Scene, ViewLayer | Synchronizing object | Mesh152
Fra:20 Mem:59.98M (Peak 143.53M) | Time:00:00.03 | Mem:0.00M, Peak:0.00M | Scene, ViewLayer | Synchronizing object | Mesh151
Fra:20 Mem:59.98M (Peak 143.53M) | Time:00:00.03 | Mem:0.00M, Peak:0.00M | Scene, ViewLayer | Synchronizing object | Mesh25
Fra:20 Mem:59.98M (Peak 143.53M) | Time:00:00.03 | Mem:0.00M, Peak:0.00M | Scene, ViewLayer | Synchronizing object | Mesh150
Fra:20 Mem:60.03M (Peak 143.53M) | Time:00:00.03 | Mem:0.00M, Peak:0.00M | Scene, ViewLayer | Synchronizing object | Mesh149
Fra:20 Mem:60.05M (Peak 143.53M) | Time:00:00.03 | Mem:0.00M, Peak:0.00M | Scene, ViewLayer | Synchronizing object | Mesh148
Fra:20 Mem:60.11M (Peak 143.53M) | Time:00:00.03 | Mem:0.00M, Peak:0.00M | Scene, ViewLayer | Synchronizing object | Mesh26
Fra:20 Mem:60.10M (Peak 143.53M) | Time:00:00.03 | Mem:0.00M, Peak:0.00M | Scene, ViewLayer | Synchronizing object | Mesh147
Fra:20 Mem:60.17M (Peak 143.53M) | Time:00:00.03 | Mem:0.00M, Peak:0.00M | Scene, ViewLayer | Synchronizing object | Mesh146
Fra:20 Mem:60.14M (Peak 143.53M) | Time:00:00.03 | Mem:0.00M, Peak:0.00M | Scene, ViewLayer | Synchronizing object | Mesh27
Fra:20 Mem:60.14M (Peak 143.53M) | Time:00:00.03 | Mem:0.00M, Peak:0.00M | Scene, ViewLayer | Synchronizing object | Mesh145
Fra:20 Mem:60.17M (Peak 143.53M) | Time:00:00.03 | Mem:0.00M, Peak:0.00M | Scene, ViewLayer | Synchronizing object | Mesh28
Fra:20 Mem:60.18M (Peak 143.53M) | Time:00:00.03 | Mem:0.00M, Peak:0.00M | Scene, ViewLayer | Synchronizing object | Mesh29
Fra:20 Mem:60.19M (Peak 143.53M) | Time:00:00.03 | Mem:0.00M, Peak:0.00M | Scene, ViewLayer | Synchronizing object | Mesh144
Fra:20 Mem:60.19M (Peak 143.53M) | Time:00:00.03 | Mem:0.00M, Peak:0.00M | Scene, ViewLayer | Synchronizing object | Mesh30
Fra:20 Mem:60.19M (Peak 143.53M) | Time:00:00.03 | Mem:0.00M, Peak:0.00M | Scene, ViewLayer | Synchronizing object | Mesh143
Fra:20 Mem:60.27M (Peak 143.53M) | Time:00:00.03 | Mem:0.00M, Peak:0.00M | Scene, ViewLayer | Synchronizing object | Mesh142
Fra:20 Mem:60.33M (Peak 143.53M) | Time:00:00.03 | Mem:0.00M, Peak:0.00M | Scene, ViewLayer | Synchronizing object | Mesh31
Fra:20 Mem:60.48M (Peak 143.53M) | Time:00:00.03 | Mem:0.00M, Peak:0.00M | Scene, ViewLayer | Synchronizing object | Mesh32
Fra:20 Mem:60.52M (Peak 143.53M) | Time:00:00.03 | Mem:0.00M, Peak:0.00M | Scene, ViewLayer | Synchronizing object | Mesh33
Fra:20 Mem:60.52M (Peak 143.53M) | Time:00:00.03 | Mem:0.00M, Peak:0.00M | Scene, ViewLayer | Synchronizing object | Mesh34
Fra:20 Mem:60.48M (Peak 143.53M) | Time:00:00.03 | Mem:0.00M, Peak:0.00M | Scene, ViewLayer | Synchronizing object | Mesh35
Fra:20 Mem:60.47M (Peak 143.53M) | Time:00:00.03 | Mem:0.00M, Peak:0.00M | Scene, ViewLayer | Synchronizing object | Mesh141
Fra:20 Mem:60.55M (Peak 143.53M) | Time:00:00.03 | Mem:0.00M, Peak:0.00M | Scene, ViewLayer | Synchronizing object | Mesh36
Fra:20 Mem:60.53M (Peak 143.53M) | Time:00:00.03 | Mem:0.00M, Peak:0.00M | Scene, ViewLayer | Synchronizing object | Mesh140
Fra:20 Mem:60.71M (Peak 143.53M) | Time:00:00.03 | Mem:0.00M, Peak:0.00M | Scene, ViewLayer | Synchronizing object | Mesh37
Fra:20 Mem:60.67M (Peak 143.53M) | Time:00:00.03 | Mem:0.00M, Peak:0.00M | Scene, ViewLayer | Synchronizing object | Mesh139
Fra:20 Mem:60.68M (Peak 143.53M) | Time:00:00.03 | Mem:0.00M, Peak:0.00M | Scene, ViewLayer | Synchronizing object | Mesh138
Fra:20 Mem:60.77M (Peak 143.53M) | Time:00:00.03 | Mem:0.00M, Peak:0.00M | Scene, ViewLayer | Synchronizing object | Mesh137
Fra:20 Mem:60.75M (Peak 143.53M) | Time:00:00.03 | Mem:0.00M, Peak:0.00M | Scene, ViewLayer | Synchronizing object | Mesh38
Fra:20 Mem:60.80M (Peak 143.53M) | Time:00:00.03 | Mem:0.00M, Peak:0.00M | Scene, ViewLayer | Synchronizing object | Mesh39
Fra:20 Mem:60.99M (Peak 143.53M) | Time:00:00.03 | Mem:0.00M, Peak:0.00M | Scene, ViewLayer | Synchronizing object | Mesh40
Fra:20 Mem:60.99M (Peak 143.53M) | Time:00:00.03 | Mem:0.00M, Peak:0.00M | Scene, ViewLayer | Synchronizing object | Mesh41
Fra:20 Mem:60.95M (Peak 143.53M) | Time:00:00.03 | Mem:0.00M, Peak:0.00M | Scene, ViewLayer | Synchronizing object | Mesh136
Fra:20 Mem:60.96M (Peak 143.53M) | Time:00:00.03 | Mem:0.00M, Peak:0.00M | Scene, ViewLayer | Synchronizing object | Mesh135
Fra:20 Mem:61.00M (Peak 143.53M) | Time:00:00.03 | Mem:0.00M, Peak:0.00M | Scene, ViewLayer | Synchronizing object | Mesh134
Fra:20 Mem:60.98M (Peak 143.53M) | Time:00:00.03 | Mem:0.00M, Peak:0.00M | Scene, ViewLayer | Synchronizing object | Mesh42
Fra:20 Mem:60.99M (Peak 143.53M) | Time:00:00.03 | Mem:0.00M, Peak:0.00M | Scene, ViewLayer | Synchronizing object | Mesh133
Fra:20 Mem:61.00M (Peak 143.53M) | Time:00:00.03 | Mem:0.00M, Peak:0.00M | Scene, ViewLayer | Synchronizing object | Mesh132
Fra:20 Mem:61.19M (Peak 143.53M) | Time:00:00.03 | Mem:0.00M, Peak:0.00M | Scene, ViewLayer | Synchronizing object | Mesh43
Fra:20 Mem:61.16M (Peak 143.53M) | Time:00:00.03 | Mem:0.00M, Peak:0.00M | Scene, ViewLayer | Synchronizing object | Mesh44
Fra:20 Mem:61.18M (Peak 143.53M) | Time:00:00.03 | Mem:0.00M, Peak:0.00M | Scene, ViewLayer | Synchronizing object | Mesh131
Fra:20 Mem:61.18M (Peak 143.53M) | Time:00:00.03 | Mem:0.00M, Peak:0.00M | Scene, ViewLayer | Synchronizing object | Mesh45
Fra:20 Mem:61.19M (Peak 143.53M) | Time:00:00.03 | Mem:0.00M, Peak:0.00M | Scene, ViewLayer | Synchronizing object | Mesh130
Fra:20 Mem:61.19M (Peak 143.53M) | Time:00:00.03 | Mem:0.00M, Peak:0.00M | Scene, ViewLayer | Synchronizing object | Mesh129
Fra:20 Mem:61.19M (Peak 143.53M) | Time:00:00.03 | Mem:0.00M, Peak:0.00M | Scene, ViewLayer | Synchronizing object | Mesh128
Fra:20 Mem:61.20M (Peak 143.53M) | Time:00:00.03 | Mem:0.00M, Peak:0.00M | Scene, ViewLayer | Synchronizing object | Mesh47
Fra:20 Mem:61.22M (Peak 143.53M) | Time:00:00.03 | Mem:0.00M, Peak:0.00M | Scene, ViewLayer | Synchronizing object | Mesh127
Fra:20 Mem:61.22M (Peak 143.53M) | Time:00:00.03 | Mem:0.00M, Peak:0.00M | Scene, ViewLayer | Synchronizing object | Mesh126
Fra:20 Mem:61.26M (Peak 143.53M) | Time:00:00.03 | Mem:0.00M, Peak:0.00M | Scene, ViewLayer | Synchronizing object | Mesh125
Fra:20 Mem:61.26M (Peak 143.53M) | Time:00:00.03 | Mem:0.00M, Peak:0.00M | Scene, ViewLayer | Synchronizing object | Mesh49
Fra:20 Mem:61.32M (Peak 143.53M) | Time:00:00.03 | Mem:0.00M, Peak:0.00M | Scene, ViewLayer | Synchronizing object | Mesh50
Fra:20 Mem:61.32M (Peak 143.53M) | Time:00:00.03 | Mem:0.00M, Peak:0.00M | Scene, ViewLayer | Synchronizing object | Mesh51
Fra:20 Mem:61.32M (Peak 143.53M) | Time:00:00.03 | Mem:0.00M, Peak:0.00M | Scene, ViewLayer | Synchronizing object | Mesh124
Fra:20 Mem:61.32M (Peak 143.53M) | Time:00:00.03 | Mem:0.00M, Peak:0.00M | Scene, ViewLayer | Synchronizing object | Mesh52
Fra:20 Mem:61.34M (Peak 143.53M) | Time:00:00.03 | Mem:0.00M, Peak:0.00M | Scene, ViewLayer | Synchronizing object | Mesh53
Fra:20 Mem:61.34M (Peak 143.53M) | Time:00:00.03 | Mem:0.00M, Peak:0.00M | Scene, ViewLayer | Synchronizing object | Mesh123
Fra:20 Mem:61.34M (Peak 143.53M) | Time:00:00.03 | Mem:0.00M, Peak:0.00M | Scene, ViewLayer | Synchronizing object | Mesh54
Fra:20 Mem:61.37M (Peak 143.53M) | Time:00:00.03 | Mem:0.00M, Peak:0.00M | Scene, ViewLayer | Synchronizing object | Mesh122
Fra:20 Mem:61.41M (Peak 143.53M) | Time:00:00.03 | Mem:0.00M, Peak:0.00M | Scene, ViewLayer | Synchronizing object | Mesh121
Fra:20 Mem:61.41M (Peak 143.53M) | Time:00:00.03 | Mem:0.00M, Peak:0.00M | Scene, ViewLayer | Synchronizing object | Mesh120
Fra:20 Mem:61.39M (Peak 143.53M) | Time:00:00.03 | Mem:0.00M, Peak:0.00M | Scene, ViewLayer | Synchronizing object | Mesh55
Fra:20 Mem:61.41M (Peak 143.53M) | Time:00:00.03 | Mem:0.00M, Peak:0.00M | Scene, ViewLayer | Synchronizing object | Mesh56
Fra:20 Mem:61.41M (Peak 143.53M) | Time:00:00.03 | Mem:0.00M, Peak:0.00M | Scene, ViewLayer | Synchronizing object | Mesh57
Fra:20 Mem:61.41M (Peak 143.53M) | Time:00:00.03 | Mem:0.00M, Peak:0.00M | Scene, ViewLayer | Synchronizing object | Mesh119
Fra:20 Mem:61.56M (Peak 143.53M) | Time:00:00.03 | Mem:0.00M, Peak:0.00M | Scene, ViewLayer | Synchronizing object | Mesh58
Fra:20 Mem:61.74M (Peak 143.53M) | Time:00:00.03 | Mem:0.00M, Peak:0.00M | Scene, ViewLayer | Synchronizing object | Mesh59
Fra:20 Mem:61.77M (Peak 143.53M) | Time:00:00.03 | Mem:0.00M, Peak:0.00M | Scene, ViewLayer | Synchronizing object | Mesh60
Fra:20 Mem:61.76M (Peak 143.53M) | Time:00:00.03 | Mem:0.00M, Peak:0.00M | Scene, ViewLayer | Synchronizing object | Mesh61
Fra:20 Mem:61.74M (Peak 143.53M) | Time:00:00.03 | Mem:0.00M, Peak:0.00M | Scene, ViewLayer | Synchronizing object | Mesh118
Fra:20 Mem:61.78M (Peak 143.53M) | Time:00:00.03 | Mem:0.00M, Peak:0.00M | Scene, ViewLayer | Synchronizing object | Mesh117
Fra:20 Mem:61.90M (Peak 143.53M) | Time:00:00.03 | Mem:0.00M, Peak:0.00M | Scene, ViewLayer | Synchronizing object | Mesh116
Fra:20 Mem:61.93M (Peak 143.53M) | Time:00:00.03 | Mem:0.00M, Peak:0.00M | Scene, ViewLayer | Synchronizing object | Mesh115
Fra:20 Mem:62.35M (Peak 143.53M) | Time:00:00.03 | Mem:0.00M, Peak:0.00M | Scene, ViewLayer | Synchronizing object | Mesh62
Fra:20 Mem:62.38M (Peak 143.53M) | Time:00:00.03 | Mem:0.00M, Peak:0.00M | Scene, ViewLayer | Synchronizing object | Mesh63
Fra:20 Mem:62.41M (Peak 143.53M) | Time:00:00.03 | Mem:0.00M, Peak:0.00M | Scene, ViewLayer | Synchronizing object | Mesh64
Fra:20 Mem:62.36M (Peak 143.53M) | Time:00:00.03 | Mem:0.00M, Peak:0.00M | Scene, ViewLayer | Synchronizing object | Mesh114
Fra:20 Mem:62.42M (Peak 143.53M) | Time:00:00.03 | Mem:0.00M, Peak:0.00M | Scene, ViewLayer | Synchronizing object | Mesh65
Fra:20 Mem:62.51M (Peak 143.53M) | Time:00:00.03 | Mem:0.00M, Peak:0.00M | Scene, ViewLayer | Synchronizing object | Mesh66
Fra:20 Mem:62.52M (Peak 143.53M) | Time:00:00.03 | Mem:0.00M, Peak:0.00M | Scene, ViewLayer | Synchronizing object | Mesh67
Fra:20 Mem:62.51M (Peak 143.53M) | Time:00:00.03 | Mem:0.00M, Peak:0.00M | Scene, ViewLayer | Synchronizing object | Mesh113
Fra:20 Mem:62.63M (Peak 143.53M) | Time:00:00.03 | Mem:0.00M, Peak:0.00M | Scene, ViewLayer | Synchronizing object | Mesh112
Fra:20 Mem:62.70M (Peak 143.53M) | Time:00:00.03 | Mem:0.00M, Peak:0.00M | Scene, ViewLayer | Synchronizing object | Mesh111
Fra:20 Mem:62.88M (Peak 143.53M) | Time:00:00.03 | Mem:0.00M, Peak:0.00M | Scene, ViewLayer | Synchronizing object | Mesh68
Fra:20 Mem:62.86M (Peak 143.53M) | Time:00:00.03 | Mem:0.00M, Peak:0.00M | Scene, ViewLayer | Synchronizing object | Mesh110
Fra:20 Mem:62.84M (Peak 143.53M) | Time:00:00.03 | Mem:0.00M, Peak:0.00M | Scene, ViewLayer | Synchronizing object | Mesh69
Fra:20 Mem:63.06M (Peak 143.53M) | Time:00:00.03 | Mem:0.00M, Peak:0.00M | Scene, ViewLayer | Synchronizing object | Mesh109
Fra:20 Mem:63.10M (Peak 143.53M) | Time:00:00.03 | Mem:0.00M, Peak:0.00M | Scene, ViewLayer | Synchronizing object | Mesh108
Fra:20 Mem:63.35M (Peak 143.53M) | Time:00:00.03 | Mem:0.00M, Peak:0.00M | Scene, ViewLayer | Synchronizing object | Mesh107
Fra:20 Mem:63.37M (Peak 143.53M) | Time:00:00.03 | Mem:0.00M, Peak:0.00M | Scene, ViewLayer | Synchronizing object | Mesh106
Fra:20 Mem:63.35M (Peak 143.53M) | Time:00:00.03 | Mem:0.00M, Peak:0.00M | Scene, ViewLayer | Synchronizing object | Mesh70
Fra:20 Mem:63.41M (Peak 143.53M) | Time:00:00.03 | Mem:0.00M, Peak:0.00M | Scene, ViewLayer | Synchronizing object | Mesh71
Fra:20 Mem:63.60M (Peak 143.53M) | Time:00:00.03 | Mem:0.00M, Peak:0.00M | Scene, ViewLayer | Synchronizing object | Mesh72
Fra:20 Mem:64.12M (Peak 143.53M) | Time:00:00.04 | Mem:0.00M, Peak:0.00M | Scene, ViewLayer | Synchronizing object | Mesh105
Fra:20 Mem:63.79M (Peak 143.53M) | Time:00:00.04 | Mem:0.00M, Peak:0.00M | Scene, ViewLayer | Synchronizing object | Mesh73
Fra:20 Mem:64.04M (Peak 143.53M) | Time:00:00.04 | Mem:0.00M, Peak:0.00M | Scene, ViewLayer | Synchronizing object | Mesh74
Fra:20 Mem:63.96M (Peak 143.53M) | Time:00:00.04 | Mem:0.00M, Peak:0.00M | Scene, ViewLayer | Synchronizing object | Mesh75
Fra:20 Mem:63.99M (Peak 143.53M) | Time:00:00.04 | Mem:0.00M, Peak:0.00M | Scene, ViewLayer | Synchronizing object | Mesh76
Fra:20 Mem:64.21M (Peak 143.53M) | Time:00:00.04 | Mem:0.00M, Peak:0.00M | Scene, ViewLayer | Synchronizing object | Mesh77
Fra:20 Mem:64.10M (Peak 143.53M) | Time:00:00.04 | Mem:0.00M, Peak:0.00M | Scene, ViewLayer | Synchronizing object | Mesh104
Fra:20 Mem:64.06M (Peak 143.53M) | Time:00:00.04 | Mem:0.00M, Peak:0.00M | Scene, ViewLayer | Synchronizing object | Mesh78
Fra:20 Mem:64.04M (Peak 143.53M) | Time:00:00.04 | Mem:0.00M, Peak:0.00M | Scene, ViewLayer | Synchronizing object | Mesh103
Fra:20 Mem:64.04M (Peak 143.53M) | Time:00:00.04 | Mem:0.00M, Peak:0.00M | Scene, ViewLayer | Synchronizing object | Mesh79
Fra:20 Mem:64.10M (Peak 143.53M) | Time:00:00.04 | Mem:0.00M, Peak:0.00M | Scene, ViewLayer | Synchronizing object | Mesh80
Fra:20 Mem:64.10M (Peak 143.53M) | Time:00:00.04 | Mem:0.00M, Peak:0.00M | Scene, ViewLayer | Synchronizing object | Mesh102
Fra:20 Mem:64.11M (Peak 143.53M) | Time:00:00.04 | Mem:0.00M, Peak:0.00M | Scene, ViewLayer | Synchronizing object | Mesh81
Fra:20 Mem:64.12M (Peak 143.53M) | Time:00:00.04 | Mem:0.00M, Peak:0.00M | Scene, ViewLayer | Synchronizing object | Mesh101
Fra:20 Mem:64.54M (Peak 143.53M) | Time:00:00.04 | Mem:0.00M, Peak:0.00M | Scene, ViewLayer | Synchronizing object | Mesh100
Fra:20 Mem:64.60M (Peak 143.53M) | Time:00:00.04 | Mem:0.00M, Peak:0.00M | Scene, ViewLayer | Synchronizing object | Mesh99
Fra:20 Mem:64.44M (Peak 143.53M) | Time:00:00.04 | Mem:0.00M, Peak:0.00M | Scene, ViewLayer | Synchronizing object | Mesh82
Fra:20 Mem:64.40M (Peak 143.53M) | Time:00:00.04 | Mem:0.00M, Peak:0.00M | Scene, ViewLayer | Synchronizing object | Mesh98
Fra:20 Mem:64.47M (Peak 143.53M) | Time:00:00.04 | Mem:0.00M, Peak:0.00M | Scene, ViewLayer | Synchronizing object | Mesh83
Fra:20 Mem:64.57M (Peak 143.53M) | Time:00:00.04 | Mem:0.00M, Peak:0.00M | Scene, ViewLayer | Synchronizing object | Mesh97
Fra:20 Mem:64.52M (Peak 143.53M) | Time:00:00.04 | Mem:0.00M, Peak:0.00M | Scene, ViewLayer | Synchronizing object | Mesh96
Fra:20 Mem:64.59M (Peak 143.53M) | Time:00:00.04 | Mem:0.00M, Peak:0.00M | Scene, ViewLayer | Synchronizing object | Mesh84
Fra:20 Mem:64.85M (Peak 143.53M) | Time:00:00.04 | Mem:0.00M, Peak:0.00M | Scene, ViewLayer | Synchronizing object | Mesh85
Fra:20 Mem:64.88M (Peak 143.53M) | Time:00:00.04 | Mem:0.00M, Peak:0.00M | Scene, ViewLayer | Synchronizing object | Mesh95
Fra:20 Mem:65.02M (Peak 143.53M) | Time:00:00.04 | Mem:0.00M, Peak:0.00M | Scene, ViewLayer | Synchronizing object | Mesh86
Fra:20 Mem:65.20M (Peak 143.53M) | Time:00:00.04 | Mem:0.00M, Peak:0.00M | Scene, ViewLayer | Synchronizing object | Mesh94
Fra:20 Mem:65.21M (Peak 143.53M) | Time:00:00.04 | Mem:0.00M, Peak:0.00M | Scene, ViewLayer | Synchronizing object | Mesh93
Fra:20 Mem:65.22M (Peak 143.53M) | Time:00:00.04 | Mem:0.00M, Peak:0.00M | Scene, ViewLayer | Synchronizing object | Mesh92
Fra:20 Mem:65.12M (Peak 143.53M) | Time:00:00.04 | Mem:0.00M, Peak:0.00M | Scene, ViewLayer | Synchronizing object | Mesh87
Fra:20 Mem:65.12M (Peak 143.53M) | Time:00:00.04 | Mem:0.00M, Peak:0.00M | Scene, ViewLayer | Synchronizing object | Mesh88
Fra:20 Mem:65.12M (Peak 143.53M) | Time:00:00.04 | Mem:0.00M, Peak:0.00M | Scene, ViewLayer | Synchronizing object | Mesh89
Fra:20 Mem:65.13M (Peak 143.53M) | Time:00:00.04 | Mem:0.00M, Peak:0.00M | Scene, ViewLayer | Synchronizing object | Mesh90
Fra:20 Mem:65.14M (Peak 143.53M) | Time:00:00.04 | Mem:0.00M, Peak:0.00M | Scene, ViewLayer | Initializing
Fra:20 Mem:56.30M (Peak 143.53M) | Time:00:00.05 | Mem:0.00M, Peak:0.00M | Scene, ViewLayer | Waiting for render to start
Fra:20 Mem:56.31M (Peak 143.53M) | Time:00:00.05 | Mem:0.00M, Peak:0.00M | Scene, ViewLayer | Loading render kernels (may take a few minutes the first time)
Fra:20 Mem:56.31M (Peak 143.53M) | Time:00:00.05 | Mem:0.00M, Peak:0.00M | Scene, ViewLayer | Updating Scene
Fra:20 Mem:56.31M (Peak 143.53M) | Time:00:00.05 | Mem:0.00M, Peak:0.00M | Scene, ViewLayer | Updating Shaders
Fra:20 Mem:56.40M (Peak 143.53M) | Time:00:00.05 | Mem:0.02M, Peak:0.02M | Scene, ViewLayer | Updating Procedurals
Fra:20 Mem:56.40M (Peak 143.53M) | Time:00:00.05 | Mem:0.02M, Peak:0.02M | Scene, ViewLayer | Updating Background
Fra:20 Mem:56.40M (Peak 143.53M) | Time:00:00.05 | Mem:0.02M, Peak:0.02M | Scene, ViewLayer | Updating Camera
Fra:20 Mem:56.40M (Peak 143.53M) | Time:00:00.05 | Mem:0.02M, Peak:0.02M | Scene, ViewLayer | Updating Meshes Flags
Fra:20 Mem:56.40M (Peak 143.53M) | Time:00:00.05 | Mem:0.02M, Peak:0.02M | Scene, ViewLayer | Updating Objects
Fra:20 Mem:56.40M (Peak 143.53M) | Time:00:00.05 | Mem:0.02M, Peak:0.02M | Scene, ViewLayer | Updating Objects | Copying Transformations to device
Fra:20 Mem:56.44M (Peak 143.53M) | Time:00:00.05 | Mem:0.05M, Peak:0.05M | Scene, ViewLayer | Updating Objects | Applying Static Transformations
Fra:20 Mem:56.44M (Peak 143.53M) | Time:00:00.05 | Mem:0.05M, Peak:0.05M | Scene, ViewLayer | Updating Particle Systems
Fra:20 Mem:56.44M (Peak 143.53M) | Time:00:00.05 | Mem:0.05M, Peak:0.05M | Scene, ViewLayer | Updating Particle Systems | Copying Particles to device
Fra:20 Mem:56.44M (Peak 143.53M) | Time:00:00.05 | Mem:0.05M, Peak:0.05M | Scene, ViewLayer | Updating Meshes
Fra:20 Mem:57.55M (Peak 143.53M) | Time:00:00.05 | Mem:0.05M, Peak:0.05M | Scene, ViewLayer | Updating Mesh | Computing attributes
Fra:20 Mem:59.61M (Peak 143.53M) | Time:00:00.05 | Mem:0.07M, Peak:0.07M | Scene, ViewLayer | Updating Mesh | Copying Attributes to device
Fra:20 Mem:59.59M (Peak 143.53M) | Time:00:00.05 | Mem:2.10M, Peak:2.10M | Scene, ViewLayer | Updating Scene BVH | Building
Fra:20 Mem:59.59M (Peak 143.53M) | Time:00:00.05 | Mem:2.10M, Peak:2.10M | Scene, ViewLayer | Updating Scene BVH | Building BVH
Fra:20 Mem:59.59M (Peak 143.53M) | Time:00:00.05 | Mem:4.30M, Peak:4.30M | Scene, ViewLayer | Updating Scene BVH | Building BVH 0%
Fra:20 Mem:59.59M (Peak 143.53M) | Time:00:00.07 | Mem:6.93M, Peak:9.14M | Scene, ViewLayer | Updating Scene BVH | Copying BVH to device
Fra:20 Mem:59.59M (Peak 143.53M) | Time:00:00.07 | Mem:6.93M, Peak:9.14M | Scene, ViewLayer | Updating Mesh | Computing normals
Fra:20 Mem:66.39M (Peak 143.53M) | Time:00:00.07 | Mem:6.93M, Peak:9.14M | Scene, ViewLayer | Updating Mesh | Copying Mesh to device
Fra:20 Mem:66.39M (Peak 143.53M) | Time:00:00.07 | Mem:13.73M, Peak:13.73M | Scene, ViewLayer | Updating Objects Flags
Fra:20 Mem:66.39M (Peak 143.53M) | Time:00:00.07 | Mem:13.73M, Peak:13.73M | Scene, ViewLayer | Updating Primitive Offsets
Fra:20 Mem:66.39M (Peak 143.53M) | Time:00:00.07 | Mem:13.73M, Peak:13.73M | Scene, ViewLayer | Updating Images
Fra:20 Mem:66.39M (Peak 143.53M) | Time:00:00.07 | Mem:13.73M, Peak:13.73M | Scene, ViewLayer | Updating Camera Volume
Fra:20 Mem:66.39M (Peak 143.53M) | Time:00:00.07 | Mem:13.73M, Peak:13.73M | Scene, ViewLayer | Updating Lookup Tables
Fra:20 Mem:66.39M (Peak 143.53M) | Time:00:00.07 | Mem:13.81M, Peak:13.81M | Scene, ViewLayer | Updating Lights
Fra:20 Mem:66.39M (Peak 143.53M) | Time:00:00.07 | Mem:13.81M, Peak:13.81M | Scene, ViewLayer | Updating Lights | Computing tree
Fra:20 Mem:66.39M (Peak 143.53M) | Time:00:00.07 | Mem:13.81M, Peak:13.81M | Scene, ViewLayer | Updating Integrator
Fra:20 Mem:66.39M (Peak 143.53M) | Time:00:00.07 | Mem:13.81M, Peak:13.81M | Scene, ViewLayer | Updating Film
Fra:20 Mem:66.39M (Peak 143.53M) | Time:00:00.07 | Mem:13.73M, Peak:13.81M | Scene, ViewLayer | Updating Lookup Tables
Fra:20 Mem:66.39M (Peak 143.53M) | Time:00:00.07 | Mem:13.82M, Peak:13.82M | Scene, ViewLayer | Updating Baking
Fra:20 Mem:66.39M (Peak 143.53M) | Time:00:00.07 | Mem:13.82M, Peak:13.82M | Scene, ViewLayer | Updating Device | Writing constant memory
Fra:20 Mem:66.40M (Peak 143.53M) | Time:00:00.07 | Mem:13.82M, Peak:13.82M | Scene, ViewLayer | Loading denoising kernels (may take a few minutes the first time)
Fra:20 Mem:66.40M (Peak 143.53M) | Time:00:00.07 | Mem:13.82M, Peak:13.82M | Scene, ViewLayer | Sample 0/2
Fra:20 Mem:103.98M (Peak 143.53M) | Time:00:00.12 | Remaining:00:00.05 | Mem:51.39M, Peak:51.39M | Scene, ViewLayer | Sample 1/2
Fra:20 Mem:119.80M (Peak 143.53M) | Time:00:09.28 | Mem:51.39M, Peak:51.39M | Scene, ViewLayer | Sample 2/2
Fra:20 Mem:119.80M (Peak 143.53M) | Time:00:09.28 | Mem:51.39M, Peak:51.39M | Scene, ViewLayer | Finished
Append frame 20
Time: 00:09.33 (Saving: 00:00.05)

Fra:21 Mem:55.82M (Peak 143.53M) | Time:00:00.01 | Mem:0.00M, Peak:0.00M | Scene, ViewLayer | Synchronizing object | Mesh1
Fra:21 Mem:55.85M (Peak 143.53M) | Time:00:00.01 | Mem:0.00M, Peak:0.00M | Scene, ViewLayer | Synchronizing object | Mesh2
Fra:21 Mem:55.92M (Peak 143.53M) | Time:00:00.01 | Mem:0.00M, Peak:0.00M | Scene, ViewLayer | Synchronizing object | Mesh3
Fra:21 Mem:56.01M (Peak 143.53M) | Time:00:00.01 | Mem:0.00M, Peak:0.00M | Scene, ViewLayer | Synchronizing object | Mesh4
Fra:21 Mem:56.02M (Peak 143.53M) | Time:00:00.02 | Mem:0.00M, Peak:0.00M | Scene, ViewLayer | Synchronizing object | Mesh5
Fra:21 Mem:56.05M (Peak 143.53M) | Time:00:00.02 | Mem:0.00M, Peak:0.00M | Scene, ViewLayer | Synchronizing object | Mesh6
Fra:21 Mem:56.15M (Peak 143.53M) | Time:00:00.02 | Mem:0.00M, Peak:0.00M | Scene, ViewLayer | Synchronizing object | Mesh168
Fra:21 Mem:56.18M (Peak 143.53M) | Time:00:00.02 | Mem:0.00M, Peak:0.00M | Scene, ViewLayer | Synchronizing object | Mesh167
Fra:21 Mem:56.82M (Peak 143.53M) | Time:00:00.02 | Mem:0.00M, Peak:0.00M | Scene, ViewLayer | Synchronizing object | Mesh7
Fra:21 Mem:57.47M (Peak 143.53M) | Time:00:00.02 | Mem:0.00M, Peak:0.00M | Scene, ViewLayer | Synchronizing object | Mesh166
Fra:21 Mem:57.72M (Peak 143.53M) | Time:00:00.02 | Mem:0.00M, Peak:0.00M | Scene, ViewLayer | Synchronizing object | Mesh165
Fra:21 Mem:57.74M (Peak 143.53M) | Time:00:00.02 | Mem:0.00M, Peak:0.00M | Scene, ViewLayer | Synchronizing object | Mesh164
Fra:21 Mem:57.58M (Peak 143.53M) | Time:00:00.02 | Mem:0.00M, Peak:0.00M | Scene, ViewLayer | Synchronizing object | Mesh8
Fra:21 Mem:57.57M (Peak 143.53M) | Time:00:00.02 | Mem:0.00M, Peak:0.00M | Scene, ViewLayer | Synchronizing object | Mesh163
Fra:21 Mem:57.70M (Peak 143.53M) | Time:00:00.02 | Mem:0.00M, Peak:0.00M | Scene, ViewLayer | Synchronizing object | Mesh162
Fra:21 Mem:57.84M (Peak 143.53M) | Time:00:00.02 | Mem:0.00M, Peak:0.00M | Scene, ViewLayer | Synchronizing object | Mesh9
Fra:21 Mem:57.75M (Peak 143.53M) | Time:00:00.02 | Mem:0.00M, Peak:0.00M | Scene, ViewLayer | Synchronizing object | Mesh161
Fra:21 Mem:57.81M (Peak 143.53M) | Time:00:00.02 | Mem:0.00M, Peak:0.00M | Scene, ViewLayer | Synchronizing object | Mesh160
Fra:21 Mem:57.81M (Peak 143.53M) | Time:00:00.02 | Mem:0.00M, Peak:0.00M | Scene, ViewLayer | Synchronizing object | Mesh10
Fra:21 Mem:57.99M (Peak 143.53M) | Time:00:00.02 | Mem:0.00M, Peak:0.00M | Scene, ViewLayer | Synchronizing object | Mesh159
Fra:21 Mem:57.97M (Peak 143.53M) | Time:00:00.02 | Mem:0.00M, Peak:0.00M | Scene, ViewLayer | Synchronizing object | Mesh11
Fra:21 Mem:58.18M (Peak 143.53M) | Time:00:00.02 | Mem:0.00M, Peak:0.00M | Scene, ViewLayer | Synchronizing object | Mesh12
Fra:21 Mem:58.13M (Peak 143.53M) | Time:00:00.02 | Mem:0.00M, Peak:0.00M | Scene, ViewLayer | Synchronizing object | Mesh13
Fra:21 Mem:58.36M (Peak 143.53M) | Time:00:00.02 | Mem:0.00M, Peak:0.00M | Scene, ViewLayer | Synchronizing object | Mesh14
Fra:21 Mem:58.69M (Peak 143.53M) | Time:00:00.02 | Mem:0.00M, Peak:0.00M | Scene, ViewLayer | Synchronizing object | Mesh15
Fra:21 Mem:59.56M (Peak 143.53M) | Time:00:00.03 | Mem:0.00M, Peak:0.00M | Scene, ViewLayer | Synchronizing object | Mesh16
Fra:21 Mem:59.42M (Peak 143.53M) | Time:00:00.03 | Mem:0.00M, Peak:0.00M | Scene, ViewLayer | Synchronizing object | Mesh158
Fra:21 Mem:59.51M (Peak 143.53M) | Time:00:00.03 | Mem:0.00M, Peak:0.00M | Scene, ViewLayer | Synchronizing object | Mesh17
Fra:21 Mem:59.56M (Peak 143.53M) | Time:00:00.03 | Mem:0.00M, Peak:0.00M | Scene, ViewLayer | Synchronizing object | Mesh18
Fra:21 Mem:59.71M (Peak 143.53M) | Time:00:00.03 | Mem:0.00M, Peak:0.00M | Scene, ViewLayer | Synchronizing object | Mesh19
Fra:21 Mem:59.71M (Peak 143.53M) | Time:00:00.03 | Mem:0.00M, Peak:0.00M | Scene, ViewLayer | Synchronizing object | Mesh20
Fra:21 Mem:59.67M (Peak 143.53M) | Time:00:00.03 | Mem:0.00M, Peak:0.00M | Scene, ViewLayer | Synchronizing object | Mesh157
Fra:21 Mem:59.75M (Peak 143.53M) | Time:00:00.03 | Mem:0.00M, Peak:0.00M | Scene, ViewLayer | Synchronizing object | Mesh156
Fra:21 Mem:59.69M (Peak 143.53M) | Time:00:00.03 | Mem:0.00M, Peak:0.00M | Scene, ViewLayer | Synchronizing object | Mesh21
Fra:21 Mem:59.67M (Peak 143.53M) | Time:00:00.03 | Mem:0.00M, Peak:0.00M | Scene, ViewLayer | Synchronizing object | Mesh155
Fra:21 Mem:59.79M (Peak 143.53M) | Time:00:00.03 | Mem:0.00M, Peak:0.00M | Scene, ViewLayer | Synchronizing object | Mesh22
Fra:21 Mem:59.77M (Peak 143.53M) | Time:00:00.03 | Mem:0.00M, Peak:0.00M | Scene, ViewLayer | Synchronizing object | Mesh154
Fra:21 Mem:59.90M (Peak 143.53M) | Time:00:00.03 | Mem:0.00M, Peak:0.00M | Scene, ViewLayer | Synchronizing object | Mesh153
Fra:21 Mem:59.89M (Peak 143.53M) | Time:00:00.03 | Mem:0.00M, Peak:0.00M | Scene, ViewLayer | Synchronizing object | Mesh23
Fra:21 Mem:59.95M (Peak 143.53M) | Time:00:00.03 | Mem:0.00M, Peak:0.00M | Scene, ViewLayer | Synchronizing object | Mesh24
Fra:21 Mem:60.00M (Peak 143.53M) | Time:00:00.03 | Mem:0.00M, Peak:0.00M | Scene, ViewLayer | Synchronizing object | Mesh25
Fra:21 Mem:60.03M (Peak 143.53M) | Time:00:00.03 | Mem:0.00M, Peak:0.00M | Scene, ViewLayer | Synchronizing object | Mesh152
Fra:21 Mem:60.05M (Peak 143.53M) | Time:00:00.03 | Mem:0.00M, Peak:0.00M | Scene, ViewLayer | Synchronizing object | Mesh151
Fra:21 Mem:60.13M (Peak 143.53M) | Time:00:00.03 | Mem:0.00M, Peak:0.00M | Scene, ViewLayer | Synchronizing object | Mesh150
Fra:21 Mem:60.15M (Peak 143.53M) | Time:00:00.03 | Mem:0.00M, Peak:0.00M | Scene, ViewLayer | Synchronizing object | Mesh149
Fra:21 Mem:60.15M (Peak 143.53M) | Time:00:00.03 | Mem:0.00M, Peak:0.00M | Scene, ViewLayer | Synchronizing object | Mesh148
Fra:21 Mem:60.17M (Peak 143.53M) | Time:00:00.03 | Mem:0.00M, Peak:0.00M | Scene, ViewLayer | Synchronizing object | Mesh26
Fra:21 Mem:60.14M (Peak 143.53M) | Time:00:00.03 | Mem:0.00M, Peak:0.00M | Scene, ViewLayer | Synchronizing object | Mesh147
Fra:21 Mem:60.13M (Peak 143.53M) | Time:00:00.03 | Mem:0.00M, Peak:0.00M | Scene, ViewLayer | Synchronizing object | Mesh27
Fra:21 Mem:60.18M (Peak 143.53M) | Time:00:00.03 | Mem:0.00M, Peak:0.00M | Scene, ViewLayer | Synchronizing object | Mesh28
Fra:21 Mem:60.18M (Peak 143.53M) | Time:00:00.03 | Mem:0.00M, Peak:0.00M | Scene, ViewLayer | Synchronizing object | Mesh29
Fra:21 Mem:60.16M (Peak 143.53M) | Time:00:00.03 | Mem:0.00M, Peak:0.00M | Scene, ViewLayer | Synchronizing object | Mesh146
Fra:21 Mem:60.18M (Peak 143.53M) | Time:00:00.03 | Mem:0.00M, Peak:0.00M | Scene, ViewLayer | Synchronizing object | Mesh30
Fra:21 Mem:60.18M (Peak 143.53M) | Time:00:00.03 | Mem:0.00M, Peak:0.00M | Scene, ViewLayer | Synchronizing object | Mesh145
Fra:21 Mem:60.26M (Peak 143.53M) | Time:00:00.03 | Mem:0.00M, Peak:0.00M | Scene, ViewLayer | Synchronizing object | Mesh144
Fra:21 Mem:60.24M (Peak 143.53M) | Time:00:00.03 | Mem:0.00M, Peak:0.00M | Scene, ViewLayer | Synchronizing object | Mesh31
Fra:21 Mem:60.25M (Peak 143.53M) | Time:00:00.03 | Mem:0.00M, Peak:0.00M | Scene, ViewLayer | Synchronizing object | Mesh143
Fra:21 Mem:60.34M (Peak 143.53M) | Time:00:00.03 | Mem:0.00M, Peak:0.00M | Scene, ViewLayer | Synchronizing object | Mesh142
Fra:21 Mem:60.32M (Peak 143.53M) | Time:00:00.03 | Mem:0.00M, Peak:0.00M | Scene, ViewLayer | Synchronizing object | Mesh32
Fra:21 Mem:60.42M (Peak 143.53M) | Time:00:00.03 | Mem:0.00M, Peak:0.00M | Scene, ViewLayer | Synchronizing object | Mesh33
Fra:21 Mem:60.44M (Peak 143.53M) | Time:00:00.03 | Mem:0.00M, Peak:0.00M | Scene, ViewLayer | Synchronizing object | Mesh34
Fra:21 Mem:60.46M (Peak 143.53M) | Time:00:00.03 | Mem:0.00M, Peak:0.00M | Scene, ViewLayer | Synchronizing object | Mesh35
Fra:21 Mem:60.54M (Peak 143.53M) | Time:00:00.03 | Mem:0.00M, Peak:0.00M | Scene, ViewLayer | Synchronizing object | Mesh141
Fra:21 Mem:60.50M (Peak 143.53M) | Time:00:00.03 | Mem:0.00M, Peak:0.00M | Scene, ViewLayer | Synchronizing object | Mesh36
Fra:21 Mem:60.67M (Peak 143.53M) | Time:00:00.03 | Mem:0.00M, Peak:0.00M | Scene, ViewLayer | Synchronizing object | Mesh140
Fra:21 Mem:60.65M (Peak 143.53M) | Time:00:00.03 | Mem:0.00M, Peak:0.00M | Scene, ViewLayer | Synchronizing object | Mesh37
Fra:21 Mem:60.71M (Peak 143.53M) | Time:00:00.03 | Mem:0.00M, Peak:0.00M | Scene, ViewLayer | Synchronizing object | Mesh38
Fra:21 Mem:60.72M (Peak 143.53M) | Time:00:00.03 | Mem:0.00M, Peak:0.00M | Scene, ViewLayer | Synchronizing object | Mesh39
Fra:21 Mem:60.82M (Peak 143.53M) | Time:00:00.03 | Mem:0.00M, Peak:0.00M | Scene, ViewLayer | Synchronizing object | Mesh40
Fra:21 Mem:60.74M (Peak 143.53M) | Time:00:00.03 | Mem:0.00M, Peak:0.00M | Scene, ViewLayer | Synchronizing object | Mesh41
Fra:21 Mem:60.74M (Peak 143.53M) | Time:00:00.03 | Mem:0.00M, Peak:0.00M | Scene, ViewLayer | Synchronizing object | Mesh139
Fra:21 Mem:60.78M (Peak 143.53M) | Time:00:00.03 | Mem:0.00M, Peak:0.00M | Scene, ViewLayer | Synchronizing object | Mesh138
Fra:21 Mem:60.93M (Peak 143.53M) | Time:00:00.03 | Mem:0.00M, Peak:0.00M | Scene, ViewLayer | Synchronizing object | Mesh137
Fra:21 Mem:60.98M (Peak 143.53M) | Time:00:00.03 | Mem:0.00M, Peak:0.00M | Scene, ViewLayer | Synchronizing object | Mesh42
Fra:21 Mem:61.15M (Peak 143.53M) | Time:00:00.03 | Mem:0.00M, Peak:0.00M | Scene, ViewLayer | Synchronizing object | Mesh43
Fra:21 Mem:61.18M (Peak 143.53M) | Time:00:00.03 | Mem:0.00M, Peak:0.00M | Scene, ViewLayer | Synchronizing object | Mesh44
Fra:21 Mem:61.10M (Peak 143.53M) | Time:00:00.03 | Mem:0.00M, Peak:0.00M | Scene, ViewLayer | Synchronizing object | Mesh45
Fra:21 Mem:61.09M (Peak 143.53M) | Time:00:00.03 | Mem:0.00M, Peak:0.00M | Scene, ViewLayer | Synchronizing object | Mesh136
Fra:21 Mem:61.09M (Peak 143.53M) | Time:00:00.03 | Mem:0.00M, Peak:0.00M | Scene, ViewLayer | Synchronizing object | Mesh135
Fra:21 Mem:61.10M (Peak 143.53M) | Time:00:00.03 | Mem:0.00M, Peak:0.00M | Scene, ViewLayer | Synchronizing object | Mesh46
Fra:21 Mem:61.14M (Peak 143.53M) | Time:00:00.03 | Mem:0.00M, Peak:0.00M | Scene, ViewLayer | Synchronizing object | Mesh47
Fra:21 Mem:61.17M (Peak 143.53M) | Time:00:00.03 | Mem:0.00M, Peak:0.00M | Scene, ViewLayer | Synchronizing object | Mesh48
Fra:21 Mem:61.25M (Peak 143.53M) | Time:00:00.03 | Mem:0.00M, Peak:0.00M | Scene, ViewLayer | Synchronizing object | Mesh49
Fra:21 Mem:61.29M (Peak 143.53M) | Time:00:00.03 | Mem:0.00M, Peak:0.00M | Scene, ViewLayer | Synchronizing object | Mesh50
Fra:21 Mem:61.31M (Peak 143.53M) | Time:00:00.03 | Mem:0.00M, Peak:0.00M | Scene, ViewLayer | Synchronizing object | Mesh51
Fra:21 Mem:61.31M (Peak 143.53M) | Time:00:00.03 | Mem:0.00M, Peak:0.00M | Scene, ViewLayer | Synchronizing object | Mesh52
Fra:21 Mem:61.32M (Peak 143.53M) | Time:00:00.03 | Mem:0.00M, Peak:0.00M | Scene, ViewLayer | Synchronizing object | Mesh53
Fra:21 Mem:61.33M (Peak 143.53M) | Time:00:00.03 | Mem:0.00M, Peak:0.00M | Scene, ViewLayer | Synchronizing object | Mesh54
Fra:21 Mem:61.34M (Peak 143.53M) | Time:00:00.03 | Mem:0.00M, Peak:0.00M | Scene, ViewLayer | Synchronizing object | Mesh55
Fra:21 Mem:61.36M (Peak 143.53M) | Time:00:00.03 | Mem:0.00M, Peak:0.00M | Scene, ViewLayer | Synchronizing object | Mesh56
Fra:21 Mem:61.36M (Peak 143.53M) | Time:00:00.03 | Mem:0.00M, Peak:0.00M | Scene, ViewLayer | Synchronizing object | Mesh57
Fra:21 Mem:61.44M (Peak 143.53M) | Time:00:00.03 | Mem:0.00M, Peak:0.00M | Scene, ViewLayer | Synchronizing object | Mesh58
Fra:21 Mem:61.47M (Peak 143.53M) | Time:00:00.03 | Mem:0.00M, Peak:0.00M | Scene, ViewLayer | Synchronizing object | Mesh59
Fra:21 Mem:61.46M (Peak 143.53M) | Time:00:00.03 | Mem:0.00M, Peak:0.00M | Scene, ViewLayer | Synchronizing object | Mesh134
Fra:21 Mem:61.50M (Peak 143.53M) | Time:00:00.03 | Mem:0.00M, Peak:0.00M | Scene, ViewLayer | Synchronizing object | Mesh133
Fra:21 Mem:61.49M (Peak 143.53M) | Time:00:00.03 | Mem:0.00M, Peak:0.00M | Scene, ViewLayer | Synchronizing object | Mesh132
Fra:21 Mem:61.49M (Peak 143.53M) | Time:00:00.03 | Mem:0.00M, Peak:0.00M | Scene, ViewLayer | Synchronizing object | Mesh60
Fra:21 Mem:61.62M (Peak 143.53M) | Time:00:00.03 | Mem:0.00M, Peak:0.00M | Scene, ViewLayer | Synchronizing object | Mesh61
Fra:21 Mem:61.77M (Peak 143.53M) | Time:00:00.03 | Mem:0.00M, Peak:0.00M | Scene, ViewLayer | Synchronizing object | Mesh131
Fra:21 Mem:61.77M (Peak 143.53M) | Time:00:00.03 | Mem:0.00M, Peak:0.00M | Scene, ViewLayer | Synchronizing object | Mesh130
Fra:21 Mem:61.77M (Peak 143.53M) | Time:00:00.03 | Mem:0.00M, Peak:0.00M | Scene, ViewLayer | Synchronizing object | Mesh129
Fra:21 Mem:61.77M (Peak 143.53M) | Time:00:00.03 | Mem:0.00M, Peak:0.00M | Scene, ViewLayer | Synchronizing object | Mesh128
Fra:21 Mem:61.77M (Peak 143.53M) | Time:00:00.03 | Mem:0.00M, Peak:0.00M | Scene, ViewLayer | Synchronizing object | Mesh127
Fra:21 Mem:61.78M (Peak 143.53M) | Time:00:00.03 | Mem:0.00M, Peak:0.00M | Scene, ViewLayer | Synchronizing object | Mesh126
Fra:21 Mem:61.82M (Peak 143.53M) | Time:00:00.03 | Mem:0.00M, Peak:0.00M | Scene, ViewLayer | Synchronizing object | Mesh125
Fra:21 Mem:61.94M (Peak 143.53M) | Time:00:00.03 | Mem:0.00M, Peak:0.00M | Scene, ViewLayer | Synchronizing object | Mesh124
Fra:21 Mem:61.94M (Peak 143.53M) | Time:00:00.03 | Mem:0.00M, Peak:0.00M | Scene, ViewLayer | Synchronizing object | Mesh123
Fra:21 Mem:61.95M (Peak 143.53M) | Time:00:00.03 | Mem:0.00M, Peak:0.00M | Scene, ViewLayer | Synchronizing object | Mesh122
Fra:21 Mem:61.96M (Peak 143.53M) | Time:00:00.03 | Mem:0.00M, Peak:0.00M | Scene, ViewLayer | Synchronizing object | Mesh121
Fra:21 Mem:61.91M (Peak 143.53M) | Time:00:00.03 | Mem:0.00M, Peak:0.00M | Scene, ViewLayer | Synchronizing object | Mesh120
Fra:21 Mem:61.82M (Peak 143.53M) | Time:00:00.03 | Mem:0.00M, Peak:0.00M | Scene, ViewLayer | Synchronizing object | Mesh119
Fra:21 Mem:61.79M (Peak 143.53M) | Time:00:00.03 | Mem:0.00M, Peak:0.00M | Scene, ViewLayer | Synchronizing object | Mesh62
Fra:21 Mem:61.90M (Peak 143.53M) | Time:00:00.03 | Mem:0.00M, Peak:0.00M | Scene, ViewLayer | Synchronizing object | Mesh63
Fra:21 Mem:61.96M (Peak 143.53M) | Time:00:00.03 | Mem:0.00M, Peak:0.00M | Scene, ViewLayer | Synchronizing object | Mesh64
Fra:21 Mem:62.06M (Peak 143.53M) | Time:00:00.03 | Mem:0.00M, Peak:0.00M | Scene, ViewLayer | Synchronizing object | Mesh65
Fra:21 Mem:62.19M (Peak 143.53M) | Time:00:00.03 | Mem:0.00M, Peak:0.00M | Scene, ViewLayer | Synchronizing object | Mesh66
Fra:21 Mem:62.20M (Peak 143.53M) | Time:00:00.03 | Mem:0.00M, Peak:0.00M | Scene, ViewLayer | Synchronizing object | Mesh67
Fra:21 Mem:62.28M (Peak 143.53M) | Time:00:00.03 | Mem:0.00M, Peak:0.00M | Scene, ViewLayer | Synchronizing object | Mesh118
Fra:21 Mem:62.28M (Peak 143.53M) | Time:00:00.03 | Mem:0.00M, Peak:0.00M | Scene, ViewLayer | Synchronizing object | Mesh117
Fra:21 Mem:62.48M (Peak 143.53M) | Time:00:00.03 | Mem:0.00M, Peak:0.00M | Scene, ViewLayer | Synchronizing object | Mesh116
Fra:21 Mem:62.48M (Peak 143.53M) | Time:00:00.03 | Mem:0.00M, Peak:0.00M | Scene, ViewLayer | Synchronizing object | Mesh115
Fra:21 Mem:62.60M (Peak 143.53M) | Time:00:00.03 | Mem:0.00M, Peak:0.00M | Scene, ViewLayer | Synchronizing object | Mesh68
Fra:21 Mem:62.66M (Peak 143.53M) | Time:00:00.03 | Mem:0.00M, Peak:0.00M | Scene, ViewLayer | Synchronizing object | Mesh114
Fra:21 Mem:62.72M (Peak 143.53M) | Time:00:00.03 | Mem:0.00M, Peak:0.00M | Scene, ViewLayer | Synchronizing object | Mesh69
Fra:21 Mem:62.68M (Peak 143.53M) | Time:00:00.03 | Mem:0.00M, Peak:0.00M | Scene, ViewLayer | Synchronizing object | Mesh113
Fra:21 Mem:62.80M (Peak 143.53M) | Time:00:00.03 | Mem:0.00M, Peak:0.00M | Scene, ViewLayer | Synchronizing object | Mesh112
Fra:21 Mem:62.92M (Peak 143.53M) | Time:00:00.03 | Mem:0.00M, Peak:0.00M | Scene, ViewLayer | Synchronizing object | Mesh111
Fra:21 Mem:63.26M (Peak 143.53M) | Time:00:00.04 | Mem:0.00M, Peak:0.00M | Scene, ViewLayer | Synchronizing object | Mesh110
Fra:21 Mem:63.04M (Peak 143.53M) | Time:00:00.04 | Mem:0.00M, Peak:0.00M | Scene, ViewLayer | Synchronizing object | Mesh70
Fra:21 Mem:63.02M (Peak 143.53M) | Time:00:00.04 | Mem:0.00M, Peak:0.00M | Scene, ViewLayer | Synchronizing object | Mesh109
Fra:21 Mem:63.22M (Peak 143.53M) | Time:00:00.04 | Mem:0.00M, Peak:0.00M | Scene, ViewLayer | Synchronizing object | Mesh108
Fra:21 Mem:63.28M (Peak 143.53M) | Time:00:00.04 | Mem:0.00M, Peak:0.00M | Scene, ViewLayer | Synchronizing object | Mesh72
Fra:21 Mem:63.52M (Peak 143.53M) | Time:00:00.04 | Mem:0.00M, Peak:0.00M | Scene, ViewLayer | Synchronizing object | Mesh73
Fra:21 Mem:63.54M (Peak 143.53M) | Time:00:00.04 | Mem:0.00M, Peak:0.00M | Scene, ViewLayer | Synchronizing object | Mesh74
Fra:21 Mem:63.55M (Peak 143.53M) | Time:00:00.04 | Mem:0.00M, Peak:0.00M | Scene, ViewLayer | Synchronizing object | Mesh75
Fra:21 Mem:63.56M (Peak 143.53M) | Time:00:00.04 | Mem:0.00M, Peak:0.00M | Scene, ViewLayer | Synchronizing object | Mesh76
Fra:21 Mem:63.61M (Peak 143.53M) | Time:00:00.04 | Mem:0.00M, Peak:0.00M | Scene, ViewLayer | Synchronizing object | Mesh107
Fra:21 Mem:63.64M (Peak 143.53M) | Time:00:00.04 | Mem:0.00M, Peak:0.00M | Scene, ViewLayer | Synchronizing object | Mesh106
Fra:21 Mem:63.91M (Peak 143.53M) | Time:00:00.04 | Mem:0.00M, Peak:0.00M | Scene, ViewLayer | Synchronizing object | Mesh77
Fra:21 Mem:63.95M (Peak 143.53M) | Time:00:00.04 | Mem:0.00M, Peak:0.00M | Scene, ViewLayer | Synchronizing object | Mesh78
Fra:21 Mem:63.95M (Peak 143.53M) | Time:00:00.04 | Mem:0.00M, Peak:0.00M | Scene, ViewLayer | Synchronizing object | Mesh79
Fra:21 Mem:63.98M (Peak 143.53M) | Time:00:00.04 | Mem:0.00M, Peak:0.00M | Scene, ViewLayer | Synchronizing object | Mesh80
Fra:21 Mem:63.98M (Peak 143.53M) | Time:00:00.04 | Mem:0.00M, Peak:0.00M | Scene, ViewLayer | Synchronizing object | Mesh81
Fra:21 Mem:64.15M (Peak 143.53M) | Time:00:00.04 | Mem:0.00M, Peak:0.00M | Scene, ViewLayer | Synchronizing object | Mesh82
Fra:21 Mem:64.17M (Peak 143.53M) | Time:00:00.04 | Mem:0.00M, Peak:0.00M | Scene, ViewLayer | Synchronizing object | Mesh105
Fra:21 Mem:64.32M (Peak 143.53M) | Time:00:00.05 | Mem:0.00M, Peak:0.00M | Scene, ViewLayer | Synchronizing object | Mesh104
Fra:21 Mem:64.33M (Peak 143.53M) | Time:00:00.05 | Mem:0.00M, Peak:0.00M | Scene, ViewLayer | Synchronizing object | Mesh103
Fra:21 Mem:64.36M (Peak 143.53M) | Time:00:00.05 | Mem:0.00M, Peak:0.00M | Scene, ViewLayer | Synchronizing object | Mesh102
Fra:21 Mem:64.36M (Peak 143.53M) | Time:00:00.05 | Mem:0.00M, Peak:0.00M | Scene, ViewLayer | Synchronizing object | Mesh101
Fra:21 Mem:64.40M (Peak 143.53M) | Time:00:00.05 | Mem:0.00M, Peak:0.00M | Scene, ViewLayer | Synchronizing object | Mesh100
Fra:21 Mem:64.43M (Peak 143.53M) | Time:00:00.05 | Mem:0.00M, Peak:0.00M | Scene, ViewLayer | Synchronizing object | Mesh83
Fra:21 Mem:64.47M (Peak 143.53M) | Time:00:00.05 | Mem:0.00M, Peak:0.00M | Scene, ViewLayer | Synchronizing object | Mesh84
Fra:21 Mem:64.64M (Peak 143.53M) | Time:00:00.05 | Mem:0.00M, Peak:0.00M | Scene, ViewLayer | Synchronizing object | Mesh85
Fra:21 Mem:64.82M (Peak 143.53M) | Time:00:00.05 | Mem:0.00M, Peak:0.00M | Scene, ViewLayer | Synchronizing object | Mesh86
Fra:21 Mem:64.93M (Peak 143.53M) | Time:00:00.05 | Mem:0.00M, Peak:0.00M | Scene, ViewLayer | Synchronizing object | Mesh87
Fra:21 Mem:64.89M (Peak 143.53M) | Time:00:00.05 | Mem:0.00M, Peak:0.00M | Scene, ViewLayer | Synchronizing object | Mesh99
Fra:21 Mem:64.87M (Peak 143.53M) | Time:00:00.05 | Mem:0.00M, Peak:0.00M | Scene, ViewLayer | Synchronizing object | Mesh88
Fra:21 Mem:64.89M (Peak 143.53M) | Time:00:00.05 | Mem:0.00M, Peak:0.00M | Scene, ViewLayer | Synchronizing object | Mesh89
Fra:21 Mem:64.92M (Peak 143.53M) | Time:00:00.05 | Mem:0.00M, Peak:0.00M | Scene, ViewLayer | Synchronizing object | Mesh90
Fra:21 Mem:64.95M (Peak 143.53M) | Time:00:00.05 | Mem:0.00M, Peak:0.00M | Scene, ViewLayer | Synchronizing object | Mesh91
Fra:21 Mem:64.94M (Peak 143.53M) | Time:00:00.05 | Mem:0.00M, Peak:0.00M | Scene, ViewLayer | Synchronizing object | Mesh92
Fra:21 Mem:64.97M (Peak 143.53M) | Time:00:00.05 | Mem:0.00M, Peak:0.00M | Scene, ViewLayer | Synchronizing object | Mesh93
Fra:21 Mem:65.03M (Peak 143.53M) | Time:00:00.05 | Mem:0.00M, Peak:0.00M | Scene, ViewLayer | Synchronizing object | Mesh94
Fra:21 Mem:64.98M (Peak 143.53M) | Time:00:00.05 | Mem:0.00M, Peak:0.00M | Scene, ViewLayer | Synchronizing object | Mesh98
Fra:21 Mem:64.98M (Peak 143.53M) | Time:00:00.05 | Mem:0.00M, Peak:0.00M | Scene, ViewLayer | Synchronizing object | Mesh95
Fra:21 Mem:65.16M (Peak 143.53M) | Time:00:00.05 | Mem:0.00M, Peak:0.00M | Scene, ViewLayer | Synchronizing object | Mesh97
Fra:21 Mem:65.16M (Peak 143.53M) | Time:00:00.05 | Mem:0.00M, Peak:0.00M | Scene, ViewLayer | Synchronizing object | Mesh96
Fra:21 Mem:65.14M (Peak 143.53M) | Time:00:00.05 | Mem:0.00M, Peak:0.00M | Scene, ViewLayer | Initializing
Fra:21 Mem:56.30M (Peak 143.53M) | Time:00:00.05 | Mem:0.00M, Peak:0.00M | Scene, ViewLayer | Waiting for render to start
Fra:21 Mem:56.31M (Peak 143.53M) | Time:00:00.05 | Mem:0.00M, Peak:0.00M | Scene, ViewLayer | Loading render kernels (may take a few minutes the first time)
Fra:21 Mem:56.31M (Peak 143.53M) | Time:00:00.05 | Mem:0.00M, Peak:0.00M | Scene, ViewLayer | Updating Scene
Fra:21 Mem:56.31M (Peak 143.53M) | Time:00:00.05 | Mem:0.00M, Peak:0.00M | Scene, ViewLayer | Updating Shaders
Fra:21 Mem:56.40M (Peak 143.53M) | Time:00:00.05 | Mem:0.02M, Peak:0.02M | Scene, ViewLayer | Updating Procedurals
Fra:21 Mem:56.40M (Peak 143.53M) | Time:00:00.05 | Mem:0.02M, Peak:0.02M | Scene, ViewLayer | Updating Background
Fra:21 Mem:56.40M (Peak 143.53M) | Time:00:00.05 | Mem:0.02M, Peak:0.02M | Scene, ViewLayer | Updating Camera
Fra:21 Mem:56.40M (Peak 143.53M) | Time:00:00.05 | Mem:0.02M, Peak:0.02M | Scene, ViewLayer | Updating Meshes Flags
Fra:21 Mem:56.40M (Peak 143.53M) | Time:00:00.05 | Mem:0.02M, Peak:0.02M | Scene, ViewLayer | Updating Objects
Fra:21 Mem:56.40M (Peak 143.53M) | Time:00:00.05 | Mem:0.02M, Peak:0.02M | Scene, ViewLayer | Updating Objects | Copying Transformations to device
Fra:21 Mem:56.44M (Peak 143.53M) | Time:00:00.05 | Mem:0.05M, Peak:0.05M | Scene, ViewLayer | Updating Objects | Applying Static Transformations
Fra:21 Mem:56.44M (Peak 143.53M) | Time:00:00.05 | Mem:0.05M, Peak:0.05M | Scene, ViewLayer | Updating Particle Systems
Fra:21 Mem:56.44M (Peak 143.53M) | Time:00:00.05 | Mem:0.05M, Peak:0.05M | Scene, ViewLayer | Updating Particle Systems | Copying Particles to device
Fra:21 Mem:56.44M (Peak 143.53M) | Time:00:00.05 | Mem:0.05M, Peak:0.05M | Scene, ViewLayer | Updating Meshes
Fra:21 Mem:57.55M (Peak 143.53M) | Time:00:00.06 | Mem:0.05M, Peak:0.05M | Scene, ViewLayer | Updating Mesh | Computing attributes
Fra:21 Mem:59.61M (Peak 143.53M) | Time:00:00.06 | Mem:0.07M, Peak:0.07M | Scene, ViewLayer | Updating Mesh | Copying Attributes to device
Fra:21 Mem:59.59M (Peak 143.53M) | Time:00:00.06 | Mem:2.10M, Peak:2.10M | Scene, ViewLayer | Updating Scene BVH | Building
Fra:21 Mem:59.59M (Peak 143.53M) | Time:00:00.06 | Mem:2.10M, Peak:2.10M | Scene, ViewLayer | Updating Scene BVH | Building BVH
Fra:21 Mem:59.59M (Peak 143.53M) | Time:00:00.06 | Mem:4.30M, Peak:4.30M | Scene, ViewLayer | Updating Scene BVH | Building BVH 0%
Fra:21 Mem:59.59M (Peak 143.53M) | Time:00:00.07 | Mem:6.93M, Peak:9.14M | Scene, ViewLayer | Updating Scene BVH | Copying BVH to device
Fra:21 Mem:59.59M (Peak 143.53M) | Time:00:00.07 | Mem:6.93M, Peak:9.14M | Scene, ViewLayer | Updating Mesh | Computing normals
Fra:21 Mem:66.39M (Peak 143.53M) | Time:00:00.07 | Mem:6.93M, Peak:9.14M | Scene, ViewLayer | Updating Mesh | Copying Mesh to device
Fra:21 Mem:66.39M (Peak 143.53M) | Time:00:00.07 | Mem:13.73M, Peak:13.73M | Scene, ViewLayer | Updating Objects Flags
Fra:21 Mem:66.39M (Peak 143.53M) | Time:00:00.07 | Mem:13.73M, Peak:13.73M | Scene, ViewLayer | Updating Primitive Offsets
Fra:21 Mem:66.39M (Peak 143.53M) | Time:00:00.07 | Mem:13.73M, Peak:13.73M | Scene, ViewLayer | Updating Images
Fra:21 Mem:66.39M (Peak 143.53M) | Time:00:00.07 | Mem:13.73M, Peak:13.73M | Scene, ViewLayer | Updating Camera Volume
Fra:21 Mem:66.39M (Peak 143.53M) | Time:00:00.07 | Mem:13.73M, Peak:13.73M | Scene, ViewLayer | Updating Lookup Tables
Fra:21 Mem:66.39M (Peak 143.53M) | Time:00:00.07 | Mem:13.81M, Peak:13.81M | Scene, ViewLayer | Updating Lights
Fra:21 Mem:66.39M (Peak 143.53M) | Time:00:00.07 | Mem:13.81M, Peak:13.81M | Scene, ViewLayer | Updating Lights | Computing tree
Fra:21 Mem:66.39M (Peak 143.53M) | Time:00:00.07 | Mem:13.81M, Peak:13.81M | Scene, ViewLayer | Updating Integrator
Fra:21 Mem:66.39M (Peak 143.53M) | Time:00:00.07 | Mem:13.81M, Peak:13.81M | Scene, ViewLayer | Updating Film
Fra:21 Mem:66.39M (Peak 143.53M) | Time:00:00.07 | Mem:13.73M, Peak:13.81M | Scene, ViewLayer | Updating Lookup Tables
Fra:21 Mem:66.39M (Peak 143.53M) | Time:00:00.07 | Mem:13.82M, Peak:13.82M | Scene, ViewLayer | Updating Baking
Fra:21 Mem:66.39M (Peak 143.53M) | Time:00:00.07 | Mem:13.82M, Peak:13.82M | Scene, ViewLayer | Updating Device | Writing constant memory
Fra:21 Mem:66.40M (Peak 143.53M) | Time:00:00.07 | Mem:13.82M, Peak:13.82M | Scene, ViewLayer | Loading denoising kernels (may take a few minutes the first time)
Fra:21 Mem:66.40M (Peak 143.53M) | Time:00:00.07 | Mem:13.82M, Peak:13.82M | Scene, ViewLayer | Sample 0/2
Fra:21 Mem:103.98M (Peak 143.53M) | Time:00:00.13 | Remaining:00:00.05 | Mem:51.39M, Peak:51.39M | Scene, ViewLayer | Sample 1/2
Fra:21 Mem:119.80M (Peak 143.53M) | Time:00:09.27 | Mem:51.39M, Peak:51.39M | Scene, ViewLayer | Sample 2/2
Fra:21 Mem:119.80M (Peak 143.53M) | Time:00:09.27 | Mem:51.39M, Peak:51.39M | Scene, ViewLayer | Finished
Append frame 21
Time: 00:09.32 (Saving: 00:00.05)

Fra:22 Mem:55.82M (Peak 143.53M) | Time:00:00.01 | Mem:0.00M, Peak:0.00M | Scene, ViewLayer | Synchronizing object | Mesh1
Fra:22 Mem:55.86M (Peak 143.53M) | Time:00:00.01 | Mem:0.00M, Peak:0.00M | Scene, ViewLayer | Synchronizing object | Mesh2
Fra:22 Mem:55.93M (Peak 143.53M) | Time:00:00.01 | Mem:0.00M, Peak:0.00M | Scene, ViewLayer | Synchronizing object | Mesh3
Fra:22 Mem:56.01M (Peak 143.53M) | Time:00:00.01 | Mem:0.00M, Peak:0.00M | Scene, ViewLayer | Synchronizing object | Mesh168
Fra:22 Mem:56.03M (Peak 143.53M) | Time:00:00.01 | Mem:0.00M, Peak:0.00M | Scene, ViewLayer | Synchronizing object | Mesh4
Fra:22 Mem:56.08M (Peak 143.53M) | Time:00:00.01 | Mem:0.00M, Peak:0.00M | Scene, ViewLayer | Synchronizing object | Mesh5
Fra:22 Mem:56.15M (Peak 143.53M) | Time:00:00.01 | Mem:0.00M, Peak:0.00M | Scene, ViewLayer | Synchronizing object | Mesh6
Fra:22 Mem:56.20M (Peak 143.53M) | Time:00:00.01 | Mem:0.00M, Peak:0.00M | Scene, ViewLayer | Synchronizing object | Mesh167
Fra:22 Mem:56.78M (Peak 143.53M) | Time:00:00.01 | Mem:0.00M, Peak:0.00M | Scene, ViewLayer | Synchronizing object | Mesh7
Fra:22 Mem:57.65M (Peak 143.53M) | Time:00:00.02 | Mem:0.00M, Peak:0.00M | Scene, ViewLayer | Synchronizing object | Mesh166
Fra:22 Mem:57.72M (Peak 143.53M) | Time:00:00.02 | Mem:0.00M, Peak:0.00M | Scene, ViewLayer | Synchronizing object | Mesh165
Fra:22 Mem:57.74M (Peak 143.53M) | Time:00:00.02 | Mem:0.00M, Peak:0.00M | Scene, ViewLayer | Synchronizing object | Mesh164
Fra:22 Mem:57.75M (Peak 143.53M) | Time:00:00.02 | Mem:0.00M, Peak:0.00M | Scene, ViewLayer | Synchronizing object | Mesh163
Fra:22 Mem:57.84M (Peak 143.53M) | Time:00:00.02 | Mem:0.00M, Peak:0.00M | Scene, ViewLayer | Synchronizing object | Mesh162
Fra:22 Mem:57.65M (Peak 143.53M) | Time:00:00.02 | Mem:0.00M, Peak:0.00M | Scene, ViewLayer | Synchronizing object | Mesh8
Fra:22 Mem:57.84M (Peak 143.53M) | Time:00:00.02 | Mem:0.00M, Peak:0.00M | Scene, ViewLayer | Synchronizing object | Mesh9
Fra:22 Mem:57.80M (Peak 143.53M) | Time:00:00.02 | Mem:0.00M, Peak:0.00M | Scene, ViewLayer | Synchronizing object | Mesh161
Fra:22 Mem:57.82M (Peak 143.53M) | Time:00:00.02 | Mem:0.00M, Peak:0.00M | Scene, ViewLayer | Synchronizing object | Mesh10
Fra:22 Mem:57.89M (Peak 143.53M) | Time:00:00.02 | Mem:0.00M, Peak:0.00M | Scene, ViewLayer | Synchronizing object | Mesh160
Fra:22 Mem:57.91M (Peak 143.53M) | Time:00:00.02 | Mem:0.00M, Peak:0.00M | Scene, ViewLayer | Synchronizing object | Mesh11
Fra:22 Mem:57.90M (Peak 143.53M) | Time:00:00.02 | Mem:0.00M, Peak:0.00M | Scene, ViewLayer | Synchronizing object | Mesh159
Fra:22 Mem:58.01M (Peak 143.53M) | Time:00:00.02 | Mem:0.00M, Peak:0.00M | Scene, ViewLayer | Synchronizing object | Mesh12
Fra:22 Mem:58.18M (Peak 143.53M) | Time:00:00.02 | Mem:0.00M, Peak:0.00M | Scene, ViewLayer | Synchronizing object | Mesh13
Fra:22 Mem:58.21M (Peak 143.53M) | Time:00:00.02 | Mem:0.00M, Peak:0.00M | Scene, ViewLayer | Synchronizing object | Mesh14
Fra:22 Mem:58.42M (Peak 143.53M) | Time:00:00.02 | Mem:0.00M, Peak:0.00M | Scene, ViewLayer | Synchronizing object | Mesh15
Fra:22 Mem:59.56M (Peak 143.53M) | Time:00:00.02 | Mem:0.00M, Peak:0.00M | Scene, ViewLayer | Synchronizing object | Mesh158
Fra:22 Mem:59.51M (Peak 143.53M) | Time:00:00.02 | Mem:0.00M, Peak:0.00M | Scene, ViewLayer | Synchronizing object | Mesh16
Fra:22 Mem:59.62M (Peak 143.53M) | Time:00:00.02 | Mem:0.00M, Peak:0.00M | Scene, ViewLayer | Synchronizing object | Mesh17
Fra:22 Mem:59.52M (Peak 143.53M) | Time:00:00.02 | Mem:0.00M, Peak:0.00M | Scene, ViewLayer | Synchronizing object | Mesh157
Fra:22 Mem:59.54M (Peak 143.53M) | Time:00:00.02 | Mem:0.00M, Peak:0.00M | Scene, ViewLayer | Synchronizing object | Mesh156
Fra:22 Mem:59.55M (Peak 143.53M) | Time:00:00.02 | Mem:0.00M, Peak:0.00M | Scene, ViewLayer | Synchronizing object | Mesh155
Fra:22 Mem:59.59M (Peak 143.53M) | Time:00:00.02 | Mem:0.00M, Peak:0.00M | Scene, ViewLayer | Synchronizing object | Mesh18
Fra:22 Mem:59.70M (Peak 143.53M) | Time:00:00.02 | Mem:0.00M, Peak:0.00M | Scene, ViewLayer | Synchronizing object | Mesh154
Fra:22 Mem:59.69M (Peak 143.53M) | Time:00:00.02 | Mem:0.00M, Peak:0.00M | Scene, ViewLayer | Synchronizing object | Mesh19
Fra:22 Mem:59.72M (Peak 143.53M) | Time:00:00.02 | Mem:0.00M, Peak:0.00M | Scene, ViewLayer | Synchronizing object | Mesh20
Fra:22 Mem:59.93M (Peak 143.53M) | Time:00:00.03 | Mem:0.00M, Peak:0.00M | Scene, ViewLayer | Synchronizing object | Mesh153
Fra:22 Mem:59.86M (Peak 143.53M) | Time:00:00.03 | Mem:0.00M, Peak:0.00M | Scene, ViewLayer | Synchronizing object | Mesh21
Fra:22 Mem:59.86M (Peak 143.53M) | Time:00:00.03 | Mem:0.00M, Peak:0.00M | Scene, ViewLayer | Synchronizing object | Mesh152
Fra:22 Mem:59.86M (Peak 143.53M) | Time:00:00.03 | Mem:0.00M, Peak:0.00M | Scene, ViewLayer | Synchronizing object | Mesh22
Fra:22 Mem:59.87M (Peak 143.53M) | Time:00:00.03 | Mem:0.00M, Peak:0.00M | Scene, ViewLayer | Synchronizing object | Mesh151
Fra:22 Mem:59.93M (Peak 143.53M) | Time:00:00.03 | Mem:0.00M, Peak:0.00M | Scene, ViewLayer | Synchronizing object | Mesh150
Fra:22 Mem:59.94M (Peak 143.53M) | Time:00:00.03 | Mem:0.00M, Peak:0.00M | Scene, ViewLayer | Synchronizing object | Mesh149
Fra:22 Mem:59.97M (Peak 143.53M) | Time:00:00.03 | Mem:0.00M, Peak:0.00M | Scene, ViewLayer | Synchronizing object | Mesh148
Fra:22 Mem:60.01M (Peak 143.53M) | Time:00:00.03 | Mem:0.00M, Peak:0.00M | Scene, ViewLayer | Synchronizing object | Mesh23
Fra:22 Mem:60.01M (Peak 143.53M) | Time:00:00.03 | Mem:0.00M, Peak:0.00M | Scene, ViewLayer | Synchronizing object | Mesh147
Fra:22 Mem:60.04M (Peak 143.53M) | Time:00:00.03 | Mem:0.00M, Peak:0.00M | Scene, ViewLayer | Synchronizing object | Mesh24
Fra:22 Mem:60.06M (Peak 143.53M) | Time:00:00.03 | Mem:0.00M, Peak:0.00M | Scene, ViewLayer | Synchronizing object | Mesh146
Fra:22 Mem:60.05M (Peak 143.53M) | Time:00:00.03 | Mem:0.00M, Peak:0.00M | Scene, ViewLayer | Synchronizing object | Mesh25
Fra:22 Mem:60.06M (Peak 143.53M) | Time:00:00.03 | Mem:0.00M, Peak:0.00M | Scene, ViewLayer | Synchronizing object | Mesh145
Fra:22 Mem:60.12M (Peak 143.53M) | Time:00:00.03 | Mem:0.00M, Peak:0.00M | Scene, ViewLayer | Synchronizing object | Mesh144
Fra:22 Mem:60.14M (Peak 143.53M) | Time:00:00.03 | Mem:0.00M, Peak:0.00M | Scene, ViewLayer | Synchronizing object | Mesh143
Fra:22 Mem:60.15M (Peak 143.53M) | Time:00:00.03 | Mem:0.00M, Peak:0.00M | Scene, ViewLayer | Synchronizing object | Mesh142
Fra:22 Mem:60.29M (Peak 143.53M) | Time:00:00.03 | Mem:0.00M, Peak:0.00M | Scene, ViewLayer | Synchronizing object | Mesh26
Fra:22 Mem:60.22M (Peak 143.53M) | Time:00:00.03 | Mem:0.00M, Peak:0.00M | Scene, ViewLayer | Synchronizing object | Mesh27
Fra:22 Mem:60.24M (Peak 143.53M) | Time:00:00.03 | Mem:0.00M, Peak:0.00M | Scene, ViewLayer | Synchronizing object | Mesh141
Fra:22 Mem:60.24M (Peak 143.53M) | Time:00:00.03 | Mem:0.00M, Peak:0.00M | Scene, ViewLayer | Synchronizing object | Mesh28
Fra:22 Mem:60.27M (Peak 143.53M) | Time:00:00.03 | Mem:0.00M, Peak:0.00M | Scene, ViewLayer | Synchronizing object | Mesh29
Fra:22 Mem:60.29M (Peak 143.53M) | Time:00:00.03 | Mem:0.00M, Peak:0.00M | Scene, ViewLayer | Synchronizing object | Mesh30
Fra:22 Mem:60.40M (Peak 143.53M) | Time:00:00.03 | Mem:0.00M, Peak:0.00M | Scene, ViewLayer | Synchronizing object | Mesh31
Fra:22 Mem:60.41M (Peak 143.53M) | Time:00:00.03 | Mem:0.00M, Peak:0.00M | Scene, ViewLayer | Synchronizing object | Mesh140
Fra:22 Mem:60.42M (Peak 143.53M) | Time:00:00.03 | Mem:0.00M, Peak:0.00M | Scene, ViewLayer | Synchronizing object | Mesh32
Fra:22 Mem:60.54M (Peak 143.53M) | Time:00:00.03 | Mem:0.00M, Peak:0.00M | Scene, ViewLayer | Synchronizing object | Mesh33
Fra:22 Mem:60.56M (Peak 143.53M) | Time:00:00.03 | Mem:0.00M, Peak:0.00M | Scene, ViewLayer | Synchronizing object | Mesh34
Fra:22 Mem:60.54M (Peak 143.53M) | Time:00:00.03 | Mem:0.00M, Peak:0.00M | Scene, ViewLayer | Synchronizing object | Mesh35
Fra:22 Mem:60.63M (Peak 143.53M) | Time:00:00.03 | Mem:0.00M, Peak:0.00M | Scene, ViewLayer | Synchronizing object | Mesh139
Fra:22 Mem:60.62M (Peak 143.53M) | Time:00:00.03 | Mem:0.00M, Peak:0.00M | Scene, ViewLayer | Synchronizing object | Mesh138
Fra:22 Mem:60.67M (Peak 143.53M) | Time:00:00.03 | Mem:0.00M, Peak:0.00M | Scene, ViewLayer | Synchronizing object | Mesh36
Fra:22 Mem:60.79M (Peak 143.53M) | Time:00:00.03 | Mem:0.00M, Peak:0.00M | Scene, ViewLayer | Synchronizing object | Mesh137
Fra:22 Mem:60.89M (Peak 143.53M) | Time:00:00.03 | Mem:0.00M, Peak:0.00M | Scene, ViewLayer | Synchronizing object | Mesh37
Fra:22 Mem:60.85M (Peak 143.53M) | Time:00:00.03 | Mem:0.00M, Peak:0.00M | Scene, ViewLayer | Synchronizing object | Mesh136
Fra:22 Mem:60.85M (Peak 143.53M) | Time:00:00.03 | Mem:0.00M, Peak:0.00M | Scene, ViewLayer | Synchronizing object | Mesh135
Fra:22 Mem:60.93M (Peak 143.53M) | Time:00:00.03 | Mem:0.00M, Peak:0.00M | Scene, ViewLayer | Synchronizing object | Mesh38
Fra:22 Mem:60.87M (Peak 143.53M) | Time:00:00.03 | Mem:0.00M, Peak:0.00M | Scene, ViewLayer | Synchronizing object | Mesh134
Fra:22 Mem:60.87M (Peak 143.53M) | Time:00:00.03 | Mem:0.00M, Peak:0.00M | Scene, ViewLayer | Synchronizing object | Mesh39
Fra:22 Mem:60.96M (Peak 143.53M) | Time:00:00.03 | Mem:0.00M, Peak:0.00M | Scene, ViewLayer | Synchronizing object | Mesh133
Fra:22 Mem:60.98M (Peak 143.53M) | Time:00:00.03 | Mem:0.00M, Peak:0.00M | Scene, ViewLayer | Synchronizing object | Mesh132
Fra:22 Mem:60.97M (Peak 143.53M) | Time:00:00.03 | Mem:0.00M, Peak:0.00M | Scene, ViewLayer | Synchronizing object | Mesh40
Fra:22 Mem:61.03M (Peak 143.53M) | Time:00:00.03 | Mem:0.00M, Peak:0.00M | Scene, ViewLayer | Synchronizing object | Mesh41
Fra:22 Mem:61.01M (Peak 143.53M) | Time:00:00.03 | Mem:0.00M, Peak:0.00M | Scene, ViewLayer | Synchronizing object | Mesh131
Fra:22 Mem:61.06M (Peak 143.53M) | Time:00:00.03 | Mem:0.00M, Peak:0.00M | Scene, ViewLayer | Synchronizing object | Mesh130
Fra:22 Mem:61.06M (Peak 143.53M) | Time:00:00.03 | Mem:0.00M, Peak:0.00M | Scene, ViewLayer | Synchronizing object | Mesh129
Fra:22 Mem:61.14M (Peak 143.53M) | Time:00:00.03 | Mem:0.00M, Peak:0.00M | Scene, ViewLayer | Synchronizing object | Mesh128
Fra:22 Mem:61.14M (Peak 143.53M) | Time:00:00.03 | Mem:0.00M, Peak:0.00M | Scene, ViewLayer | Synchronizing object | Mesh127
Fra:22 Mem:61.15M (Peak 143.53M) | Time:00:00.03 | Mem:0.00M, Peak:0.00M | Scene, ViewLayer | Synchronizing object | Mesh126
Fra:22 Mem:61.14M (Peak 143.53M) | Time:00:00.03 | Mem:0.00M, Peak:0.00M | Scene, ViewLayer | Synchronizing object | Mesh125
Fra:22 Mem:61.07M (Peak 143.53M) | Time:00:00.03 | Mem:0.00M, Peak:0.00M | Scene, ViewLayer | Synchronizing object | Mesh42
Fra:22 Mem:61.13M (Peak 143.53M) | Time:00:00.03 | Mem:0.00M, Peak:0.00M | Scene, ViewLayer | Synchronizing object | Mesh124
Fra:22 Mem:61.16M (Peak 143.53M) | Time:00:00.03 | Mem:0.00M, Peak:0.00M | Scene, ViewLayer | Synchronizing object | Mesh123
Fra:22 Mem:61.19M (Peak 143.53M) | Time:00:00.03 | Mem:0.00M, Peak:0.00M | Scene, ViewLayer | Synchronizing object | Mesh122
Fra:22 Mem:61.18M (Peak 143.53M) | Time:00:00.03 | Mem:0.00M, Peak:0.00M | Scene, ViewLayer | Synchronizing object | Mesh43
Fra:22 Mem:61.18M (Peak 143.53M) | Time:00:00.03 | Mem:0.00M, Peak:0.00M | Scene, ViewLayer | Synchronizing object | Mesh121
Fra:22 Mem:61.22M (Peak 143.53M) | Time:00:00.03 | Mem:0.00M, Peak:0.00M | Scene, ViewLayer | Synchronizing object | Mesh120
Fra:22 Mem:61.23M (Peak 143.53M) | Time:00:00.03 | Mem:0.00M, Peak:0.00M | Scene, ViewLayer | Synchronizing object | Mesh44
Fra:22 Mem:61.22M (Peak 143.53M) | Time:00:00.03 | Mem:0.00M, Peak:0.00M | Scene, ViewLayer | Synchronizing object | Mesh119
Fra:22 Mem:61.26M (Peak 143.53M) | Time:00:00.03 | Mem:0.00M, Peak:0.00M | Scene, ViewLayer | Synchronizing object | Mesh45
Fra:22 Mem:61.35M (Peak 143.53M) | Time:00:00.03 | Mem:0.00M, Peak:0.00M | Scene, ViewLayer | Synchronizing object | Mesh46
Fra:22 Mem:61.36M (Peak 143.53M) | Time:00:00.03 | Mem:0.00M, Peak:0.00M | Scene, ViewLayer | Synchronizing object | Mesh47
Fra:22 Mem:61.39M (Peak 143.53M) | Time:00:00.03 | Mem:0.00M, Peak:0.00M | Scene, ViewLayer | Synchronizing object | Mesh48
Fra:22 Mem:61.45M (Peak 143.53M) | Time:00:00.03 | Mem:0.00M, Peak:0.00M | Scene, ViewLayer | Synchronizing object | Mesh49
Fra:22 Mem:61.56M (Peak 143.53M) | Time:00:00.03 | Mem:0.00M, Peak:0.00M | Scene, ViewLayer | Synchronizing object | Mesh50
Fra:22 Mem:61.57M (Peak 143.53M) | Time:00:00.03 | Mem:0.00M, Peak:0.00M | Scene, ViewLayer | Synchronizing object | Mesh51
Fra:22 Mem:61.58M (Peak 143.53M) | Time:00:00.03 | Mem:0.00M, Peak:0.00M | Scene, ViewLayer | Synchronizing object | Mesh52
Fra:22 Mem:61.59M (Peak 143.53M) | Time:00:00.03 | Mem:0.00M, Peak:0.00M | Scene, ViewLayer | Synchronizing object | Mesh53
Fra:22 Mem:61.60M (Peak 143.53M) | Time:00:00.03 | Mem:0.00M, Peak:0.00M | Scene, ViewLayer | Synchronizing object | Mesh54
Fra:22 Mem:61.47M (Peak 143.53M) | Time:00:00.03 | Mem:0.00M, Peak:0.00M | Scene, ViewLayer | Synchronizing object | Mesh55
Fra:22 Mem:61.49M (Peak 143.53M) | Time:00:00.03 | Mem:0.00M, Peak:0.00M | Scene, ViewLayer | Synchronizing object | Mesh56
Fra:22 Mem:61.49M (Peak 143.53M) | Time:00:00.03 | Mem:0.00M, Peak:0.00M | Scene, ViewLayer | Synchronizing object | Mesh57
Fra:22 Mem:61.58M (Peak 143.53M) | Time:00:00.03 | Mem:0.00M, Peak:0.00M | Scene, ViewLayer | Synchronizing object | Mesh117
Fra:22 Mem:61.60M (Peak 143.53M) | Time:00:00.03 | Mem:0.00M, Peak:0.00M | Scene, ViewLayer | Synchronizing object | Mesh58
Fra:22 Mem:61.60M (Peak 143.53M) | Time:00:00.03 | Mem:0.00M, Peak:0.00M | Scene, ViewLayer | Synchronizing object | Mesh116
Fra:22 Mem:61.66M (Peak 143.53M) | Time:00:00.03 | Mem:0.00M, Peak:0.00M | Scene, ViewLayer | Synchronizing object | Mesh115
Fra:22 Mem:61.87M (Peak 143.53M) | Time:00:00.03 | Mem:0.00M, Peak:0.00M | Scene, ViewLayer | Synchronizing object | Mesh59
Fra:22 Mem:62.01M (Peak 143.53M) | Time:00:00.03 | Mem:0.00M, Peak:0.00M | Scene, ViewLayer | Synchronizing object | Mesh60
Fra:22 Mem:62.22M (Peak 143.53M) | Time:00:00.03 | Mem:0.00M, Peak:0.00M | Scene, ViewLayer | Synchronizing object | Mesh61
Fra:22 Mem:62.15M (Peak 143.53M) | Time:00:00.03 | Mem:0.00M, Peak:0.00M | Scene, ViewLayer | Synchronizing object | Mesh114
Fra:22 Mem:62.46M (Peak 143.53M) | Time:00:00.03 | Mem:0.00M, Peak:0.00M | Scene, ViewLayer | Synchronizing object | Mesh113
Fra:22 Mem:62.47M (Peak 143.53M) | Time:00:00.03 | Mem:0.00M, Peak:0.00M | Scene, ViewLayer | Synchronizing object | Mesh112
Fra:22 Mem:62.48M (Peak 143.53M) | Time:00:00.03 | Mem:0.00M, Peak:0.00M | Scene, ViewLayer | Synchronizing object | Mesh111
Fra:22 Mem:62.38M (Peak 143.53M) | Time:00:00.03 | Mem:0.00M, Peak:0.00M | Scene, ViewLayer | Synchronizing object | Mesh62
Fra:22 Mem:62.45M (Peak 143.53M) | Time:00:00.03 | Mem:0.00M, Peak:0.00M | Scene, ViewLayer | Synchronizing object | Mesh63
Fra:22 Mem:62.48M (Peak 143.53M) | Time:00:00.03 | Mem:0.00M, Peak:0.00M | Scene, ViewLayer | Synchronizing object | Mesh64
Fra:22 Mem:62.55M (Peak 143.53M) | Time:00:00.03 | Mem:0.00M, Peak:0.00M | Scene, ViewLayer | Synchronizing object | Mesh65
Fra:22 Mem:62.71M (Peak 143.53M) | Time:00:00.03 | Mem:0.00M, Peak:0.00M | Scene, ViewLayer | Synchronizing object | Mesh66
Fra:22 Mem:62.72M (Peak 143.53M) | Time:00:00.03 | Mem:0.00M, Peak:0.00M | Scene, ViewLayer | Synchronizing object | Mesh67
Fra:22 Mem:62.80M (Peak 143.53M) | Time:00:00.03 | Mem:0.00M, Peak:0.00M | Scene, ViewLayer | Synchronizing object | Mesh110
Fra:22 Mem:62.99M (Peak 143.53M) | Time:00:00.03 | Mem:0.00M, Peak:0.00M | Scene, ViewLayer | Synchronizing object | Mesh109
Fra:22 Mem:62.82M (Peak 143.53M) | Time:00:00.03 | Mem:0.00M, Peak:0.00M | Scene, ViewLayer | Synchronizing object | Mesh108
Fra:22 Mem:62.82M (Peak 143.53M) | Time:00:00.03 | Mem:0.00M, Peak:0.00M | Scene, ViewLayer | Synchronizing object | Mesh68
Fra:22 Mem:62.92M (Peak 143.53M) | Time:00:00.03 | Mem:0.00M, Peak:0.00M | Scene, ViewLayer | Synchronizing object | Mesh107
Fra:22 Mem:62.91M (Peak 143.53M) | Time:00:00.03 | Mem:0.00M, Peak:0.00M | Scene, ViewLayer | Synchronizing object | Mesh69
Fra:22 Mem:62.93M (Peak 143.53M) | Time:00:00.03 | Mem:0.00M, Peak:0.00M | Scene, ViewLayer | Synchronizing object | Mesh106
Fra:22 Mem:63.39M (Peak 143.53M) | Time:00:00.03 | Mem:0.00M, Peak:0.00M | Scene, ViewLayer | Synchronizing object | Mesh70
Fra:22 Mem:63.86M (Peak 143.53M) | Time:00:00.03 | Mem:0.00M, Peak:0.00M | Scene, ViewLayer | Synchronizing object | Mesh71
Fra:22 Mem:63.88M (Peak 143.53M) | Time:00:00.03 | Mem:0.00M, Peak:0.00M | Scene, ViewLayer | Synchronizing object | Mesh72
Fra:22 Mem:64.12M (Peak 143.53M) | Time:00:00.03 | Mem:0.00M, Peak:0.00M | Scene, ViewLayer | Synchronizing object | Mesh105
Fra:22 Mem:64.12M (Peak 143.53M) | Time:00:00.04 | Mem:0.00M, Peak:0.00M | Scene, ViewLayer | Synchronizing object | Mesh73
Fra:22 Mem:63.97M (Peak 143.53M) | Time:00:00.04 | Mem:0.00M, Peak:0.00M | Scene, ViewLayer | Synchronizing object | Mesh74
Fra:22 Mem:63.93M (Peak 143.53M) | Time:00:00.04 | Mem:0.00M, Peak:0.00M | Scene, ViewLayer | Synchronizing object | Mesh104
Fra:22 Mem:63.96M (Peak 143.53M) | Time:00:00.04 | Mem:0.00M, Peak:0.00M | Scene, ViewLayer | Synchronizing object | Mesh75
Fra:22 Mem:63.94M (Peak 143.53M) | Time:00:00.04 | Mem:0.00M, Peak:0.00M | Scene, ViewLayer | Synchronizing object | Mesh103
Fra:22 Mem:63.98M (Peak 143.53M) | Time:00:00.04 | Mem:0.00M, Peak:0.00M | Scene, ViewLayer | Synchronizing object | Mesh76
Fra:22 Mem:64.06M (Peak 143.53M) | Time:00:00.04 | Mem:0.00M, Peak:0.00M | Scene, ViewLayer | Synchronizing object | Mesh102
Fra:22 Mem:64.11M (Peak 143.53M) | Time:00:00.04 | Mem:0.00M, Peak:0.00M | Scene, ViewLayer | Synchronizing object | Mesh101
Fra:22 Mem:64.08M (Peak 143.53M) | Time:00:00.04 | Mem:0.00M, Peak:0.00M | Scene, ViewLayer | Synchronizing object | Mesh77
Fra:22 Mem:64.18M (Peak 143.53M) | Time:00:00.04 | Mem:0.00M, Peak:0.00M | Scene, ViewLayer | Synchronizing object | Mesh100
Fra:22 Mem:64.26M (Peak 143.53M) | Time:00:00.04 | Mem:0.00M, Peak:0.00M | Scene, ViewLayer | Synchronizing object | Mesh78
Fra:22 Mem:64.19M (Peak 143.53M) | Time:00:00.04 | Mem:0.00M, Peak:0.00M | Scene, ViewLayer | Synchronizing object | Mesh79
Fra:22 Mem:64.22M (Peak 143.53M) | Time:00:00.04 | Mem:0.00M, Peak:0.00M | Scene, ViewLayer | Synchronizing object | Mesh80
Fra:22 Mem:64.20M (Peak 143.53M) | Time:00:00.04 | Mem:0.00M, Peak:0.00M | Scene, ViewLayer | Synchronizing object | Mesh81
Fra:22 Mem:64.36M (Peak 143.53M) | Time:00:00.04 | Mem:0.00M, Peak:0.00M | Scene, ViewLayer | Synchronizing object | Mesh82
Fra:22 Mem:64.40M (Peak 143.53M) | Time:00:00.04 | Mem:0.00M, Peak:0.00M | Scene, ViewLayer | Synchronizing object | Mesh83
Fra:22 Mem:64.44M (Peak 143.53M) | Time:00:00.04 | Mem:0.00M, Peak:0.00M | Scene, ViewLayer | Synchronizing object | Mesh84
Fra:22 Mem:64.68M (Peak 143.53M) | Time:00:00.04 | Mem:0.00M, Peak:0.00M | Scene, ViewLayer | Synchronizing object | Mesh85
Fra:22 Mem:64.84M (Peak 143.53M) | Time:00:00.04 | Mem:0.00M, Peak:0.00M | Scene, ViewLayer | Synchronizing object | Mesh86
Fra:22 Mem:64.83M (Peak 143.53M) | Time:00:00.04 | Mem:0.00M, Peak:0.00M | Scene, ViewLayer | Synchronizing object | Mesh98
Fra:22 Mem:64.98M (Peak 143.53M) | Time:00:00.04 | Mem:0.00M, Peak:0.00M | Scene, ViewLayer | Synchronizing object | Mesh97
Fra:22 Mem:64.99M (Peak 143.53M) | Time:00:00.04 | Mem:0.00M, Peak:0.00M | Scene, ViewLayer | Synchronizing object | Mesh96
Fra:22 Mem:65.11M (Peak 143.53M) | Time:00:00.04 | Mem:0.00M, Peak:0.00M | Scene, ViewLayer | Synchronizing object | Mesh87
Fra:22 Mem:65.03M (Peak 143.53M) | Time:00:00.04 | Mem:0.00M, Peak:0.00M | Scene, ViewLayer | Synchronizing object | Mesh88
Fra:22 Mem:65.01M (Peak 143.53M) | Time:00:00.04 | Mem:0.00M, Peak:0.00M | Scene, ViewLayer | Synchronizing object | Mesh95
Fra:22 Mem:65.02M (Peak 143.53M) | Time:00:00.04 | Mem:0.00M, Peak:0.00M | Scene, ViewLayer | Synchronizing object | Mesh89
Fra:22 Mem:65.04M (Peak 143.53M) | Time:00:00.04 | Mem:0.00M, Peak:0.00M | Scene, ViewLayer | Synchronizing object | Mesh90
Fra:22 Mem:65.09M (Peak 143.53M) | Time:00:00.04 | Mem:0.00M, Peak:0.00M | Scene, ViewLayer | Synchronizing object | Mesh91
Fra:22 Mem:65.10M (Peak 143.53M) | Time:00:00.04 | Mem:0.00M, Peak:0.00M | Scene, ViewLayer | Synchronizing object | Mesh92
Fra:22 Mem:65.15M (Peak 143.53M) | Time:00:00.04 | Mem:0.00M, Peak:0.00M | Scene, ViewLayer | Synchronizing object | Mesh93
Fra:22 Mem:65.15M (Peak 143.53M) | Time:00:00.04 | Mem:0.00M, Peak:0.00M | Scene, ViewLayer | Synchronizing object | Mesh94
Fra:22 Mem:65.14M (Peak 143.53M) | Time:00:00.04 | Mem:0.00M, Peak:0.00M | Scene, ViewLayer | Initializing
Fra:22 Mem:56.30M (Peak 143.53M) | Time:00:00.05 | Mem:0.00M, Peak:0.00M | Scene, ViewLayer | Waiting for render to start
Fra:22 Mem:56.31M (Peak 143.53M) | Time:00:00.05 | Mem:0.00M, Peak:0.00M | Scene, ViewLayer | Loading render kernels (may take a few minutes the first time)
Fra:22 Mem:56.31M (Peak 143.53M) | Time:00:00.05 | Mem:0.00M, Peak:0.00M | Scene, ViewLayer | Updating Scene
Fra:22 Mem:56.31M (Peak 143.53M) | Time:00:00.05 | Mem:0.00M, Peak:0.00M | Scene, ViewLayer | Updating Shaders
Fra:22 Mem:56.40M (Peak 143.53M) | Time:00:00.05 | Mem:0.02M, Peak:0.02M | Scene, ViewLayer | Updating Procedurals
Fra:22 Mem:56.40M (Peak 143.53M) | Time:00:00.05 | Mem:0.02M, Peak:0.02M | Scene, ViewLayer | Updating Background
Fra:22 Mem:56.40M (Peak 143.53M) | Time:00:00.05 | Mem:0.02M, Peak:0.02M | Scene, ViewLayer | Updating Camera
Fra:22 Mem:56.40M (Peak 143.53M) | Time:00:00.05 | Mem:0.02M, Peak:0.02M | Scene, ViewLayer | Updating Meshes Flags
Fra:22 Mem:56.40M (Peak 143.53M) | Time:00:00.05 | Mem:0.02M, Peak:0.02M | Scene, ViewLayer | Updating Objects
Fra:22 Mem:56.40M (Peak 143.53M) | Time:00:00.05 | Mem:0.02M, Peak:0.02M | Scene, ViewLayer | Updating Objects | Copying Transformations to device
Fra:22 Mem:56.44M (Peak 143.53M) | Time:00:00.05 | Mem:0.05M, Peak:0.05M | Scene, ViewLayer | Updating Objects | Applying Static Transformations
Fra:22 Mem:56.44M (Peak 143.53M) | Time:00:00.05 | Mem:0.05M, Peak:0.05M | Scene, ViewLayer | Updating Particle Systems
Fra:22 Mem:56.44M (Peak 143.53M) | Time:00:00.05 | Mem:0.05M, Peak:0.05M | Scene, ViewLayer | Updating Particle Systems | Copying Particles to device
Fra:22 Mem:56.44M (Peak 143.53M) | Time:00:00.05 | Mem:0.05M, Peak:0.05M | Scene, ViewLayer | Updating Meshes
Fra:22 Mem:57.55M (Peak 143.53M) | Time:00:00.05 | Mem:0.05M, Peak:0.05M | Scene, ViewLayer | Updating Mesh | Computing attributes
Fra:22 Mem:59.61M (Peak 143.53M) | Time:00:00.05 | Mem:0.07M, Peak:0.07M | Scene, ViewLayer | Updating Mesh | Copying Attributes to device
Fra:22 Mem:59.59M (Peak 143.53M) | Time:00:00.05 | Mem:2.10M, Peak:2.10M | Scene, ViewLayer | Updating Scene BVH | Building
Fra:22 Mem:59.59M (Peak 143.53M) | Time:00:00.05 | Mem:2.10M, Peak:2.10M | Scene, ViewLayer | Updating Scene BVH | Building BVH
Fra:22 Mem:59.59M (Peak 143.53M) | Time:00:00.05 | Mem:4.30M, Peak:4.30M | Scene, ViewLayer | Updating Scene BVH | Building BVH 0%
Fra:22 Mem:59.59M (Peak 143.53M) | Time:00:00.07 | Mem:6.93M, Peak:9.14M | Scene, ViewLayer | Updating Scene BVH | Copying BVH to device
Fra:22 Mem:59.59M (Peak 143.53M) | Time:00:00.07 | Mem:6.93M, Peak:9.14M | Scene, ViewLayer | Updating Mesh | Computing normals
Fra:22 Mem:66.39M (Peak 143.53M) | Time:00:00.07 | Mem:6.93M, Peak:9.14M | Scene, ViewLayer | Updating Mesh | Copying Mesh to device
Fra:22 Mem:66.39M (Peak 143.53M) | Time:00:00.07 | Mem:13.73M, Peak:13.73M | Scene, ViewLayer | Updating Objects Flags
Fra:22 Mem:66.39M (Peak 143.53M) | Time:00:00.07 | Mem:13.73M, Peak:13.73M | Scene, ViewLayer | Updating Primitive Offsets
Fra:22 Mem:66.39M (Peak 143.53M) | Time:00:00.07 | Mem:13.73M, Peak:13.73M | Scene, ViewLayer | Updating Images
Fra:22 Mem:66.39M (Peak 143.53M) | Time:00:00.07 | Mem:13.73M, Peak:13.73M | Scene, ViewLayer | Updating Camera Volume
Fra:22 Mem:66.39M (Peak 143.53M) | Time:00:00.07 | Mem:13.73M, Peak:13.73M | Scene, ViewLayer | Updating Lookup Tables
Fra:22 Mem:66.39M (Peak 143.53M) | Time:00:00.07 | Mem:13.81M, Peak:13.81M | Scene, ViewLayer | Updating Lights
Fra:22 Mem:66.39M (Peak 143.53M) | Time:00:00.07 | Mem:13.81M, Peak:13.81M | Scene, ViewLayer | Updating Lights | Computing tree
Fra:22 Mem:66.39M (Peak 143.53M) | Time:00:00.07 | Mem:13.81M, Peak:13.81M | Scene, ViewLayer | Updating Integrator
Fra:22 Mem:66.39M (Peak 143.53M) | Time:00:00.07 | Mem:13.81M, Peak:13.81M | Scene, ViewLayer | Updating Film
Fra:22 Mem:66.39M (Peak 143.53M) | Time:00:00.07 | Mem:13.73M, Peak:13.81M | Scene, ViewLayer | Updating Lookup Tables
Fra:22 Mem:66.39M (Peak 143.53M) | Time:00:00.07 | Mem:13.82M, Peak:13.82M | Scene, ViewLayer | Updating Baking
Fra:22 Mem:66.39M (Peak 143.53M) | Time:00:00.07 | Mem:13.82M, Peak:13.82M | Scene, ViewLayer | Updating Device | Writing constant memory
Fra:22 Mem:66.40M (Peak 143.53M) | Time:00:00.07 | Mem:13.82M, Peak:13.82M | Scene, ViewLayer | Loading denoising kernels (may take a few minutes the first time)
Fra:22 Mem:66.40M (Peak 143.53M) | Time:00:00.07 | Mem:13.82M, Peak:13.82M | Scene, ViewLayer | Sample 0/2
Fra:22 Mem:103.98M (Peak 143.53M) | Time:00:00.12 | Remaining:00:00.05 | Mem:51.39M, Peak:51.39M | Scene, ViewLayer | Sample 1/2
Fra:22 Mem:119.80M (Peak 143.53M) | Time:00:09.25 | Mem:51.39M, Peak:51.39M | Scene, ViewLayer | Sample 2/2
Fra:22 Mem:119.80M (Peak 143.53M) | Time:00:09.26 | Mem:51.39M, Peak:51.39M | Scene, ViewLayer | Finished
Append frame 22
Time: 00:09.31 (Saving: 00:00.05)

Fra:23 Mem:55.82M (Peak 143.53M) | Time:00:00.01 | Mem:0.00M, Peak:0.00M | Scene, ViewLayer | Synchronizing object | Mesh1
Fra:23 Mem:55.85M (Peak 143.53M) | Time:00:00.01 | Mem:0.00M, Peak:0.00M | Scene, ViewLayer | Synchronizing object | Mesh2
Fra:23 Mem:55.92M (Peak 143.53M) | Time:00:00.01 | Mem:0.00M, Peak:0.00M | Scene, ViewLayer | Synchronizing object | Mesh3
Fra:23 Mem:56.01M (Peak 143.53M) | Time:00:00.01 | Mem:0.00M, Peak:0.00M | Scene, ViewLayer | Synchronizing object | Mesh4
Fra:23 Mem:56.02M (Peak 143.53M) | Time:00:00.01 | Mem:0.00M, Peak:0.00M | Scene, ViewLayer | Synchronizing object | Mesh5
Fra:23 Mem:56.05M (Peak 143.53M) | Time:00:00.01 | Mem:0.00M, Peak:0.00M | Scene, ViewLayer | Synchronizing object | Mesh6
Fra:23 Mem:56.15M (Peak 143.53M) | Time:00:00.01 | Mem:0.00M, Peak:0.00M | Scene, ViewLayer | Synchronizing object | Mesh168
Fra:23 Mem:56.31M (Peak 143.53M) | Time:00:00.01 | Mem:0.00M, Peak:0.00M | Scene, ViewLayer | Synchronizing object | Mesh167
Fra:23 Mem:56.82M (Peak 143.53M) | Time:00:00.01 | Mem:0.00M, Peak:0.00M | Scene, ViewLayer | Synchronizing object | Mesh7
Fra:23 Mem:58.53M (Peak 143.53M) | Time:00:00.02 | Mem:0.00M, Peak:0.00M | Scene, ViewLayer | Synchronizing object | Mesh166
Fra:23 Mem:58.32M (Peak 143.53M) | Time:00:00.02 | Mem:0.00M, Peak:0.00M | Scene, ViewLayer | Synchronizing object | Mesh165
Fra:23 Mem:58.35M (Peak 143.53M) | Time:00:00.02 | Mem:0.00M, Peak:0.00M | Scene, ViewLayer | Synchronizing object | Mesh164
Fra:23 Mem:58.54M (Peak 143.53M) | Time:00:00.02 | Mem:0.00M, Peak:0.00M | Scene, ViewLayer | Synchronizing object | Mesh163
Fra:23 Mem:58.63M (Peak 143.53M) | Time:00:00.02 | Mem:0.00M, Peak:0.00M | Scene, ViewLayer | Synchronizing object | Mesh162
Fra:23 Mem:57.80M (Peak 143.53M) | Time:00:00.02 | Mem:0.00M, Peak:0.00M | Scene, ViewLayer | Synchronizing object | Mesh8
Fra:23 Mem:57.81M (Peak 143.53M) | Time:00:00.02 | Mem:0.00M, Peak:0.00M | Scene, ViewLayer | Synchronizing object | Mesh161
Fra:23 Mem:57.78M (Peak 143.53M) | Time:00:00.02 | Mem:0.00M, Peak:0.00M | Scene, ViewLayer | Synchronizing object | Mesh9
Fra:23 Mem:57.85M (Peak 143.53M) | Time:00:00.02 | Mem:0.00M, Peak:0.00M | Scene, ViewLayer | Synchronizing object | Mesh160
Fra:23 Mem:57.90M (Peak 143.53M) | Time:00:00.02 | Mem:0.00M, Peak:0.00M | Scene, ViewLayer | Synchronizing object | Mesh10
Fra:23 Mem:57.91M (Peak 143.53M) | Time:00:00.02 | Mem:0.00M, Peak:0.00M | Scene, ViewLayer | Synchronizing object | Mesh159
Fra:23 Mem:58.10M (Peak 143.53M) | Time:00:00.02 | Mem:0.00M, Peak:0.00M | Scene, ViewLayer | Synchronizing object | Mesh11
Fra:23 Mem:58.35M (Peak 143.53M) | Time:00:00.02 | Mem:0.00M, Peak:0.00M | Scene, ViewLayer | Synchronizing object | Mesh12
Fra:23 Mem:58.63M (Peak 143.53M) | Time:00:00.02 | Mem:0.00M, Peak:0.00M | Scene, ViewLayer | Synchronizing object | Mesh13
Fra:23 Mem:58.66M (Peak 143.53M) | Time:00:00.02 | Mem:0.00M, Peak:0.00M | Scene, ViewLayer | Synchronizing object | Mesh14
Fra:23 Mem:58.84M (Peak 143.53M) | Time:00:00.02 | Mem:0.00M, Peak:0.00M | Scene, ViewLayer | Synchronizing object | Mesh15
Fra:23 Mem:60.35M (Peak 143.53M) | Time:00:00.02 | Mem:0.00M, Peak:0.00M | Scene, ViewLayer | Synchronizing object | Mesh158
Fra:23 Mem:59.51M (Peak 143.53M) | Time:00:00.02 | Mem:0.00M, Peak:0.00M | Scene, ViewLayer | Synchronizing object | Mesh16
Fra:23 Mem:59.64M (Peak 143.53M) | Time:00:00.02 | Mem:0.00M, Peak:0.00M | Scene, ViewLayer | Synchronizing object | Mesh17
Fra:23 Mem:59.65M (Peak 143.53M) | Time:00:00.02 | Mem:0.00M, Peak:0.00M | Scene, ViewLayer | Synchronizing object | Mesh18
Fra:23 Mem:59.58M (Peak 143.53M) | Time:00:00.02 | Mem:0.00M, Peak:0.00M | Scene, ViewLayer | Synchronizing object | Mesh157
Fra:23 Mem:59.57M (Peak 143.53M) | Time:00:00.02 | Mem:0.00M, Peak:0.00M | Scene, ViewLayer | Synchronizing object | Mesh19
Fra:23 Mem:59.60M (Peak 143.53M) | Time:00:00.02 | Mem:0.00M, Peak:0.00M | Scene, ViewLayer | Synchronizing object | Mesh20
Fra:23 Mem:59.61M (Peak 143.53M) | Time:00:00.02 | Mem:0.00M, Peak:0.00M | Scene, ViewLayer | Synchronizing object | Mesh156
Fra:23 Mem:59.69M (Peak 143.53M) | Time:00:00.02 | Mem:0.00M, Peak:0.00M | Scene, ViewLayer | Synchronizing object | Mesh155
Fra:23 Mem:59.87M (Peak 143.53M) | Time:00:00.02 | Mem:0.00M, Peak:0.00M | Scene, ViewLayer | Synchronizing object | Mesh154
Fra:23 Mem:59.91M (Peak 143.53M) | Time:00:00.02 | Mem:0.00M, Peak:0.00M | Scene, ViewLayer | Synchronizing object | Mesh21
Fra:23 Mem:59.92M (Peak 143.53M) | Time:00:00.02 | Mem:0.00M, Peak:0.00M | Scene, ViewLayer | Synchronizing object | Mesh22
Fra:23 Mem:59.88M (Peak 143.53M) | Time:00:00.02 | Mem:0.00M, Peak:0.00M | Scene, ViewLayer | Synchronizing object | Mesh153
Fra:23 Mem:60.01M (Peak 143.53M) | Time:00:00.02 | Mem:0.00M, Peak:0.00M | Scene, ViewLayer | Synchronizing object | Mesh152
Fra:23 Mem:60.01M (Peak 143.53M) | Time:00:00.03 | Mem:0.00M, Peak:0.00M | Scene, ViewLayer | Synchronizing object | Mesh151
Fra:23 Mem:60.02M (Peak 143.53M) | Time:00:00.03 | Mem:0.00M, Peak:0.00M | Scene, ViewLayer | Synchronizing object | Mesh150
Fra:23 Mem:60.04M (Peak 143.53M) | Time:00:00.03 | Mem:0.00M, Peak:0.00M | Scene, ViewLayer | Synchronizing object | Mesh149
Fra:23 Mem:60.04M (Peak 143.53M) | Time:00:00.03 | Mem:0.00M, Peak:0.00M | Scene, ViewLayer | Synchronizing object | Mesh148
Fra:23 Mem:59.97M (Peak 143.53M) | Time:00:00.03 | Mem:0.00M, Peak:0.00M | Scene, ViewLayer | Synchronizing object | Mesh23
Fra:23 Mem:60.03M (Peak 143.53M) | Time:00:00.03 | Mem:0.00M, Peak:0.00M | Scene, ViewLayer | Synchronizing object | Mesh24
Fra:23 Mem:60.10M (Peak 143.53M) | Time:00:00.03 | Mem:0.00M, Peak:0.00M | Scene, ViewLayer | Synchronizing object | Mesh25
Fra:23 Mem:60.19M (Peak 143.53M) | Time:00:00.03 | Mem:0.00M, Peak:0.00M | Scene, ViewLayer | Synchronizing object | Mesh147
Fra:23 Mem:60.20M (Peak 143.53M) | Time:00:00.03 | Mem:0.00M, Peak:0.00M | Scene, ViewLayer | Synchronizing object | Mesh146
Fra:23 Mem:60.20M (Peak 143.53M) | Time:00:00.03 | Mem:0.00M, Peak:0.00M | Scene, ViewLayer | Synchronizing object | Mesh145
Fra:23 Mem:60.12M (Peak 143.53M) | Time:00:00.03 | Mem:0.00M, Peak:0.00M | Scene, ViewLayer | Synchronizing object | Mesh26
Fra:23 Mem:60.14M (Peak 143.53M) | Time:00:00.03 | Mem:0.00M, Peak:0.00M | Scene, ViewLayer | Synchronizing object | Mesh144
Fra:23 Mem:60.16M (Peak 143.53M) | Time:00:00.03 | Mem:0.00M, Peak:0.00M | Scene, ViewLayer | Synchronizing object | Mesh143
Fra:23 Mem:60.17M (Peak 143.53M) | Time:00:00.03 | Mem:0.00M, Peak:0.00M | Scene, ViewLayer | Synchronizing object | Mesh142
Fra:23 Mem:60.15M (Peak 143.53M) | Time:00:00.03 | Mem:0.00M, Peak:0.00M | Scene, ViewLayer | Synchronizing object | Mesh27
Fra:23 Mem:60.21M (Peak 143.53M) | Time:00:00.03 | Mem:0.00M, Peak:0.00M | Scene, ViewLayer | Synchronizing object | Mesh28
Fra:23 Mem:60.23M (Peak 143.53M) | Time:00:00.03 | Mem:0.00M, Peak:0.00M | Scene, ViewLayer | Synchronizing object | Mesh29
Fra:23 Mem:60.26M (Peak 143.53M) | Time:00:00.03 | Mem:0.00M, Peak:0.00M | Scene, ViewLayer | Synchronizing object | Mesh30
Fra:23 Mem:60.34M (Peak 143.53M) | Time:00:00.03 | Mem:0.00M, Peak:0.00M | Scene, ViewLayer | Synchronizing object | Mesh31
Fra:23 Mem:60.48M (Peak 143.53M) | Time:00:00.03 | Mem:0.00M, Peak:0.00M | Scene, ViewLayer | Synchronizing object | Mesh32
Fra:23 Mem:60.52M (Peak 143.53M) | Time:00:00.03 | Mem:0.00M, Peak:0.00M | Scene, ViewLayer | Synchronizing object | Mesh33
Fra:23 Mem:60.52M (Peak 143.53M) | Time:00:00.03 | Mem:0.00M, Peak:0.00M | Scene, ViewLayer | Synchronizing object | Mesh34
Fra:23 Mem:60.45M (Peak 143.53M) | Time:00:00.03 | Mem:0.00M, Peak:0.00M | Scene, ViewLayer | Synchronizing object | Mesh35
Fra:23 Mem:60.43M (Peak 143.53M) | Time:00:00.03 | Mem:0.00M, Peak:0.00M | Scene, ViewLayer | Synchronizing object | Mesh141
Fra:23 Mem:60.52M (Peak 143.53M) | Time:00:00.03 | Mem:0.00M, Peak:0.00M | Scene, ViewLayer | Synchronizing object | Mesh140
Fra:23 Mem:60.50M (Peak 143.53M) | Time:00:00.03 | Mem:0.00M, Peak:0.00M | Scene, ViewLayer | Synchronizing object | Mesh36
Fra:23 Mem:60.63M (Peak 143.53M) | Time:00:00.03 | Mem:0.00M, Peak:0.00M | Scene, ViewLayer | Synchronizing object | Mesh139
Fra:23 Mem:60.64M (Peak 143.53M) | Time:00:00.03 | Mem:0.00M, Peak:0.00M | Scene, ViewLayer | Synchronizing object | Mesh138
Fra:23 Mem:60.77M (Peak 143.53M) | Time:00:00.03 | Mem:0.00M, Peak:0.00M | Scene, ViewLayer | Synchronizing object | Mesh137
Fra:23 Mem:60.95M (Peak 143.53M) | Time:00:00.03 | Mem:0.00M, Peak:0.00M | Scene, ViewLayer | Synchronizing object | Mesh38
Fra:23 Mem:60.95M (Peak 143.53M) | Time:00:00.03 | Mem:0.00M, Peak:0.00M | Scene, ViewLayer | Synchronizing object | Mesh39
Fra:23 Mem:60.90M (Peak 143.53M) | Time:00:00.03 | Mem:0.00M, Peak:0.00M | Scene, ViewLayer | Synchronizing object | Mesh136
Fra:23 Mem:60.87M (Peak 143.53M) | Time:00:00.03 | Mem:0.00M, Peak:0.00M | Scene, ViewLayer | Synchronizing object | Mesh135
Fra:23 Mem:60.86M (Peak 143.53M) | Time:00:00.03 | Mem:0.00M, Peak:0.00M | Scene, ViewLayer | Synchronizing object | Mesh40
Fra:23 Mem:60.93M (Peak 143.53M) | Time:00:00.03 | Mem:0.00M, Peak:0.00M | Scene, ViewLayer | Synchronizing object | Mesh41
Fra:23 Mem:61.08M (Peak 143.53M) | Time:00:00.03 | Mem:0.00M, Peak:0.00M | Scene, ViewLayer | Synchronizing object | Mesh134
Fra:23 Mem:61.08M (Peak 143.53M) | Time:00:00.03 | Mem:0.00M, Peak:0.00M | Scene, ViewLayer | Synchronizing object | Mesh133
Fra:23 Mem:61.10M (Peak 143.53M) | Time:00:00.03 | Mem:0.00M, Peak:0.00M | Scene, ViewLayer | Synchronizing object | Mesh132
Fra:23 Mem:61.04M (Peak 143.53M) | Time:00:00.03 | Mem:0.00M, Peak:0.00M | Scene, ViewLayer | Synchronizing object | Mesh42
Fra:23 Mem:61.19M (Peak 143.53M) | Time:00:00.03 | Mem:0.00M, Peak:0.00M | Scene, ViewLayer | Synchronizing object | Mesh43
Fra:23 Mem:61.22M (Peak 143.53M) | Time:00:00.03 | Mem:0.00M, Peak:0.00M | Scene, ViewLayer | Synchronizing object | Mesh44
Fra:23 Mem:61.19M (Peak 143.53M) | Time:00:00.03 | Mem:0.00M, Peak:0.00M | Scene, ViewLayer | Synchronizing object | Mesh45
Fra:23 Mem:61.18M (Peak 143.53M) | Time:00:00.03 | Mem:0.00M, Peak:0.00M | Scene, ViewLayer | Synchronizing object | Mesh131
Fra:23 Mem:61.18M (Peak 143.53M) | Time:00:00.03 | Mem:0.00M, Peak:0.00M | Scene, ViewLayer | Synchronizing object | Mesh46
Fra:23 Mem:61.19M (Peak 143.53M) | Time:00:00.03 | Mem:0.00M, Peak:0.00M | Scene, ViewLayer | Synchronizing object | Mesh130
Fra:23 Mem:61.19M (Peak 143.53M) | Time:00:00.03 | Mem:0.00M, Peak:0.00M | Scene, ViewLayer | Synchronizing object | Mesh47
Fra:23 Mem:61.21M (Peak 143.53M) | Time:00:00.03 | Mem:0.00M, Peak:0.00M | Scene, ViewLayer | Synchronizing object | Mesh48
Fra:23 Mem:61.21M (Peak 143.53M) | Time:00:00.03 | Mem:0.00M, Peak:0.00M | Scene, ViewLayer | Synchronizing object | Mesh129
Fra:23 Mem:61.26M (Peak 143.53M) | Time:00:00.03 | Mem:0.00M, Peak:0.00M | Scene, ViewLayer | Synchronizing object | Mesh128
Fra:23 Mem:61.25M (Peak 143.53M) | Time:00:00.03 | Mem:0.00M, Peak:0.00M | Scene, ViewLayer | Synchronizing object | Mesh49
Fra:23 Mem:61.30M (Peak 143.53M) | Time:00:00.03 | Mem:0.00M, Peak:0.00M | Scene, ViewLayer | Synchronizing object | Mesh127
Fra:23 Mem:61.29M (Peak 143.53M) | Time:00:00.03 | Mem:0.00M, Peak:0.00M | Scene, ViewLayer | Synchronizing object | Mesh50
Fra:23 Mem:61.31M (Peak 143.53M) | Time:00:00.03 | Mem:0.00M, Peak:0.00M | Scene, ViewLayer | Synchronizing object | Mesh51
Fra:23 Mem:61.32M (Peak 143.53M) | Time:00:00.03 | Mem:0.00M, Peak:0.00M | Scene, ViewLayer | Synchronizing object | Mesh52
Fra:23 Mem:61.31M (Peak 143.53M) | Time:00:00.03 | Mem:0.00M, Peak:0.00M | Scene, ViewLayer | Synchronizing object | Mesh126
Fra:23 Mem:61.33M (Peak 143.53M) | Time:00:00.03 | Mem:0.00M, Peak:0.00M | Scene, ViewLayer | Synchronizing object | Mesh53
Fra:23 Mem:61.33M (Peak 143.53M) | Time:00:00.03 | Mem:0.00M, Peak:0.00M | Scene, ViewLayer | Synchronizing object | Mesh125
Fra:23 Mem:61.33M (Peak 143.53M) | Time:00:00.03 | Mem:0.00M, Peak:0.00M | Scene, ViewLayer | Synchronizing object | Mesh54
Fra:23 Mem:61.39M (Peak 143.53M) | Time:00:00.03 | Mem:0.00M, Peak:0.00M | Scene, ViewLayer | Synchronizing object | Mesh124
Fra:23 Mem:61.36M (Peak 143.53M) | Time:00:00.03 | Mem:0.00M, Peak:0.00M | Scene, ViewLayer | Synchronizing object | Mesh55
Fra:23 Mem:61.36M (Peak 143.53M) | Time:00:00.03 | Mem:0.00M, Peak:0.00M | Scene, ViewLayer | Synchronizing object | Mesh123
Fra:23 Mem:61.38M (Peak 143.53M) | Time:00:00.03 | Mem:0.00M, Peak:0.00M | Scene, ViewLayer | Synchronizing object | Mesh122
Fra:23 Mem:61.40M (Peak 143.53M) | Time:00:00.03 | Mem:0.00M, Peak:0.00M | Scene, ViewLayer | Synchronizing object | Mesh121
Fra:23 Mem:61.40M (Peak 143.53M) | Time:00:00.03 | Mem:0.00M, Peak:0.00M | Scene, ViewLayer | Synchronizing object | Mesh120
Fra:23 Mem:61.40M (Peak 143.53M) | Time:00:00.03 | Mem:0.00M, Peak:0.00M | Scene, ViewLayer | Synchronizing object | Mesh119
Fra:23 Mem:61.43M (Peak 143.53M) | Time:00:00.03 | Mem:0.00M, Peak:0.00M | Scene, ViewLayer | Synchronizing object | Mesh57
Fra:23 Mem:61.54M (Peak 143.53M) | Time:00:00.03 | Mem:0.00M, Peak:0.00M | Scene, ViewLayer | Synchronizing object | Mesh58
Fra:23 Mem:61.74M (Peak 143.53M) | Time:00:00.03 | Mem:0.00M, Peak:0.00M | Scene, ViewLayer | Synchronizing object | Mesh59
Fra:23 Mem:61.66M (Peak 143.53M) | Time:00:00.03 | Mem:0.00M, Peak:0.00M | Scene, ViewLayer | Synchronizing object | Mesh60
Fra:23 Mem:61.64M (Peak 143.53M) | Time:00:00.03 | Mem:0.00M, Peak:0.00M | Scene, ViewLayer | Synchronizing object | Mesh118
Fra:23 Mem:61.72M (Peak 143.53M) | Time:00:00.03 | Mem:0.00M, Peak:0.00M | Scene, ViewLayer | Synchronizing object | Mesh117
Fra:23 Mem:61.77M (Peak 143.53M) | Time:00:00.03 | Mem:0.00M, Peak:0.00M | Scene, ViewLayer | Synchronizing object | Mesh61
Fra:23 Mem:61.76M (Peak 143.53M) | Time:00:00.03 | Mem:0.00M, Peak:0.00M | Scene, ViewLayer | Synchronizing object | Mesh116
Fra:23 Mem:61.84M (Peak 143.53M) | Time:00:00.03 | Mem:0.00M, Peak:0.00M | Scene, ViewLayer | Synchronizing object | Mesh115
Fra:23 Mem:62.35M (Peak 143.53M) | Time:00:00.03 | Mem:0.00M, Peak:0.00M | Scene, ViewLayer | Synchronizing object | Mesh62
Fra:23 Mem:62.26M (Peak 143.53M) | Time:00:00.03 | Mem:0.00M, Peak:0.00M | Scene, ViewLayer | Synchronizing object | Mesh114
Fra:23 Mem:62.29M (Peak 143.53M) | Time:00:00.03 | Mem:0.00M, Peak:0.00M | Scene, ViewLayer | Synchronizing object | Mesh63
Fra:23 Mem:62.36M (Peak 143.53M) | Time:00:00.03 | Mem:0.00M, Peak:0.00M | Scene, ViewLayer | Synchronizing object | Mesh64
Fra:23 Mem:62.45M (Peak 143.53M) | Time:00:00.03 | Mem:0.00M, Peak:0.00M | Scene, ViewLayer | Synchronizing object | Mesh65
Fra:23 Mem:62.50M (Peak 143.53M) | Time:00:00.03 | Mem:0.00M, Peak:0.00M | Scene, ViewLayer | Synchronizing object | Mesh66
Fra:23 Mem:62.47M (Peak 143.53M) | Time:00:00.03 | Mem:0.00M, Peak:0.00M | Scene, ViewLayer | Synchronizing object | Mesh113
Fra:23 Mem:62.47M (Peak 143.53M) | Time:00:00.03 | Mem:0.00M, Peak:0.00M | Scene, ViewLayer | Synchronizing object | Mesh112
Fra:23 Mem:62.53M (Peak 143.53M) | Time:00:00.03 | Mem:0.00M, Peak:0.00M | Scene, ViewLayer | Synchronizing object | Mesh111
Fra:23 Mem:62.98M (Peak 143.53M) | Time:00:00.03 | Mem:0.00M, Peak:0.00M | Scene, ViewLayer | Synchronizing object | Mesh110
Fra:23 Mem:62.82M (Peak 143.53M) | Time:00:00.03 | Mem:0.00M, Peak:0.00M | Scene, ViewLayer | Synchronizing object | Mesh68
Fra:23 Mem:62.80M (Peak 143.53M) | Time:00:00.03 | Mem:0.00M, Peak:0.00M | Scene, ViewLayer | Synchronizing object | Mesh109
Fra:23 Mem:62.86M (Peak 143.53M) | Time:00:00.03 | Mem:0.00M, Peak:0.00M | Scene, ViewLayer | Synchronizing object | Mesh108
Fra:23 Mem:62.89M (Peak 143.53M) | Time:00:00.03 | Mem:0.00M, Peak:0.00M | Scene, ViewLayer | Synchronizing object | Mesh69
Fra:23 Mem:62.90M (Peak 143.53M) | Time:00:00.03 | Mem:0.00M, Peak:0.00M | Scene, ViewLayer | Synchronizing object | Mesh107
Fra:23 Mem:63.14M (Peak 143.53M) | Time:00:00.03 | Mem:0.00M, Peak:0.00M | Scene, ViewLayer | Synchronizing object | Mesh106
Fra:23 Mem:63.39M (Peak 143.53M) | Time:00:00.03 | Mem:0.00M, Peak:0.00M | Scene, ViewLayer | Synchronizing object | Mesh70
Fra:23 Mem:63.86M (Peak 143.53M) | Time:00:00.03 | Mem:0.00M, Peak:0.00M | Scene, ViewLayer | Synchronizing object | Mesh71
Fra:23 Mem:63.88M (Peak 143.53M) | Time:00:00.03 | Mem:0.00M, Peak:0.00M | Scene, ViewLayer | Synchronizing object | Mesh72
Fra:23 Mem:64.12M (Peak 143.53M) | Time:00:00.03 | Mem:0.00M, Peak:0.00M | Scene, ViewLayer | Synchronizing object | Mesh105
Fra:23 Mem:64.12M (Peak 143.53M) | Time:00:00.03 | Mem:0.00M, Peak:0.00M | Scene, ViewLayer | Synchronizing object | Mesh73
Fra:23 Mem:64.12M (Peak 143.53M) | Time:00:00.03 | Mem:0.00M, Peak:0.00M | Scene, ViewLayer | Synchronizing object | Mesh74
Fra:23 Mem:63.98M (Peak 143.53M) | Time:00:00.03 | Mem:0.00M, Peak:0.00M | Scene, ViewLayer | Synchronizing object | Mesh75
Fra:23 Mem:63.98M (Peak 143.53M) | Time:00:00.03 | Mem:0.00M, Peak:0.00M | Scene, ViewLayer | Synchronizing object | Mesh76
Fra:23 Mem:63.96M (Peak 143.53M) | Time:00:00.04 | Mem:0.00M, Peak:0.00M | Scene, ViewLayer | Synchronizing object | Mesh104
Fra:23 Mem:63.99M (Peak 143.53M) | Time:00:00.04 | Mem:0.00M, Peak:0.00M | Scene, ViewLayer | Synchronizing object | Mesh103
Fra:23 Mem:64.10M (Peak 143.53M) | Time:00:00.04 | Mem:0.00M, Peak:0.00M | Scene, ViewLayer | Synchronizing object | Mesh102
Fra:23 Mem:64.08M (Peak 143.53M) | Time:00:00.04 | Mem:0.00M, Peak:0.00M | Scene, ViewLayer | Synchronizing object | Mesh101
Fra:23 Mem:64.05M (Peak 143.53M) | Time:00:00.04 | Mem:0.00M, Peak:0.00M | Scene, ViewLayer | Synchronizing object | Mesh77
Fra:23 Mem:64.17M (Peak 143.53M) | Time:00:00.04 | Mem:0.00M, Peak:0.00M | Scene, ViewLayer | Synchronizing object | Mesh100
Fra:23 Mem:64.12M (Peak 143.53M) | Time:00:00.04 | Mem:0.00M, Peak:0.00M | Scene, ViewLayer | Synchronizing object | Mesh78
Fra:23 Mem:64.13M (Peak 143.53M) | Time:00:00.04 | Mem:0.00M, Peak:0.00M | Scene, ViewLayer | Synchronizing object | Mesh79
Fra:23 Mem:64.22M (Peak 143.53M) | Time:00:00.04 | Mem:0.00M, Peak:0.00M | Scene, ViewLayer | Synchronizing object | Mesh80
Fra:23 Mem:64.23M (Peak 143.53M) | Time:00:00.04 | Mem:0.00M, Peak:0.00M | Scene, ViewLayer | Synchronizing object | Mesh81
Fra:23 Mem:64.55M (Peak 143.53M) | Time:00:00.04 | Mem:0.00M, Peak:0.00M | Scene, ViewLayer | Synchronizing object | Mesh99
Fra:23 Mem:64.48M (Peak 143.53M) | Time:00:00.04 | Mem:0.00M, Peak:0.00M | Scene, ViewLayer | Synchronizing object | Mesh98
Fra:23 Mem:64.67M (Peak 143.53M) | Time:00:00.04 | Mem:0.00M, Peak:0.00M | Scene, ViewLayer | Synchronizing object | Mesh97
Fra:23 Mem:64.67M (Peak 143.53M) | Time:00:00.04 | Mem:0.00M, Peak:0.00M | Scene, ViewLayer | Synchronizing object | Mesh96
Fra:23 Mem:64.50M (Peak 143.53M) | Time:00:00.04 | Mem:0.00M, Peak:0.00M | Scene, ViewLayer | Synchronizing object | Mesh82
Fra:23 Mem:64.55M (Peak 143.53M) | Time:00:00.04 | Mem:0.00M, Peak:0.00M | Scene, ViewLayer | Synchronizing object | Mesh83
Fra:23 Mem:64.54M (Peak 143.53M) | Time:00:00.04 | Mem:0.00M, Peak:0.00M | Scene, ViewLayer | Synchronizing object | Mesh95
Fra:23 Mem:64.72M (Peak 143.53M) | Time:00:00.04 | Mem:0.00M, Peak:0.00M | Scene, ViewLayer | Synchronizing object | Mesh84
Fra:23 Mem:64.82M (Peak 143.53M) | Time:00:00.04 | Mem:0.00M, Peak:0.00M | Scene, ViewLayer | Synchronizing object | Mesh85
Fra:23 Mem:64.93M (Peak 143.53M) | Time:00:00.04 | Mem:0.00M, Peak:0.00M | Scene, ViewLayer | Synchronizing object | Mesh94
Fra:23 Mem:65.00M (Peak 143.53M) | Time:00:00.04 | Mem:0.00M, Peak:0.00M | Scene, ViewLayer | Synchronizing object | Mesh86
Fra:23 Mem:65.00M (Peak 143.53M) | Time:00:00.04 | Mem:0.00M, Peak:0.00M | Scene, ViewLayer | Synchronizing object | Mesh93
Fra:23 Mem:65.07M (Peak 143.53M) | Time:00:00.04 | Mem:0.00M, Peak:0.00M | Scene, ViewLayer | Synchronizing object | Mesh92
Fra:23 Mem:65.13M (Peak 143.53M) | Time:00:00.04 | Mem:0.00M, Peak:0.00M | Scene, ViewLayer | Synchronizing object | Mesh91
Fra:23 Mem:65.13M (Peak 143.53M) | Time:00:00.04 | Mem:0.00M, Peak:0.00M | Scene, ViewLayer | Synchronizing object | Mesh90
Fra:23 Mem:65.17M (Peak 143.53M) | Time:00:00.04 | Mem:0.00M, Peak:0.00M | Scene, ViewLayer | Synchronizing object | Mesh89
Fra:23 Mem:65.18M (Peak 143.53M) | Time:00:00.04 | Mem:0.00M, Peak:0.00M | Scene, ViewLayer | Synchronizing object | Mesh88
Fra:23 Mem:65.19M (Peak 143.53M) | Time:00:00.04 | Mem:0.00M, Peak:0.00M | Scene, ViewLayer | Synchronizing object | Mesh87
Fra:23 Mem:65.14M (Peak 143.53M) | Time:00:00.04 | Mem:0.00M, Peak:0.00M | Scene, ViewLayer | Initializing
Fra:23 Mem:56.30M (Peak 143.53M) | Time:00:00.04 | Mem:0.00M, Peak:0.00M | Scene, ViewLayer | Waiting for render to start
Fra:23 Mem:56.31M (Peak 143.53M) | Time:00:00.04 | Mem:0.00M, Peak:0.00M | Scene, ViewLayer | Loading render kernels (may take a few minutes the first time)
Fra:23 Mem:56.31M (Peak 143.53M) | Time:00:00.04 | Mem:0.00M, Peak:0.00M | Scene, ViewLayer | Updating Scene
Fra:23 Mem:56.31M (Peak 143.53M) | Time:00:00.04 | Mem:0.00M, Peak:0.00M | Scene, ViewLayer | Updating Shaders
Fra:23 Mem:56.40M (Peak 143.53M) | Time:00:00.05 | Mem:0.02M, Peak:0.02M | Scene, ViewLayer | Updating Procedurals
Fra:23 Mem:56.40M (Peak 143.53M) | Time:00:00.05 | Mem:0.02M, Peak:0.02M | Scene, ViewLayer | Updating Background
Fra:23 Mem:56.40M (Peak 143.53M) | Time:00:00.05 | Mem:0.02M, Peak:0.02M | Scene, ViewLayer | Updating Camera
Fra:23 Mem:56.40M (Peak 143.53M) | Time:00:00.05 | Mem:0.02M, Peak:0.02M | Scene, ViewLayer | Updating Meshes Flags
Fra:23 Mem:56.40M (Peak 143.53M) | Time:00:00.05 | Mem:0.02M, Peak:0.02M | Scene, ViewLayer | Updating Objects
Fra:23 Mem:56.40M (Peak 143.53M) | Time:00:00.05 | Mem:0.02M, Peak:0.02M | Scene, ViewLayer | Updating Objects | Copying Transformations to device
Fra:23 Mem:56.44M (Peak 143.53M) | Time:00:00.05 | Mem:0.05M, Peak:0.05M | Scene, ViewLayer | Updating Objects | Applying Static Transformations
Fra:23 Mem:56.44M (Peak 143.53M) | Time:00:00.05 | Mem:0.05M, Peak:0.05M | Scene, ViewLayer | Updating Particle Systems
Fra:23 Mem:56.44M (Peak 143.53M) | Time:00:00.05 | Mem:0.05M, Peak:0.05M | Scene, ViewLayer | Updating Particle Systems | Copying Particles to device
Fra:23 Mem:56.44M (Peak 143.53M) | Time:00:00.05 | Mem:0.05M, Peak:0.05M | Scene, ViewLayer | Updating Meshes
Fra:23 Mem:57.55M (Peak 143.53M) | Time:00:00.05 | Mem:0.05M, Peak:0.05M | Scene, ViewLayer | Updating Mesh | Computing attributes
Fra:23 Mem:59.61M (Peak 143.53M) | Time:00:00.05 | Mem:0.07M, Peak:0.07M | Scene, ViewLayer | Updating Mesh | Copying Attributes to device
Fra:23 Mem:59.59M (Peak 143.53M) | Time:00:00.05 | Mem:2.10M, Peak:2.10M | Scene, ViewLayer | Updating Scene BVH | Building
Fra:23 Mem:59.59M (Peak 143.53M) | Time:00:00.05 | Mem:2.10M, Peak:2.10M | Scene, ViewLayer | Updating Scene BVH | Building BVH
Fra:23 Mem:59.59M (Peak 143.53M) | Time:00:00.05 | Mem:4.30M, Peak:4.30M | Scene, ViewLayer | Updating Scene BVH | Building BVH 0%
Fra:23 Mem:59.59M (Peak 143.53M) | Time:00:00.06 | Mem:6.93M, Peak:9.14M | Scene, ViewLayer | Updating Scene BVH | Copying BVH to device
Fra:23 Mem:59.59M (Peak 143.53M) | Time:00:00.06 | Mem:6.93M, Peak:9.14M | Scene, ViewLayer | Updating Mesh | Computing normals
Fra:23 Mem:66.39M (Peak 143.53M) | Time:00:00.06 | Mem:6.93M, Peak:9.14M | Scene, ViewLayer | Updating Mesh | Copying Mesh to device
Fra:23 Mem:66.39M (Peak 143.53M) | Time:00:00.06 | Mem:13.73M, Peak:13.73M | Scene, ViewLayer | Updating Objects Flags
Fra:23 Mem:66.39M (Peak 143.53M) | Time:00:00.06 | Mem:13.73M, Peak:13.73M | Scene, ViewLayer | Updating Primitive Offsets
Fra:23 Mem:66.39M (Peak 143.53M) | Time:00:00.06 | Mem:13.73M, Peak:13.73M | Scene, ViewLayer | Updating Images
Fra:23 Mem:66.39M (Peak 143.53M) | Time:00:00.06 | Mem:13.73M, Peak:13.73M | Scene, ViewLayer | Updating Camera Volume
Fra:23 Mem:66.39M (Peak 143.53M) | Time:00:00.06 | Mem:13.73M, Peak:13.73M | Scene, ViewLayer | Updating Lookup Tables
Fra:23 Mem:66.39M (Peak 143.53M) | Time:00:00.06 | Mem:13.81M, Peak:13.81M | Scene, ViewLayer | Updating Lights
Fra:23 Mem:66.39M (Peak 143.53M) | Time:00:00.06 | Mem:13.81M, Peak:13.81M | Scene, ViewLayer | Updating Lights | Computing tree
Fra:23 Mem:66.39M (Peak 143.53M) | Time:00:00.06 | Mem:13.81M, Peak:13.81M | Scene, ViewLayer | Updating Integrator
Fra:23 Mem:66.39M (Peak 143.53M) | Time:00:00.06 | Mem:13.81M, Peak:13.81M | Scene, ViewLayer | Updating Film
Fra:23 Mem:66.39M (Peak 143.53M) | Time:00:00.06 | Mem:13.73M, Peak:13.81M | Scene, ViewLayer | Updating Lookup Tables
Fra:23 Mem:66.39M (Peak 143.53M) | Time:00:00.06 | Mem:13.82M, Peak:13.82M | Scene, ViewLayer | Updating Baking
Fra:23 Mem:66.39M (Peak 143.53M) | Time:00:00.06 | Mem:13.82M, Peak:13.82M | Scene, ViewLayer | Updating Device | Writing constant memory
Fra:23 Mem:66.40M (Peak 143.53M) | Time:00:00.06 | Mem:13.82M, Peak:13.82M | Scene, ViewLayer | Loading denoising kernels (may take a few minutes the first time)
Fra:23 Mem:66.40M (Peak 143.53M) | Time:00:00.06 | Mem:13.82M, Peak:13.82M | Scene, ViewLayer | Sample 0/2
Fra:23 Mem:103.98M (Peak 143.53M) | Time:00:00.12 | Remaining:00:00.05 | Mem:51.39M, Peak:51.39M | Scene, ViewLayer | Sample 1/2
Fra:23 Mem:119.80M (Peak 143.53M) | Time:00:09.28 | Mem:51.39M, Peak:51.39M | Scene, ViewLayer | Sample 2/2
Fra:23 Mem:119.80M (Peak 143.53M) | Time:00:09.28 | Mem:51.39M, Peak:51.39M | Scene, ViewLayer | Finished
Append frame 23
Time: 00:09.33 (Saving: 00:00.05)

Fra:24 Mem:55.82M (Peak 143.53M) | Time:00:00.02 | Mem:0.00M, Peak:0.00M | Scene, ViewLayer | Synchronizing object | Mesh1
Fra:24 Mem:55.86M (Peak 143.53M) | Time:00:00.02 | Mem:0.00M, Peak:0.00M | Scene, ViewLayer | Synchronizing object | Mesh2
Fra:24 Mem:55.92M (Peak 143.53M) | Time:00:00.02 | Mem:0.00M, Peak:0.00M | Scene, ViewLayer | Synchronizing object | Mesh3
Fra:24 Mem:56.01M (Peak 143.53M) | Time:00:00.02 | Mem:0.00M, Peak:0.00M | Scene, ViewLayer | Synchronizing object | Mesh4
Fra:24 Mem:56.02M (Peak 143.53M) | Time:00:00.02 | Mem:0.00M, Peak:0.00M | Scene, ViewLayer | Synchronizing object | Mesh5
Fra:24 Mem:56.05M (Peak 143.53M) | Time:00:00.02 | Mem:0.00M, Peak:0.00M | Scene, ViewLayer | Synchronizing object | Mesh6
Fra:24 Mem:56.17M (Peak 143.53M) | Time:00:00.02 | Mem:0.00M, Peak:0.00M | Scene, ViewLayer | Synchronizing object | Mesh168
Fra:24 Mem:56.31M (Peak 143.53M) | Time:00:00.02 | Mem:0.00M, Peak:0.00M | Scene, ViewLayer | Synchronizing object | Mesh167
Fra:24 Mem:56.36M (Peak 143.53M) | Time:00:00.02 | Mem:0.00M, Peak:0.00M | Scene, ViewLayer | Synchronizing object | Mesh7
Fra:24 Mem:58.45M (Peak 143.53M) | Time:00:00.02 | Mem:0.00M, Peak:0.00M | Scene, ViewLayer | Synchronizing object | Mesh166
Fra:24 Mem:58.51M (Peak 143.53M) | Time:00:00.02 | Mem:0.00M, Peak:0.00M | Scene, ViewLayer | Synchronizing object | Mesh165
Fra:24 Mem:57.74M (Peak 143.53M) | Time:00:00.02 | Mem:0.00M, Peak:0.00M | Scene, ViewLayer | Synchronizing object | Mesh164
Fra:24 Mem:57.75M (Peak 143.53M) | Time:00:00.02 | Mem:0.00M, Peak:0.00M | Scene, ViewLayer | Synchronizing object | Mesh163
Fra:24 Mem:57.84M (Peak 143.53M) | Time:00:00.02 | Mem:0.00M, Peak:0.00M | Scene, ViewLayer | Synchronizing object | Mesh162
Fra:24 Mem:57.66M (Peak 143.53M) | Time:00:00.02 | Mem:0.00M, Peak:0.00M | Scene, ViewLayer | Synchronizing object | Mesh8
Fra:24 Mem:57.84M (Peak 143.53M) | Time:00:00.02 | Mem:0.00M, Peak:0.00M | Scene, ViewLayer | Synchronizing object | Mesh9
Fra:24 Mem:57.79M (Peak 143.53M) | Time:00:00.02 | Mem:0.00M, Peak:0.00M | Scene, ViewLayer | Synchronizing object | Mesh161
Fra:24 Mem:57.82M (Peak 143.53M) | Time:00:00.02 | Mem:0.00M, Peak:0.00M | Scene, ViewLayer | Synchronizing object | Mesh10
Fra:24 Mem:57.88M (Peak 143.53M) | Time:00:00.02 | Mem:0.00M, Peak:0.00M | Scene, ViewLayer | Synchronizing object | Mesh160
Fra:24 Mem:57.91M (Peak 143.53M) | Time:00:00.02 | Mem:0.00M, Peak:0.00M | Scene, ViewLayer | Synchronizing object | Mesh159
Fra:24 Mem:57.91M (Peak 143.53M) | Time:00:00.02 | Mem:0.00M, Peak:0.00M | Scene, ViewLayer | Synchronizing object | Mesh11
Fra:24 Mem:58.06M (Peak 143.53M) | Time:00:00.02 | Mem:0.00M, Peak:0.00M | Scene, ViewLayer | Synchronizing object | Mesh12
Fra:24 Mem:58.18M (Peak 143.53M) | Time:00:00.02 | Mem:0.00M, Peak:0.00M | Scene, ViewLayer | Synchronizing object | Mesh13
Fra:24 Mem:58.21M (Peak 143.53M) | Time:00:00.02 | Mem:0.00M, Peak:0.00M | Scene, ViewLayer | Synchronizing object | Mesh14
Fra:24 Mem:58.43M (Peak 143.53M) | Time:00:00.02 | Mem:0.00M, Peak:0.00M | Scene, ViewLayer | Synchronizing object | Mesh15
Fra:24 Mem:59.56M (Peak 143.53M) | Time:00:00.03 | Mem:0.00M, Peak:0.00M | Scene, ViewLayer | Synchronizing object | Mesh16
Fra:24 Mem:59.38M (Peak 143.53M) | Time:00:00.03 | Mem:0.00M, Peak:0.00M | Scene, ViewLayer | Synchronizing object | Mesh158
Fra:24 Mem:59.56M (Peak 143.53M) | Time:00:00.03 | Mem:0.00M, Peak:0.00M | Scene, ViewLayer | Synchronizing object | Mesh17
Fra:24 Mem:59.66M (Peak 143.53M) | Time:00:00.03 | Mem:0.00M, Peak:0.00M | Scene, ViewLayer | Synchronizing object | Mesh18
Fra:24 Mem:59.71M (Peak 143.53M) | Time:00:00.03 | Mem:0.00M, Peak:0.00M | Scene, ViewLayer | Synchronizing object | Mesh19
Fra:24 Mem:59.71M (Peak 143.53M) | Time:00:00.03 | Mem:0.00M, Peak:0.00M | Scene, ViewLayer | Synchronizing object | Mesh20
Fra:24 Mem:59.66M (Peak 143.53M) | Time:00:00.03 | Mem:0.00M, Peak:0.00M | Scene, ViewLayer | Synchronizing object | Mesh157
Fra:24 Mem:59.67M (Peak 143.53M) | Time:00:00.03 | Mem:0.00M, Peak:0.00M | Scene, ViewLayer | Synchronizing object | Mesh21
Fra:24 Mem:59.67M (Peak 143.53M) | Time:00:00.03 | Mem:0.00M, Peak:0.00M | Scene, ViewLayer | Synchronizing object | Mesh156
Fra:24 Mem:59.69M (Peak 143.53M) | Time:00:00.03 | Mem:0.00M, Peak:0.00M | Scene, ViewLayer | Synchronizing object | Mesh155
Fra:24 Mem:59.69M (Peak 143.53M) | Time:00:00.03 | Mem:0.00M, Peak:0.00M | Scene, ViewLayer | Synchronizing object | Mesh22
Fra:24 Mem:59.84M (Peak 143.53M) | Time:00:00.03 | Mem:0.00M, Peak:0.00M | Scene, ViewLayer | Synchronizing object | Mesh154
Fra:24 Mem:59.95M (Peak 143.53M) | Time:00:00.03 | Mem:0.00M, Peak:0.00M | Scene, ViewLayer | Synchronizing object | Mesh23
Fra:24 Mem:59.93M (Peak 143.53M) | Time:00:00.03 | Mem:0.00M, Peak:0.00M | Scene, ViewLayer | Synchronizing object | Mesh24
Fra:24 Mem:59.92M (Peak 143.53M) | Time:00:00.03 | Mem:0.00M, Peak:0.00M | Scene, ViewLayer | Synchronizing object | Mesh153
Fra:24 Mem:59.96M (Peak 143.53M) | Time:00:00.03 | Mem:0.00M, Peak:0.00M | Scene, ViewLayer | Synchronizing object | Mesh25
Fra:24 Mem:60.05M (Peak 143.53M) | Time:00:00.03 | Mem:0.00M, Peak:0.00M | Scene, ViewLayer | Synchronizing object | Mesh152
Fra:24 Mem:60.12M (Peak 143.53M) | Time:00:00.03 | Mem:0.00M, Peak:0.00M | Scene, ViewLayer | Synchronizing object | Mesh151
Fra:24 Mem:60.13M (Peak 143.53M) | Time:00:00.03 | Mem:0.00M, Peak:0.00M | Scene, ViewLayer | Synchronizing object | Mesh150
Fra:24 Mem:60.15M (Peak 143.53M) | Time:00:00.03 | Mem:0.00M, Peak:0.00M | Scene, ViewLayer | Synchronizing object | Mesh149
Fra:24 Mem:60.15M (Peak 143.53M) | Time:00:00.03 | Mem:0.00M, Peak:0.00M | Scene, ViewLayer | Synchronizing object | Mesh148
Fra:24 Mem:60.10M (Peak 143.53M) | Time:00:00.03 | Mem:0.00M, Peak:0.00M | Scene, ViewLayer | Synchronizing object | Mesh26
Fra:24 Mem:60.17M (Peak 143.53M) | Time:00:00.03 | Mem:0.00M, Peak:0.00M | Scene, ViewLayer | Synchronizing object | Mesh27
Fra:24 Mem:60.15M (Peak 143.53M) | Time:00:00.03 | Mem:0.00M, Peak:0.00M | Scene, ViewLayer | Synchronizing object | Mesh147
Fra:24 Mem:60.14M (Peak 143.53M) | Time:00:00.03 | Mem:0.00M, Peak:0.00M | Scene, ViewLayer | Synchronizing object | Mesh28
Fra:24 Mem:60.16M (Peak 143.53M) | Time:00:00.03 | Mem:0.00M, Peak:0.00M | Scene, ViewLayer | Synchronizing object | Mesh29
Fra:24 Mem:60.19M (Peak 143.53M) | Time:00:00.03 | Mem:0.00M, Peak:0.00M | Scene, ViewLayer | Synchronizing object | Mesh30
Fra:24 Mem:60.24M (Peak 143.53M) | Time:00:00.03 | Mem:0.00M, Peak:0.00M | Scene, ViewLayer | Synchronizing object | Mesh146
Fra:24 Mem:60.26M (Peak 143.53M) | Time:00:00.03 | Mem:0.00M, Peak:0.00M | Scene, ViewLayer | Synchronizing object | Mesh145
Fra:24 Mem:60.24M (Peak 143.53M) | Time:00:00.03 | Mem:0.00M, Peak:0.00M | Scene, ViewLayer | Synchronizing object | Mesh31
Fra:24 Mem:60.32M (Peak 143.53M) | Time:00:00.03 | Mem:0.00M, Peak:0.00M | Scene, ViewLayer | Synchronizing object | Mesh144
Fra:24 Mem:60.34M (Peak 143.53M) | Time:00:00.03 | Mem:0.00M, Peak:0.00M | Scene, ViewLayer | Synchronizing object | Mesh143
Fra:24 Mem:60.33M (Peak 143.53M) | Time:00:00.03 | Mem:0.00M, Peak:0.00M | Scene, ViewLayer | Synchronizing object | Mesh32
Fra:24 Mem:60.36M (Peak 143.53M) | Time:00:00.03 | Mem:0.00M, Peak:0.00M | Scene, ViewLayer | Synchronizing object | Mesh142
Fra:24 Mem:60.36M (Peak 143.53M) | Time:00:00.03 | Mem:0.00M, Peak:0.00M | Scene, ViewLayer | Synchronizing object | Mesh33
Fra:24 Mem:60.40M (Peak 143.53M) | Time:00:00.03 | Mem:0.00M, Peak:0.00M | Scene, ViewLayer | Synchronizing object | Mesh34
Fra:24 Mem:60.44M (Peak 143.53M) | Time:00:00.03 | Mem:0.00M, Peak:0.00M | Scene, ViewLayer | Synchronizing object | Mesh35
Fra:24 Mem:60.49M (Peak 143.53M) | Time:00:00.03 | Mem:0.00M, Peak:0.00M | Scene, ViewLayer | Synchronizing object | Mesh36
Fra:24 Mem:60.47M (Peak 143.53M) | Time:00:00.03 | Mem:0.00M, Peak:0.00M | Scene, ViewLayer | Synchronizing object | Mesh141
Fra:24 Mem:60.67M (Peak 143.53M) | Time:00:00.03 | Mem:0.00M, Peak:0.00M | Scene, ViewLayer | Synchronizing object | Mesh140
Fra:24 Mem:60.59M (Peak 143.53M) | Time:00:00.03 | Mem:0.00M, Peak:0.00M | Scene, ViewLayer | Synchronizing object | Mesh37
Fra:24 Mem:60.65M (Peak 143.53M) | Time:00:00.03 | Mem:0.00M, Peak:0.00M | Scene, ViewLayer | Synchronizing object | Mesh38
Fra:24 Mem:60.65M (Peak 143.53M) | Time:00:00.03 | Mem:0.00M, Peak:0.00M | Scene, ViewLayer | Synchronizing object | Mesh39
Fra:24 Mem:60.69M (Peak 143.53M) | Time:00:00.03 | Mem:0.00M, Peak:0.00M | Scene, ViewLayer | Synchronizing object | Mesh40
Fra:24 Mem:60.70M (Peak 143.53M) | Time:00:00.03 | Mem:0.00M, Peak:0.00M | Scene, ViewLayer | Synchronizing object | Mesh41
Fra:24 Mem:60.76M (Peak 143.53M) | Time:00:00.03 | Mem:0.00M, Peak:0.00M | Scene, ViewLayer | Synchronizing object | Mesh42
Fra:24 Mem:60.86M (Peak 143.53M) | Time:00:00.03 | Mem:0.00M, Peak:0.00M | Scene, ViewLayer | Synchronizing object | Mesh43
Fra:24 Mem:60.89M (Peak 143.53M) | Time:00:00.03 | Mem:0.00M, Peak:0.00M | Scene, ViewLayer | Synchronizing object | Mesh44
Fra:24 Mem:60.91M (Peak 143.53M) | Time:00:00.03 | Mem:0.00M, Peak:0.00M | Scene, ViewLayer | Synchronizing object | Mesh45
Fra:24 Mem:60.91M (Peak 143.53M) | Time:00:00.03 | Mem:0.00M, Peak:0.00M | Scene, ViewLayer | Synchronizing object | Mesh46
Fra:24 Mem:60.92M (Peak 143.53M) | Time:00:00.03 | Mem:0.00M, Peak:0.00M | Scene, ViewLayer | Synchronizing object | Mesh47
Fra:24 Mem:60.93M (Peak 143.53M) | Time:00:00.03 | Mem:0.00M, Peak:0.00M | Scene, ViewLayer | Synchronizing object | Mesh48
Fra:24 Mem:60.97M (Peak 143.53M) | Time:00:00.03 | Mem:0.00M, Peak:0.00M | Scene, ViewLayer | Synchronizing object | Mesh49
Fra:24 Mem:61.01M (Peak 143.53M) | Time:00:00.03 | Mem:0.00M, Peak:0.00M | Scene, ViewLayer | Synchronizing object | Mesh50
Fra:24 Mem:61.02M (Peak 143.53M) | Time:00:00.03 | Mem:0.00M, Peak:0.00M | Scene, ViewLayer | Synchronizing object | Mesh51
Fra:24 Mem:61.02M (Peak 143.53M) | Time:00:00.03 | Mem:0.00M, Peak:0.00M | Scene, ViewLayer | Synchronizing object | Mesh52
Fra:24 Mem:61.04M (Peak 143.53M) | Time:00:00.03 | Mem:0.00M, Peak:0.00M | Scene, ViewLayer | Synchronizing object | Mesh53
Fra:24 Mem:61.04M (Peak 143.53M) | Time:00:00.03 | Mem:0.00M, Peak:0.00M | Scene, ViewLayer | Synchronizing object | Mesh54
Fra:24 Mem:61.06M (Peak 143.53M) | Time:00:00.03 | Mem:0.00M, Peak:0.00M | Scene, ViewLayer | Synchronizing object | Mesh55
Fra:24 Mem:61.08M (Peak 143.53M) | Time:00:00.03 | Mem:0.00M, Peak:0.00M | Scene, ViewLayer | Synchronizing object | Mesh56
Fra:24 Mem:61.08M (Peak 143.53M) | Time:00:00.03 | Mem:0.00M, Peak:0.00M | Scene, ViewLayer | Synchronizing object | Mesh57
Fra:24 Mem:61.28M (Peak 143.53M) | Time:00:00.03 | Mem:0.00M, Peak:0.00M | Scene, ViewLayer | Synchronizing object | Mesh58
Fra:24 Mem:61.27M (Peak 143.53M) | Time:00:00.03 | Mem:0.00M, Peak:0.00M | Scene, ViewLayer | Synchronizing object | Mesh139
Fra:24 Mem:61.28M (Peak 143.53M) | Time:00:00.03 | Mem:0.00M, Peak:0.00M | Scene, ViewLayer | Synchronizing object | Mesh138
Fra:24 Mem:61.25M (Peak 143.53M) | Time:00:00.03 | Mem:0.00M, Peak:0.00M | Scene, ViewLayer | Synchronizing object | Mesh59
Fra:24 Mem:61.35M (Peak 143.53M) | Time:00:00.03 | Mem:0.00M, Peak:0.00M | Scene, ViewLayer | Synchronizing object | Mesh60
Fra:24 Mem:61.32M (Peak 143.53M) | Time:00:00.03 | Mem:0.00M, Peak:0.00M | Scene, ViewLayer | Synchronizing object | Mesh137
Fra:24 Mem:61.52M (Peak 143.53M) | Time:00:00.03 | Mem:0.00M, Peak:0.00M | Scene, ViewLayer | Synchronizing object | Mesh61
Fra:24 Mem:61.82M (Peak 143.53M) | Time:00:00.03 | Mem:0.00M, Peak:0.00M | Scene, ViewLayer | Synchronizing object | Mesh136
Fra:24 Mem:61.82M (Peak 143.53M) | Time:00:00.03 | Mem:0.00M, Peak:0.00M | Scene, ViewLayer | Synchronizing object | Mesh135
Fra:24 Mem:61.71M (Peak 143.53M) | Time:00:00.03 | Mem:0.00M, Peak:0.00M | Scene, ViewLayer | Synchronizing object | Mesh134
Fra:24 Mem:61.67M (Peak 143.53M) | Time:00:00.03 | Mem:0.00M, Peak:0.00M | Scene, ViewLayer | Synchronizing object | Mesh62
Fra:24 Mem:61.71M (Peak 143.53M) | Time:00:00.03 | Mem:0.00M, Peak:0.00M | Scene, ViewLayer | Synchronizing object | Mesh133
Fra:24 Mem:61.72M (Peak 143.53M) | Time:00:00.03 | Mem:0.00M, Peak:0.00M | Scene, ViewLayer | Synchronizing object | Mesh63
Fra:24 Mem:61.74M (Peak 143.53M) | Time:00:00.03 | Mem:0.00M, Peak:0.00M | Scene, ViewLayer | Synchronizing object | Mesh132
Fra:24 Mem:61.77M (Peak 143.53M) | Time:00:00.03 | Mem:0.00M, Peak:0.00M | Scene, ViewLayer | Synchronizing object | Mesh64
Fra:24 Mem:61.88M (Peak 143.53M) | Time:00:00.03 | Mem:0.00M, Peak:0.00M | Scene, ViewLayer | Synchronizing object | Mesh65
Fra:24 Mem:61.97M (Peak 143.53M) | Time:00:00.03 | Mem:0.00M, Peak:0.00M | Scene, ViewLayer | Synchronizing object | Mesh66
Fra:24 Mem:61.97M (Peak 143.53M) | Time:00:00.03 | Mem:0.00M, Peak:0.00M | Scene, ViewLayer | Synchronizing object | Mesh67
Fra:24 Mem:61.94M (Peak 143.53M) | Time:00:00.03 | Mem:0.00M, Peak:0.00M | Scene, ViewLayer | Synchronizing object | Mesh131
Fra:24 Mem:61.98M (Peak 143.53M) | Time:00:00.03 | Mem:0.00M, Peak:0.00M | Scene, ViewLayer | Synchronizing object | Mesh130
Fra:24 Mem:62.06M (Peak 143.53M) | Time:00:00.03 | Mem:0.00M, Peak:0.00M | Scene, ViewLayer | Synchronizing object | Mesh129
Fra:24 Mem:62.12M (Peak 143.53M) | Time:00:00.03 | Mem:0.00M, Peak:0.00M | Scene, ViewLayer | Synchronizing object | Mesh128
Fra:24 Mem:62.14M (Peak 143.53M) | Time:00:00.03 | Mem:0.00M, Peak:0.00M | Scene, ViewLayer | Synchronizing object | Mesh127
Fra:24 Mem:62.15M (Peak 143.53M) | Time:00:00.03 | Mem:0.00M, Peak:0.00M | Scene, ViewLayer | Synchronizing object | Mesh126
Fra:24 Mem:62.18M (Peak 143.53M) | Time:00:00.03 | Mem:0.00M, Peak:0.00M | Scene, ViewLayer | Synchronizing object | Mesh125
Fra:24 Mem:62.12M (Peak 143.53M) | Time:00:00.04 | Mem:0.00M, Peak:0.00M | Scene, ViewLayer | Synchronizing object | Mesh68
Fra:24 Mem:62.17M (Peak 143.53M) | Time:00:00.04 | Mem:0.00M, Peak:0.00M | Scene, ViewLayer | Synchronizing object | Mesh69
Fra:24 Mem:62.38M (Peak 143.53M) | Time:00:00.04 | Mem:0.00M, Peak:0.00M | Scene, ViewLayer | Synchronizing object | Mesh70
Fra:24 Mem:62.58M (Peak 143.53M) | Time:00:00.04 | Mem:0.00M, Peak:0.00M | Scene, ViewLayer | Synchronizing object | Mesh71
Fra:24 Mem:62.61M (Peak 143.53M) | Time:00:00.04 | Mem:0.00M, Peak:0.00M | Scene, ViewLayer | Synchronizing object | Mesh124
Fra:24 Mem:62.58M (Peak 143.53M) | Time:00:00.04 | Mem:0.00M, Peak:0.00M | Scene, ViewLayer | Synchronizing object | Mesh72
Fra:24 Mem:62.58M (Peak 143.53M) | Time:00:00.04 | Mem:0.00M, Peak:0.00M | Scene, ViewLayer | Synchronizing object | Mesh123
Fra:24 Mem:62.60M (Peak 143.53M) | Time:00:00.04 | Mem:0.00M, Peak:0.00M | Scene, ViewLayer | Synchronizing object | Mesh122
Fra:24 Mem:62.66M (Peak 143.53M) | Time:00:00.04 | Mem:0.00M, Peak:0.00M | Scene, ViewLayer | Synchronizing object | Mesh121
Fra:24 Mem:62.74M (Peak 143.53M) | Time:00:00.04 | Mem:0.00M, Peak:0.00M | Scene, ViewLayer | Synchronizing object | Mesh120
Fra:24 Mem:62.81M (Peak 143.53M) | Time:00:00.04 | Mem:0.00M, Peak:0.00M | Scene, ViewLayer | Synchronizing object | Mesh119
Fra:24 Mem:62.95M (Peak 143.53M) | Time:00:00.04 | Mem:0.00M, Peak:0.00M | Scene, ViewLayer | Synchronizing object | Mesh73
Fra:24 Mem:62.98M (Peak 143.53M) | Time:00:00.04 | Mem:0.00M, Peak:0.00M | Scene, ViewLayer | Synchronizing object | Mesh74
Fra:24 Mem:62.98M (Peak 143.53M) | Time:00:00.04 | Mem:0.00M, Peak:0.00M | Scene, ViewLayer | Synchronizing object | Mesh75
Fra:24 Mem:62.99M (Peak 143.53M) | Time:00:00.04 | Mem:0.00M, Peak:0.00M | Scene, ViewLayer | Synchronizing object | Mesh76
Fra:24 Mem:63.04M (Peak 143.53M) | Time:00:00.04 | Mem:0.00M, Peak:0.00M | Scene, ViewLayer | Synchronizing object | Mesh77
Fra:24 Mem:63.08M (Peak 143.53M) | Time:00:00.04 | Mem:0.00M, Peak:0.00M | Scene, ViewLayer | Synchronizing object | Mesh78
Fra:24 Mem:63.08M (Peak 143.53M) | Time:00:00.04 | Mem:0.00M, Peak:0.00M | Scene, ViewLayer | Synchronizing object | Mesh79
Fra:24 Mem:63.11M (Peak 143.53M) | Time:00:00.04 | Mem:0.00M, Peak:0.00M | Scene, ViewLayer | Synchronizing object | Mesh80
Fra:24 Mem:63.11M (Peak 143.53M) | Time:00:00.04 | Mem:0.00M, Peak:0.00M | Scene, ViewLayer | Synchronizing object | Mesh81
Fra:24 Mem:63.09M (Peak 143.53M) | Time:00:00.04 | Mem:0.00M, Peak:0.00M | Scene, ViewLayer | Synchronizing object | Mesh118
Fra:24 Mem:63.11M (Peak 143.53M) | Time:00:00.04 | Mem:0.00M, Peak:0.00M | Scene, ViewLayer | Synchronizing object | Mesh117
Fra:24 Mem:63.40M (Peak 143.53M) | Time:00:00.04 | Mem:0.00M, Peak:0.00M | Scene, ViewLayer | Synchronizing object | Mesh116
Fra:24 Mem:63.41M (Peak 143.53M) | Time:00:00.04 | Mem:0.00M, Peak:0.00M | Scene, ViewLayer | Synchronizing object | Mesh115
Fra:24 Mem:63.87M (Peak 143.53M) | Time:00:00.04 | Mem:0.00M, Peak:0.00M | Scene, ViewLayer | Synchronizing object | Mesh114
Fra:24 Mem:63.90M (Peak 143.53M) | Time:00:00.04 | Mem:0.00M, Peak:0.00M | Scene, ViewLayer | Synchronizing object | Mesh113
Fra:24 Mem:63.88M (Peak 143.53M) | Time:00:00.04 | Mem:0.00M, Peak:0.00M | Scene, ViewLayer | Synchronizing object | Mesh112
Fra:24 Mem:63.69M (Peak 143.53M) | Time:00:00.04 | Mem:0.00M, Peak:0.00M | Scene, ViewLayer | Synchronizing object | Mesh82
Fra:24 Mem:63.67M (Peak 143.53M) | Time:00:00.04 | Mem:0.00M, Peak:0.00M | Scene, ViewLayer | Synchronizing object | Mesh111
Fra:24 Mem:63.80M (Peak 143.53M) | Time:00:00.04 | Mem:0.00M, Peak:0.00M | Scene, ViewLayer | Synchronizing object | Mesh83
Fra:24 Mem:63.98M (Peak 143.53M) | Time:00:00.04 | Mem:0.00M, Peak:0.00M | Scene, ViewLayer | Synchronizing object | Mesh84
Fra:24 Mem:64.07M (Peak 143.53M) | Time:00:00.04 | Mem:0.00M, Peak:0.00M | Scene, ViewLayer | Synchronizing object | Mesh110
Fra:24 Mem:64.05M (Peak 143.53M) | Time:00:00.04 | Mem:0.00M, Peak:0.00M | Scene, ViewLayer | Synchronizing object | Mesh85
Fra:24 Mem:64.23M (Peak 143.53M) | Time:00:00.04 | Mem:0.00M, Peak:0.00M | Scene, ViewLayer | Synchronizing object | Mesh86
Fra:24 Mem:64.31M (Peak 143.53M) | Time:00:00.04 | Mem:0.00M, Peak:0.00M | Scene, ViewLayer | Synchronizing object | Mesh87
Fra:24 Mem:64.32M (Peak 143.53M) | Time:00:00.04 | Mem:0.00M, Peak:0.00M | Scene, ViewLayer | Synchronizing object | Mesh88
Fra:24 Mem:64.32M (Peak 143.53M) | Time:00:00.04 | Mem:0.00M, Peak:0.00M | Scene, ViewLayer | Synchronizing object | Mesh89
Fra:24 Mem:64.33M (Peak 143.53M) | Time:00:00.04 | Mem:0.00M, Peak:0.00M | Scene, ViewLayer | Synchronizing object | Mesh90
Fra:24 Mem:64.33M (Peak 143.53M) | Time:00:00.04 | Mem:0.00M, Peak:0.00M | Scene, ViewLayer | Synchronizing object | Mesh91
Fra:24 Mem:64.34M (Peak 143.53M) | Time:00:00.04 | Mem:0.00M, Peak:0.00M | Scene, ViewLayer | Synchronizing object | Mesh92
Fra:24 Mem:64.36M (Peak 143.53M) | Time:00:00.04 | Mem:0.00M, Peak:0.00M | Scene, ViewLayer | Synchronizing object | Mesh93
Fra:24 Mem:64.38M (Peak 143.53M) | Time:00:00.04 | Mem:0.00M, Peak:0.00M | Scene, ViewLayer | Synchronizing object | Mesh94
Fra:24 Mem:64.39M (Peak 143.53M) | Time:00:00.04 | Mem:0.00M, Peak:0.00M | Scene, ViewLayer | Synchronizing object | Mesh95
Fra:24 Mem:64.45M (Peak 143.53M) | Time:00:00.04 | Mem:0.00M, Peak:0.00M | Scene, ViewLayer | Synchronizing object | Mesh96
Fra:24 Mem:64.61M (Peak 143.53M) | Time:00:00.04 | Mem:0.00M, Peak:0.00M | Scene, ViewLayer | Synchronizing object | Mesh109
Fra:24 Mem:64.53M (Peak 143.53M) | Time:00:00.04 | Mem:0.00M, Peak:0.00M | Scene, ViewLayer | Synchronizing object | Mesh108
Fra:24 Mem:64.52M (Peak 143.53M) | Time:00:00.04 | Mem:0.00M, Peak:0.00M | Scene, ViewLayer | Synchronizing object | Mesh97
Fra:24 Mem:64.56M (Peak 143.53M) | Time:00:00.04 | Mem:0.00M, Peak:0.00M | Scene, ViewLayer | Synchronizing object | Mesh98
Fra:24 Mem:64.61M (Peak 143.53M) | Time:00:00.04 | Mem:0.00M, Peak:0.00M | Scene, ViewLayer | Synchronizing object | Mesh107
Fra:24 Mem:64.60M (Peak 143.53M) | Time:00:00.04 | Mem:0.00M, Peak:0.00M | Scene, ViewLayer | Synchronizing object | Mesh99
Fra:24 Mem:64.65M (Peak 143.53M) | Time:00:00.04 | Mem:0.00M, Peak:0.00M | Scene, ViewLayer | Synchronizing object | Mesh106
Fra:24 Mem:64.89M (Peak 143.53M) | Time:00:00.04 | Mem:0.00M, Peak:0.00M | Scene, ViewLayer | Synchronizing object | Mesh100
Fra:24 Mem:65.27M (Peak 143.53M) | Time:00:00.05 | Mem:0.00M, Peak:0.00M | Scene, ViewLayer | Synchronizing object | Mesh101
Fra:24 Mem:65.31M (Peak 143.53M) | Time:00:00.05 | Mem:0.00M, Peak:0.00M | Scene, ViewLayer | Synchronizing object | Mesh102
Fra:24 Mem:65.31M (Peak 143.53M) | Time:00:00.05 | Mem:0.00M, Peak:0.00M | Scene, ViewLayer | Synchronizing object | Mesh103
Fra:24 Mem:65.34M (Peak 143.53M) | Time:00:00.05 | Mem:0.00M, Peak:0.00M | Scene, ViewLayer | Synchronizing object | Mesh104
Fra:24 Mem:65.35M (Peak 143.53M) | Time:00:00.05 | Mem:0.00M, Peak:0.00M | Scene, ViewLayer | Synchronizing object | Mesh105
Fra:24 Mem:65.14M (Peak 143.53M) | Time:00:00.05 | Mem:0.00M, Peak:0.00M | Scene, ViewLayer | Initializing
Fra:24 Mem:56.30M (Peak 143.53M) | Time:00:00.05 | Mem:0.00M, Peak:0.00M | Scene, ViewLayer | Waiting for render to start
Fra:24 Mem:56.31M (Peak 143.53M) | Time:00:00.05 | Mem:0.00M, Peak:0.00M | Scene, ViewLayer | Loading render kernels (may take a few minutes the first time)
Fra:24 Mem:56.31M (Peak 143.53M) | Time:00:00.05 | Mem:0.00M, Peak:0.00M | Scene, ViewLayer | Updating Scene
Fra:24 Mem:56.31M (Peak 143.53M) | Time:00:00.05 | Mem:0.00M, Peak:0.00M | Scene, ViewLayer | Updating Shaders
Fra:24 Mem:56.40M (Peak 143.53M) | Time:00:00.06 | Mem:0.02M, Peak:0.02M | Scene, ViewLayer | Updating Procedurals
Fra:24 Mem:56.40M (Peak 143.53M) | Time:00:00.06 | Mem:0.02M, Peak:0.02M | Scene, ViewLayer | Updating Background
Fra:24 Mem:56.40M (Peak 143.53M) | Time:00:00.06 | Mem:0.02M, Peak:0.02M | Scene, ViewLayer | Updating Camera
Fra:24 Mem:56.40M (Peak 143.53M) | Time:00:00.06 | Mem:0.02M, Peak:0.02M | Scene, ViewLayer | Updating Meshes Flags
Fra:24 Mem:56.40M (Peak 143.53M) | Time:00:00.06 | Mem:0.02M, Peak:0.02M | Scene, ViewLayer | Updating Objects
Fra:24 Mem:56.40M (Peak 143.53M) | Time:00:00.06 | Mem:0.02M, Peak:0.02M | Scene, ViewLayer | Updating Objects | Copying Transformations to device
Fra:24 Mem:56.44M (Peak 143.53M) | Time:00:00.06 | Mem:0.05M, Peak:0.05M | Scene, ViewLayer | Updating Objects | Applying Static Transformations
Fra:24 Mem:56.44M (Peak 143.53M) | Time:00:00.06 | Mem:0.05M, Peak:0.05M | Scene, ViewLayer | Updating Particle Systems
Fra:24 Mem:56.44M (Peak 143.53M) | Time:00:00.06 | Mem:0.05M, Peak:0.05M | Scene, ViewLayer | Updating Particle Systems | Copying Particles to device
Fra:24 Mem:56.44M (Peak 143.53M) | Time:00:00.06 | Mem:0.05M, Peak:0.05M | Scene, ViewLayer | Updating Meshes
Fra:24 Mem:57.55M (Peak 143.53M) | Time:00:00.06 | Mem:0.05M, Peak:0.05M | Scene, ViewLayer | Updating Mesh | Computing attributes
Fra:24 Mem:59.61M (Peak 143.53M) | Time:00:00.06 | Mem:0.07M, Peak:0.07M | Scene, ViewLayer | Updating Mesh | Copying Attributes to device
Fra:24 Mem:59.59M (Peak 143.53M) | Time:00:00.06 | Mem:2.10M, Peak:2.10M | Scene, ViewLayer | Updating Scene BVH | Building
Fra:24 Mem:59.59M (Peak 143.53M) | Time:00:00.06 | Mem:2.10M, Peak:2.10M | Scene, ViewLayer | Updating Scene BVH | Building BVH
Fra:24 Mem:59.59M (Peak 143.53M) | Time:00:00.06 | Mem:4.30M, Peak:4.30M | Scene, ViewLayer | Updating Scene BVH | Building BVH 0%
Fra:24 Mem:59.59M (Peak 143.53M) | Time:00:00.07 | Mem:6.93M, Peak:9.14M | Scene, ViewLayer | Updating Scene BVH | Copying BVH to device
Fra:24 Mem:59.59M (Peak 143.53M) | Time:00:00.07 | Mem:6.93M, Peak:9.14M | Scene, ViewLayer | Updating Mesh | Computing normals
Fra:24 Mem:66.39M (Peak 143.53M) | Time:00:00.07 | Mem:6.93M, Peak:9.14M | Scene, ViewLayer | Updating Mesh | Copying Mesh to device
Fra:24 Mem:66.39M (Peak 143.53M) | Time:00:00.08 | Mem:13.73M, Peak:13.73M | Scene, ViewLayer | Updating Objects Flags
Fra:24 Mem:66.39M (Peak 143.53M) | Time:00:00.08 | Mem:13.73M, Peak:13.73M | Scene, ViewLayer | Updating Primitive Offsets
Fra:24 Mem:66.39M (Peak 143.53M) | Time:00:00.08 | Mem:13.73M, Peak:13.73M | Scene, ViewLayer | Updating Images
Fra:24 Mem:66.39M (Peak 143.53M) | Time:00:00.08 | Mem:13.73M, Peak:13.73M | Scene, ViewLayer | Updating Camera Volume
Fra:24 Mem:66.39M (Peak 143.53M) | Time:00:00.08 | Mem:13.73M, Peak:13.73M | Scene, ViewLayer | Updating Lookup Tables
Fra:24 Mem:66.39M (Peak 143.53M) | Time:00:00.08 | Mem:13.81M, Peak:13.81M | Scene, ViewLayer | Updating Lights
Fra:24 Mem:66.39M (Peak 143.53M) | Time:00:00.08 | Mem:13.81M, Peak:13.81M | Scene, ViewLayer | Updating Lights | Computing tree
Fra:24 Mem:66.39M (Peak 143.53M) | Time:00:00.08 | Mem:13.81M, Peak:13.81M | Scene, ViewLayer | Updating Integrator
Fra:24 Mem:66.39M (Peak 143.53M) | Time:00:00.08 | Mem:13.81M, Peak:13.81M | Scene, ViewLayer | Updating Film
Fra:24 Mem:66.39M (Peak 143.53M) | Time:00:00.08 | Mem:13.73M, Peak:13.81M | Scene, ViewLayer | Updating Lookup Tables
Fra:24 Mem:66.39M (Peak 143.53M) | Time:00:00.08 | Mem:13.82M, Peak:13.82M | Scene, ViewLayer | Updating Baking
Fra:24 Mem:66.39M (Peak 143.53M) | Time:00:00.08 | Mem:13.82M, Peak:13.82M | Scene, ViewLayer | Updating Device | Writing constant memory
Fra:24 Mem:66.40M (Peak 143.53M) | Time:00:00.08 | Mem:13.82M, Peak:13.82M | Scene, ViewLayer | Loading denoising kernels (may take a few minutes the first time)
Fra:24 Mem:66.40M (Peak 143.53M) | Time:00:00.08 | Mem:13.82M, Peak:13.82M | Scene, ViewLayer | Sample 0/2
Fra:24 Mem:103.98M (Peak 143.53M) | Time:00:00.13 | Remaining:00:00.05 | Mem:51.39M, Peak:51.39M | Scene, ViewLayer | Sample 1/2
Fra:24 Mem:119.80M (Peak 143.53M) | Time:00:09.27 | Mem:51.39M, Peak:51.39M | Scene, ViewLayer | Sample 2/2
Fra:24 Mem:119.80M (Peak 143.53M) | Time:00:09.27 | Mem:51.39M, Peak:51.39M | Scene, ViewLayer | Finished
Append frame 24
Time: 00:09.32 (Saving: 00:00.05)

Vynara Runner: Executing Track 2 [Live Blender-First Scene & Animation]
Calling Gemini API live from Blender using model: gemini-3.5-flash-lite
Gemini API Live Call Warning: The read operation timed out
Injecting dynamic camera orbit animation (24 frames @ 30 fps)...
INFO Draco mesh compression is available, use library at /opt/blender/4.2/python/lib/python3.11/site-packages/libextern_draco.so

SUCCESS: 3D Scene exported to output/model.glb
SUCCESS: Preview snapshot complete: output/render.png
Active Animation: Rendering 24 frames to cinematic.mp4...
SUCCESS: Dynamic MP4 video rendered: output/cinematic.mp4

Blender quit
